mp4,frame_idx,person_idx,bbox_conf,nose_x_norm,nose_y_norm,left_eye_x_norm,left_eye_y_norm,right_eye_x_norm,right_eye_y_norm,left_ear_x_norm,left_ear_y_norm,right_ear_x_norm,right_ear_y_norm,left_shoulder_x_norm,left_shoulder_y_norm,right_shoulder_x_norm,right_shoulder_y_norm,left_elbow_x_norm,left_elbow_y_norm,right_elbow_x_norm,right_elbow_y_norm,left_wrist_x_norm,left_wrist_y_norm,right_wrist_x_norm,right_wrist_y_norm,left_hip_x_norm,left_hip_y_norm,right_hip_x_norm,right_hip_y_norm,left_knee_x_norm,left_knee_y_norm,right_knee_x_norm,right_knee_y_norm,left_ankle_x_norm,left_ankle_y_norm,right_ankle_x_norm,right_ankle_y_norm,bbox_center_x_norm,bbox_center_y_norm,bbox_width_norm,bbox_height_norm,bbox_aspect_ratio,pose_confidence_mean,visible_joint_ratio,torso_angle_deg,shoulder_tilt_deg,hip_tilt_deg,left_knee_angle_deg,right_knee_angle_deg,left_hip_angle_deg,right_hip_angle_deg,center_velocity_px_s,vertical_velocity_px_s,head_hip_y_diff,torso_angle_delta,_action_type,_action_name
FD_In_H11H21H31_0001_20210112_09.mp4,2541,0,0.7630358934402466,0.4680570065975189,0.6594720482826233,0.4608570337295532,0.6446557641029358,0.4674077332019806,0.6582144498825073,0.43685197830200195,0.629598081111908,0.46260446310043335,0.6628595590591431,0.4073868691921234,0.6467391848564148,0.4508410394191742,0.7184544801712036,0.3753160536289215,0.6833982467651367,0.4462272822856903,0.8024947047233582,0.3876872956752777,0.6936679482460022,0.4572618901729584,0.8121213912963867,0.35125312209129333,0.749470055103302,0.3800177574157715,0.7839340567588806,0.3793390691280365,0.7490274906158447,0.4285009801387787,0.7873031497001648,0.36975738406181335,0.8107895255088806,0.3983742892742157,0.8335990309715271,0.4075520833333333,0.7324074074074074,0.13958333333333334,0.25555555555555554,0.9710144927536232,0.6839478015899658,0.8235294117647058,126.69636498274059,42.87150407795592,33.978114440215435,74.07322692871094,43.0784797668457,45.323158264160156,29.71550750732422,0.0,0.0,-231.61688232421875,0.0,ABNOR_H,H11H21H31
FD_In_H11H21H31_0001_20210112_09.mp4,2542,0,0.7933621406555176,0.46970024704933167,0.6621111035346985,0.46248191595077515,0.6467797160148621,0.46887072920799255,0.6607726812362671,0.4378686845302582,0.6304144263267517,0.4631856083869934,0.6646296381950378,0.4086748957633972,0.6457348465919495,0.4509562849998474,0.7188190221786499,0.37592098116874695,0.6821504831314087,0.4458006024360657,0.8031215071678162,0.38712358474731445,0.692205548286438,0.45692676305770874,0.8106967806816101,0.352171927690506,0.7490658164024353,0.3801591098308563,0.7836679816246033,0.3807232081890106,0.7471815943717957,0.42991432547569275,0.7837998270988464,0.371224582195282,0.810687243938446,0.39942312240600586,0.831086277961731,0.408203125,0.732175925925926,0.14088541666666668,0.25416666666666665,0.9854280510018215,0.6903776526451111,0.8235294117647058,126.61735074259163,44.19513061500384,34.81673165079642,72.9833984375,41.184810638427734,43.6840934753418,27.344724655151367,74.98558108224682,-21.29229377297794,-225.1925048828125,0.07901424014896463,ABNOR_H,H11H21H31
FD_In_H11H21H31_0001_20210112_09.mp4,2543,0,0.7636077404022217,0.46957096457481384,0.6616426706314087,0.4622231721878052,0.6464086771011353,0.46889829635620117,0.660605788230896,0.4381839632987976,0.6297808289527893,0.4638143479824066,0.6645470261573792,0.40892156958580017,0.6450173258781433,0.45148470997810364,0.7196704745292664,0.37663376331329346,0.680279016494751,0.44540733098983765,0.8015145063400269,0.39242324233055115,0.6942343711853027,0.45628997683525085,0.8117767572402954,0.3514809310436249,0.7455548048019409,0.3792700171470642,0.7814058065414429,0.38163700699806213,0.7512819170951843,0.42743921279907227,0.7925344109535217,0.3705155551433563,0.8108280301094055,0.3950725495815277,0.8346093893051147,0.4080729166666667,0.7331018518518518,0.13958333333333334,0.25416666666666665,0.97632058287796,0.6802800297737122,0.8235294117647058,125.14587221447582,44.613264617523704,35.96794369140414,77.72966003417969,43.57942199707031,50.65117645263672,33.08606719970703,62.47129735784334,-188.94264914772725,-219.96923828125,1.47147852811581,ABNOR_H,H11H21H31
FD_In_H11H21H31_0001_20210112_09.mp4,2544,0,0.7686437964439392,0.47296077013015747,0.6598606109619141,0.4656641185283661,0.6444924473762512,0.4718714654445648,0.6583009362220764,0.4405527114868164,0.6287840008735657,0.4652233123779297,0.6627336144447327,0.41113579273223877,0.644869863986969,0.45163267850875854,0.7185240387916565,0.3791116774082184,0.6806179285049438,0.4443710744380951,0.7999761700630188,0.39487704634666443,0.6941812038421631,0.4565248489379883,0.810101330280304,0.35277023911476135,0.742251455783844,0.3794165849685669,0.7778415083885193,0.38509485125541687,0.7504932284355164,0.42882174253463745,0.7931849360466003,0.37184327840805054,0.810214638710022,0.3955337703227997,0.8337593674659729,0.40924479166666666,0.7319444444444444,0.14036458333333332,0.25555555555555554,0.9764492753623188,0.6914553642272949,0.8235294117647058,124.01953013668125,45.652872028410684,36.91752975553225,76.63388061523438,44.344688415527344,51.345123291015625,34.70749282836914,155.99439607556062,-224.7573390151515,-216.4014892578125,1.1263420777945612,ABNOR_H,H11H21H31
FD_In_H11H21H31_0001_20210112_09.mp4,2545,0,0.71214759349823,0.47289761900901794,0.6630727052688599,0.4660853445529938,0.6481049656867981,0.4716608226299286,0.6610694527626038,0.44173434376716614,0.6317402124404907,0.4642053544521332,0.663512110710144,0.4117680788040161,0.6457329988479614,0.4510403871536255,0.7156960964202881,0.3808092474937439,0.6854310631752014,0.4435897171497345,0.7973339557647705,0.3998246490955353,0.705018162727356,0.45682305097579956,0.8074766993522644,0.3530762493610382,0.7404378652572632,0.3792332112789154,0.7739167809486389,0.3845098614692688,0.7528851628303528,0.42880144715309143,0.7892520427703857,0.3717613220214844,0.8117643594741821,0.39813145995140076,0.8318130970001221,0.40989583333333335,0.7328703703703704,0.13958333333333334,0.25,0.9925925925925926,0.6818615794181824,0.8235294117647058,123.39153869200308,45.05969618476191,35.75226196584752,81.5042495727539,47.84714126586914,54.78555679321289,34.38833236694336,94.16359172695365,-182.27610868566174,-203.2659912109375,0.6279914446781731,ABNOR_H,H11H21H31
FD_In_H11H21H31_0001_20210112_09.mp4,2546,0,0.6597615480422974,0.47374019026756287,0.6658656597137451,0.46684208512306213,0.6505757570266724,0.4725971221923828,0.6642273664474487,0.4424796998500824,0.6329154968261719,0.4651668965816498,0.6661518216133118,0.4123086929321289,0.6463252305984497,0.45153695344924927,0.7176550030708313,0.3793860375881195,0.681060791015625,0.4434942603111267,0.7977903485298157,0.39378881454467773,0.6974275708198547,0.45548632740974426,0.8086875677108765,0.3544665277004242,0.7415041327476501,0.3807271122932434,0.7743684649467468,0.3849412202835083,0.7538645267486572,0.43048352003097534,0.7845959663391113,0.3737691044807434,0.8112159371376038,0.4052814841270447,0.8274044394493103,0.41041666666666665,0.7328703703703704,0.14010416666666667,0.2490740740740741,1.0,0.6870216131210327,0.8235294117647058,123.58864174679428,45.646020137690726,35.14371163348578,83.75025177001953,50.290855407714844,55.63896560668945,30.847976684570312,60.6060606060606,49.67706853693181,-198.87261962890625,0.19710305479119938,ABNOR_H,H11H21H31
FD_In_H11H21H31_0001_20210112_09.mp4,2547,0,0.7707192301750183,0.47565025091171265,0.6652017831802368,0.46859991550445557,0.6491180658340454,0.4742937982082367,0.6637728214263916,0.44441118836402893,0.6321155428886414,0.46717652678489685,0.6677818894386292,0.41465234756469727,0.644775927066803,0.45209741592407227,0.7212659120559692,0.3799029588699341,0.6769710779190063,0.44319507479667664,0.8020467162132263,0.39366471767425537,0.6909352540969849,0.46014121174812317,0.8034907579421997,0.35663196444511414,0.7378692626953125,0.38144493103027344,0.7747804522514343,0.3831567168235779,0.7551254630088806,0.42579415440559387,0.7970619797706604,0.3724970519542694,0.8127970099449158,0.39553213119506836,0.8351152539253235,0.41236979166666665,0.7344907407407407,0.14192708333333334,0.24861111111111112,1.0148975791433892,0.7104117274284363,0.8235294117647058,122.65595427821837,48.96704692451876,39.921316445879945,91.90969848632812,51.05320358276367,62.16704559326172,38.85736083984375,250.80220238252798,-105.47614820075756,-196.82586669921875,0.9326874685759066,ABNOR_H,H11H21H31
FD_In_H11H21H31_0001_20210112_09.mp4,2548,0,0.7073202133178711,0.4776788651943207,0.6637229919433594,0.4703609347343445,0.6479181051254272,0.4763020873069763,0.6629565954208374,0.4460708796977997,0.631273627281189,0.46883508563041687,0.667812168598175,0.4157922863960266,0.6442303657531738,0.45294028520584106,0.7208298444747925,0.38049599528312683,0.6764668822288513,0.4456142783164978,0.7989094853401184,0.3927322030067444,0.6882340908050537,0.4614802300930023,0.8023017644882202,0.35846805572509766,0.7391363978385925,0.3833531141281128,0.7740999460220337,0.382087379693985,0.7583693265914917,0.428548663854599,0.7857237458229065,0.37504321336746216,0.8149539232254028,0.40968745946884155,0.8282627463340759,0.41354166666666664,0.7335648148148148,0.14322916666666666,0.24583333333333332,1.0357815442561205,0.701816201210022,0.8235294117647058,123.29491616598342,49.23344727664346,38.3197913050389,102.13025665283203,59.98512268066406,67.57148742675781,31.52867317199707,144.83614414406034,18.63546932444853,-200.653564453125,0.6389618877650491,ABNOR_H,H11H21H31
FD_In_H11H21H31_0001_20210112_09.mp4,2549,0,0.689148485660553,0.476626992225647,0.6683922410011292,0.4695039689540863,0.6525242924690247,0.47552672028541565,0.6680561304092407,0.4462549388408661,0.6354010701179504,0.46912768483161926,0.6727969646453857,0.41667836904525757,0.6477366089820862,0.4542122781276703,0.7223091125488281,0.37955981492996216,0.6770453453063965,0.448343962430954,0.7979550361633301,0.38713884353637695,0.6868336796760559,0.4614068269729614,0.8027422428131104,0.362017422914505,0.74234539270401,0.38715067505836487,0.7765852808952332,0.3767313063144684,0.7631214261054993,0.4219030439853668,0.793150007724762,0.37319591641426086,0.8157108426094055,0.4005381762981415,0.8303424119949341,0.41458333333333336,0.7361111111111112,0.14427083333333332,0.24259259259259258,1.0572519083969465,0.7106149792671204,0.8235294117647058,124.52879778404208,48.17802532435349,37.463394623408426,121.64306640625,59.40718078613281,82.6917495727539,39.48668670654297,206.08288649599157,186.35882753314394,-196.71783447265625,1.2338816180586605,ABNOR_H,H11H21H31
FD_In_H11H21H31_0001_20210112_09.mp4,2550,0,0.7647806406021118,0.47850504517555237,0.6714675426483154,0.47084349393844604,0.6551642417907715,0.47707003355026245,0.6711625456809998,0.44670790433883667,0.637171745300293,0.4701080322265625,0.676008403301239,0.4166502356529236,0.6456849575042725,0.4540248215198517,0.725497305393219,0.3823089897632599,0.6783996820449829,0.4524783492088318,0.8041340112686157,0.3935016691684723,0.6859142780303955,0.4757727086544037,0.789680004119873,0.3623800575733185,0.741701602935791,0.3874763548374176,0.7804608345031738,0.3746739625930786,0.7604309916496277,0.4202352464199066,0.7938193678855896,0.3716009259223938,0.8149790167808533,0.3988233804702759,0.8289723992347717,0.41822916666666665,0.7356481481481482,0.15104166666666666,0.23796296296296296,1.1284046692607004,0.7011345028877258,0.8235294117647058,125.10430574199326,50.22264153545041,40.98205527019549,124.8755874633789,55.64100646972656,85.4569091796875,37.83744430541992,412.8137896358294,102.65574735753675,-193.5655517578125,0.5755079579511744,ABNOR_H,H11H21H31
FD_In_H11H21H31_0001_20210112_09.mp4,2551,0,0.7813873887062073,0.48037683963775635,0.6720073223114014,0.47376155853271484,0.6558756232261658,0.4793066382408142,0.6707921624183655,0.4512295126914978,0.6408811807632446,0.4739875793457031,0.6770220398902893,0.42078885436058044,0.6477934122085571,0.4568731188774109,0.7274700999259949,0.3862322270870209,0.6758979558944702,0.4559875428676605,0.8016185164451599,0.391366183757782,0.6829410195350647,0.48171645402908325,0.7820100784301758,0.3667752146720886,0.7424519658088684,0.3904760479927063,0.782159149646759,0.37059757113456726,0.7593352198600769,0.41376248002052307,0.7986482381820679,0.36847633123397827,0.8124864101409912,0.3910371959209442,0.8281933069229126,0.4231770833333333,0.737037037037037,0.15677083333333333,0.2324074074074074,1.199203187250996,0.7063319683074951,0.8235294117647058,124.90265461631827,51.1615430954281,43.30097567448372,154.01739501953125,57.895877838134766,112.66543579101562,46.5765266418457,582.8904261112529,80.13916015625,-195.04425048828125,0.2016511256749851,ABNOR_H,H11H21H31
FD_In_H11H21H31_0001_20210112_09.mp4,2552,0,0.47142520546913147,0.4665953814983368,0.6819225549697876,0.45847830176353455,0.6697224378585815,0.4662117063999176,0.6830105781555176,0.44091692566871643,0.6533721685409546,0.46506911516189575,0.6869340538978577,0.41723060607910156,0.6553710699081421,0.45475074648857117,0.7250848412513733,0.3865860402584076,0.6843655705451965,0.46153420209884644,0.7960364818572998,0.39359885454177856,0.6820990443229675,0.4882369041442871,0.779911994934082,0.3725840151309967,0.7408507466316223,0.3987728953361511,0.7752286195755005,0.3585004508495331,0.7476571798324585,0.3984147608280182,0.7791699171066284,0.36335647106170654,0.809633195400238,0.38824787735939026,0.8172288537025452,0.4264322916666667,0.7393518518518518,0.16848958333333333,0.20925925925925926,1.4314159292035398,0.6544061303138733,0.8235294117647058,127.16752466670948,46.26453553910464,36.44171848860784,97.27836608886719,163.77288818359375,148.08641052246094,125.9187240600586,407.967030843523,-279.22289299242425,-164.41290283203125,2.2648700503912096,ABNOR_H,H11H21H31
FD_In_H11H21H31_0001_20210112_09.mp4,2553,0,0.29568326473236084,0.4636029601097107,0.6895774006843567,0.45528462529182434,0.67868572473526,0.4638364911079407,0.6915016770362854,0.44001907110214233,0.6634925603866577,0.46504324674606323,0.6958332061767578,0.416263610124588,0.6666014790534973,0.45652857422828674,0.7319000959396362,0.3863001763820648,0.7023169994354248,0.46311455965042114,0.7985124588012695,0.4026503562927246,0.7029168605804443,0.4910230040550232,0.7812319397926331,0.37292930483818054,0.7491986155509949,0.4025513529777527,0.7826933860778809,0.3600918650627136,0.7367275953292847,0.4181246757507324,0.7669396996498108,0.35422661900520325,0.791495144367218,0.4134664833545685,0.7985811829566956,0.42578125,0.7395833333333334,0.17552083333333332,0.19583333333333333,1.5933806146572105,0.6127910614013672,0.7647058823529411,127.63406296755758,42.371682056808275,32.45796946482559,72.12520599365234,45.69295883178711,104.35154724121094,1.7474206686019897,74.98558108224682,502.28522805606616,-164.9561767578125,0.4665383008481001,ABNOR_H,H11H21H31
FD_In_H11H21H31_0002_20201013_10.mp4,7222,0,0.9099909663200378,0.7529944777488708,0.3106435239315033,0.7573121786117554,0.30974164605140686,0.7536513805389404,0.3020460605621338,0.7583678960800171,0.3109646141529083,0.74771648645401,0.28990986943244934,0.7420066595077515,0.3236878216266632,0.7286242842674255,0.28860220313072205,0.7225207686424255,0.3542417883872986,0.6986282467842102,0.29013851284980774,0.7111395001411438,0.38493579626083374,0.6784026026725769,0.3011094331741333,0.6883728504180908,0.33719557523727417,0.6756635308265686,0.31839311122894287,0.6971868276596069,0.4125646948814392,0.6885112524032593,0.3861294984817505,0.6616643667221069,0.455953985452652,0.6520649790763855,0.437208890914917,0.7033854166666667,0.36944444444444446,0.14010416666666667,0.24444444444444444,1.018939393939394,0.9019199013710022,0.9411764705882353,102.87041846976234,-124.14049005291743,-140.2336807540413,112.74730682373047,109.61624145507812,86.31867980957031,88.92402648925781,0.0,0.0,-37.045806884765625,0.0,ABNOR_H,H11H21H31
FD_In_H11H21H31_0002_20201013_10.mp4,7223,0,0.8687045574188232,0.7570371627807617,0.31501930952072144,0.7617666125297546,0.31432926654815674,0.757099986076355,0.30498650670051575,0.7619774341583252,0.3173907697200775,0.7488511800765991,0.2927822470664978,0.7423627972602844,0.3298911154270172,0.7305083870887756,0.29024794697761536,0.7298787832260132,0.3649798333644867,0.7002105712890625,0.28157827258110046,0.7274016737937927,0.3910430073738098,0.6814174652099609,0.2794190049171448,0.6816549897193909,0.3351976275444031,0.6695400476455688,0.3150603473186493,0.6963382959365845,0.4143378436565399,0.6894254088401794,0.3882104754447937,0.6604734659194946,0.4567992389202118,0.6541527509689331,0.44173771142959595,0.7032552083333333,0.3736111111111111,0.14661458333333333,0.2361111111111111,1.103921568627451,0.8912191987037659,0.9411764705882353,97.926751027289,-117.99535945419528,-136.92464207459565,105.40739440917969,104.69095611572266,74.56025695800781,77.10064697265625,273.14782389878707,-174.46067116477272,-21.836883544921875,4.943667442473341,ABNOR_H,H11H21H31
FD_In_H11H21H31_0002_20201013_10.mp4,7224,0,0.8905960321426392,0.7623904943466187,0.3278200924396515,0.7657595872879028,0.3253142535686493,0.761849582195282,0.3192136883735657,0.7650638818740845,0.32408949732780457,0.7525606751441956,0.3067297041416168,0.7515458464622498,0.335221529006958,0.7315646409988403,0.29729434847831726,0.7486396431922913,0.3806765377521515,0.7035936117172241,0.28333956003189087,0.7478494644165039,0.40415915846824646,0.6916720271110535,0.28087717294692993,0.6884267926216125,0.34009119868278503,0.6723909974098206,0.32068657875061035,0.6979431509971619,0.41597068309783936,0.689312756061554,0.39535221457481384,0.6618890762329102,0.46021372079849243,0.6518594622612,0.4483446776866913,0.7041666666666667,0.3784722222222222,0.1453125,0.22824074074074074,1.13184584178499,0.8786473870277405,0.9411764705882353,97.40656016395846,-133.1245644834759,-145.75798111217415,112.04671478271484,106.5708236694336,79.91586303710938,80.59185791015625,335.39308516937353,344.2845200047348,-5.548614501953125,0.5201908633305408,ABNOR_H,H11H21H31
FD_In_H11H21H31_0002_20201013_10.mp4,7225,0,0.8506518602371216,0.7664598822593689,0.332710862159729,0.7695788145065308,0.32838740944862366,0.7654699087142944,0.32484912872314453,0.7689054608345032,0.32541030645370483,0.7562710642814636,0.31540217995643616,0.7504748106002808,0.3213401138782501,0.7399317026138306,0.3266132175922394,0.7473923563957214,0.34888291358947754,0.741683840751648,0.38090261816978455,0.750514030456543,0.3786691427230835,0.7523286938667297,0.40677595138549805,0.6830164790153503,0.33783063292503357,0.6720872521400452,0.33400243520736694,0.6939199566841125,0.41398271918296814,0.6922131776809692,0.40647923946380615,0.6607440114021301,0.4530879557132721,0.6524885892868042,0.44734421372413635,0.7057291666666666,0.3851851851851852,0.1484375,0.21666666666666667,1.2179487179487178,0.8570976257324219,0.9411764705882353,95.66952544840142,164.28700976069538,-168.8538967496005,109.26467895507812,93.78162384033203,83.5484390258789,67.23170471191406,461.5398478375063,351.1684642118566,-6.92425537109375,1.7370347155570443,ABNOR_H,H11H21H31
FD_In_H11H21H31_0002_20201013_10.mp4,7226,0,0.9156726598739624,0.7697979211807251,0.3408750295639038,0.7713292241096497,0.3371141254901886,0.7707526683807373,0.3349587321281433,0.7673472762107849,0.3338010013103485,0.7652579545974731,0.32562369108200073,0.7505546808242798,0.33982452750205994,0.7412958741188049,0.31917670369148254,0.7521827816963196,0.38277173042297363,0.7153171896934509,0.31420326232910156,0.7605425715446472,0.4230727553367615,0.7093492746353149,0.32460853457450867,0.6937875747680664,0.3519694209098816,0.682323694229126,0.3424031436443329,0.6942117810249329,0.41934606432914734,0.6858171224594116,0.4170098304748535,0.6605580449104309,0.4560929238796234,0.6490834951400757,0.4598752558231354,0.708203125,0.39351851851851855,0.15390625,0.21388888888888888,1.2792207792207793,0.8456902503967285,0.8823529411764706,99.754207594265,-128.56118139439346,-154.85509081686365,120.91697692871094,118.52217864990234,96.22085571289062,97.73316192626953,616.761589001443,737.6570268110795,-13.632354736328125,4.084682145863582,ABNOR_H,H11H21H31
FD_In_H11H21H31_0002_20201013_10.mp4,7227,0,0.9200832843780518,0.7728919982910156,0.3511357605457306,0.7755468487739563,0.34635597467422485,0.7729202508926392,0.3437858819961548,0.7730805277824402,0.34072595834732056,0.7632772922515869,0.3318098187446594,0.7528497576713562,0.34241077303886414,0.7422541379928589,0.3390590250492096,0.7564193606376648,0.38923510909080505,0.7443939447402954,0.386481910943985,0.764069676399231,0.4372682273387909,0.7547805905342102,0.43384748697280884,0.6988824009895325,0.35722148418426514,0.6878303289413452,0.35427263379096985,0.6953639388084412,0.42502662539482117,0.6884774565696716,0.4297221601009369,0.6609083414077759,0.4549615681171417,0.6505886912345886,0.46418628096580505,0.709375,0.4009259259259259,0.15729166666666666,0.2111111111111111,1.3245614035087718,0.8447728157043457,0.9411764705882353,98.85616119658042,-169.91050591017608,-171.4645926394151,121.31535339355469,116.22334289550781,104.04621887207031,98.06253814697266,503.6597011695352,560.3406501538825,-9.96038818359375,0.8980463976845812,ABNOR_H,H11H21H31
FD_In_H11H21H31_0002_20201013_10.mp4,7228,0,0.9271899461746216,0.7776802182197571,0.3595344126224518,0.7800812125205994,0.3551505208015442,0.7779198884963989,0.3526531755924225,0.7770670652389526,0.34853702783584595,0.7687656283378601,0.34023210406303406,0.7562111020088196,0.3418973684310913,0.7485326528549194,0.3414696455001831,0.7570813894271851,0.3845204710960388,0.7503955364227295,0.38663503527641296,0.7672502398490906,0.4307224154472351,0.7627851366996765,0.4388599991798401,0.7037660479545593,0.3696959912776947,0.6954465508460999,0.3676459491252899,0.6919790506362915,0.4362558424472809,0.6889905333518982,0.4416257441043854,0.6536434292793274,0.46085071563720703,0.6480634808540344,0.4673228859901428,0.7115885416666666,0.40555555555555556,0.16171875,0.2064814814814815,1.3923766816143497,0.82513427734375,0.9411764705882353,106.0503286855941,-178.20539418238303,-172.10864801996289,127.31888580322266,118.2708511352539,124.07750701904297,114.3207015991211,386.01190436490253,821.0485121783088,-19.7349853515625,7.1941674890136795,ABNOR_H,H11H21H31
FD_In_H11H21H31_0002_20201013_10.mp4,7229,0,0.9284002780914307,0.7824413180351257,0.37124601006507874,0.7848795652389526,0.36671799421310425,0.7822889685630798,0.36457791924476624,0.7832515835762024,0.3598312735557556,0.7735031843185425,0.3525006175041199,0.7652513384819031,0.350841224193573,0.7538619637489319,0.350420743227005,0.7647777795791626,0.3840043842792511,0.752098798751831,0.3868803381919861,0.7725502848625183,0.4283263385295868,0.7645780444145203,0.43343719840049744,0.7126510739326477,0.379501610994339,0.7020900249481201,0.3756689429283142,0.6947029232978821,0.44877946376800537,0.6887447834014893,0.4488688111305237,0.654880166053772,0.46580377221107483,0.6465994119644165,0.4681122601032257,0.7140625,0.40925925925925927,0.16979166666666667,0.20092592592592592,1.5023041474654377,0.8359135985374451,0.9411764705882353,106.20032938388127,-178.81037361395454,-168.4623839745452,128.25091552734375,122.36228942871094,131.76953125,123.2980728149414,376.35582873861273,583.4822221235795,-13.692840576171875,0.15000069828717244,ABNOR_H,H11H21H31
FD_In_H11H21H31_0002_20201013_10.mp4,7230,0,0.9378578066825867,0.7858076691627502,0.381845623254776,0.7876567840576172,0.377955824136734,0.7864503264427185,0.37627750635147095,0.7845783829689026,0.36972999572753906,0.7787643074989319,0.3629598319530487,0.7670328617095947,0.36055654287338257,0.7582076787948608,0.3550177216529846,0.7677465677261353,0.3893914818763733,0.7533541917800903,0.38032788038253784,0.777883768081665,0.4266904294490814,0.7687172293663025,0.4262739419937134,0.71147221326828,0.38650885224342346,0.7016549706459045,0.3785512149333954,0.6957061886787415,0.4525972306728363,0.690356433391571,0.44840162992477417,0.655221700668335,0.47205567359924316,0.6475126147270203,0.4740038514137268,0.71640625,0.41759259259259257,0.17239583333333333,0.1962962962962963,1.5613207547169812,0.8094148635864258,0.8823529411764706,103.9435777093288,-160.55521528055104,-155.4894323871285,128.11085510253906,124.62236785888672,127.70341491699219,119.21746063232422,591.9003469852385,314.13807588465073,-1.47833251953125,2.2567516745524614,ABNOR_H,H11H21H31
FD_In_H11H21H31_0002_20201013_10.mp4,7231,0,0.9400006532669067,0.793484628200531,0.3936366140842438,0.7955443859100342,0.3889216184616089,0.7938857674598694,0.385659784078598,0.7897732853889465,0.3832490146160126,0.7841274738311768,0.3732670247554779,0.7673183679580688,0.3799903392791748,0.7668331861495972,0.3702898919582367,0.7738558650016785,0.41018879413604736,0.7586382031440735,0.39067330956459045,0.7869188189506531,0.437418133020401,0.7713661193847656,0.4386800527572632,0.7060578465461731,0.3907812535762787,0.7064486145973206,0.38286924362182617,0.6884382367134094,0.4543188214302063,0.6951308846473694,0.4531106650829315,0.6522236466407776,0.4744758903980255,0.657730221748352,0.4809631407260895,0.71953125,0.4273148148148148,0.18125,0.1814814814814815,1.7755102040816326,0.8087619543075562,0.9411764705882353,96.16784142625995,-95.08110663784875,-84.98233019945928,133.6278533935547,128.71287536621094,121.90172576904297,112.66766357421875,732.9325225725953,281.14087653882575,14.7125244140625,7.775736283068852,ABNOR_H,H11H21H31
FD_In_H11H21H31_0002_20201013_10.mp4,7232,0,0.9310919642448425,0.7982800602912903,0.4040718078613281,0.8001999258995056,0.39864271879196167,0.7982351183891296,0.39682626724243164,0.7945893406867981,0.39218059182167053,0.7895107269287109,0.3858775198459625,0.7737489938735962,0.38498806953430176,0.7726696133613586,0.3833712339401245,0.7825058698654175,0.42580288648605347,0.7694662809371948,0.418683797121048,0.7961475253105164,0.4608854055404663,0.781529426574707,0.47201675176620483,0.7125236392021179,0.3893963396549225,0.7154988050460815,0.3860500156879425,0.6910608410835266,0.4472142457962036,0.7006366848945618,0.45285117626190186,0.6574291586875916,0.46832457184791565,0.6698319315910339,0.4840354025363922,0.7217447916666667,0.43333333333333335,0.18463541666666666,0.17592592592592593,1.8657894736842104,0.8308806419372559,0.9411764705882353,91.92846491285569,-139.88264341941445,-32.32048875382945,142.8691864013672,141.23846435546875,125.7414779663086,113.08980560302734,470.67347172754745,58.77315636837121,35.31304931640625,4.239376513404267,ABNOR_H,H11H21H31
FD_In_H11H21H31_0002_20201013_10.mp4,7233,0,0.9184748530387878,0.8008347153663635,0.4157719016075134,0.8027352094650269,0.41038456559181213,0.8005703091621399,0.40884119272232056,0.7980427145957947,0.40213969349861145,0.7928640246391296,0.3971000909805298,0.7788698077201843,0.38928672671318054,0.7780656814575195,0.3988770544528961,0.7878303527832031,0.4227356016635895,0.7787912487983704,0.4496760070323944,0.8010886907577515,0.4515376091003418,0.7928221225738525,0.5028271079063416,0.721977174282074,0.3954471945762634,0.7219611406326294,0.394584596157074,0.6971439719200134,0.45735904574394226,0.6991425156593323,0.4565606117248535,0.6599156856536865,0.4781712293624878,0.6605936288833618,0.48032841086387634,0.7235677083333333,0.44305555555555554,0.19140625,0.1787037037037037,1.9041450777202074,0.833697497844696,0.9411764705882353,90.53277661066716,98.47832782986126,-91.89118593930694,142.9480438232422,142.3341827392578,128.97726440429688,120.7425308227539,651.0571653287839,463.30261230468744,44.832977294921875,1.3956883021885318,ABNOR_H,H11H21H31
FD_In_H11H21H31_0002_20201013_10.mp4,7234,0,0.9062405228614807,0.8064600229263306,0.42495620250701904,0.8069096207618713,0.4186544716358185,0.8066893219947815,0.41940730810165405,0.7995502352714539,0.4095990061759949,0.7997387051582336,0.410165399312973,0.780909538269043,0.3990602493286133,0.7843941450119019,0.41578149795532227,0.7851287722587585,0.43999946117401123,0.7836769223213196,0.46824517846107483,0.7974861264228821,0.482590913772583,0.7932552695274353,0.5190391540527344,0.7264484167098999,0.39826449751853943,0.7270258069038391,0.4008709490299225,0.6973817348480225,0.4622872471809387,0.695978045463562,0.4658370912075043,0.6583472490310669,0.48121505975723267,0.6562077403068542,0.4824894666671753,0.7190104166666667,0.45416666666666666,0.20260416666666667,0.1824074074074074,1.9746192893401016,0.8161783218383789,0.8823529411764706,85.4828896561859,69.6714569660753,68.50553158307949,144.16444396972656,143.604736328125,128.43685913085938,122.0339584350586,900.0816206229784,297.9375665838068,54.839111328125,5.049886954481252,ABNOR_H,H11H21H31
FD_In_H11H21H31_0002_20201013_10.mp4,7235,0,0.897262454032898,0.8113667368888855,0.4397718012332916,0.8108379244804382,0.43234744668006897,0.8125446438789368,0.4357169270515442,0.8032614588737488,0.41953039169311523,0.808070182800293,0.42645367980003357,0.785476565361023,0.4034557044506073,0.7885916829109192,0.43391531705856323,0.7832733392715454,0.44645822048187256,0.7816835641860962,0.4839879870414734,0.7957165241241455,0.4868179261684418,0.7918590903282166,0.5231893658638,0.7300691604614258,0.4075496196746826,0.7300342321395874,0.4165669083595276,0.6950787305831909,0.46060800552368164,0.6954010128974915,0.4712619483470917,0.6516032814979553,0.47764506936073303,0.6520954370498657,0.4855192303657532,0.7188802083333333,0.46087962962962964,0.21848958333333332,0.17731481481481481,2.1906005221932117,0.7779504060745239,0.8823529411764706,86.25701591749147,79.69529305019621,90.39427109371242,151.96823120117188,148.87588500976562,141.91720581054688,128.92288208007812,439.6550948044518,817.5631436434659,59.861236572265625,0.7741262613055682,ABNOR_H,H11H21H31
FD_In_H11H21H31_0002_20201013_10.mp4,7236,0,0.8939834833145142,0.8156988620758057,0.4503043591976166,0.8149572610855103,0.44301021099090576,0.8170055150985718,0.4461226463317871,0.8060333728790283,0.4297047257423401,0.8115540146827698,0.4360867142677307,0.7875098586082458,0.4127087891101837,0.7917739152908325,0.4388611912727356,0.7858661413192749,0.45319876074790955,0.7842904925346375,0.4836588501930237,0.7973419427871704,0.492218017578125,0.7931821942329407,0.5229546427726746,0.7344561815261841,0.4222935438156128,0.734908401966095,0.42921480536460876,0.693080723285675,0.4625614881515503,0.6941118240356445,0.4723495543003082,0.6479689478874207,0.4795267879962921,0.6472741961479187,0.48717522621154785,0.7194010416666666,0.4652777777777778,0.22265625,0.16574074074074074,2.388268156424581,0.7684613466262817,0.8823529411764706,89.98193818915743,73.83517793113342,83.37426623157872,163.24607849121094,159.35415649414062,157.10440063476562,143.80780029296875,285.53658586687646,870.0929529526654,53.02838134765625,3.7249222716659602,ABNOR_H,H11H21H31
FD_In_H11H21H31_0002_20201013_10.mp4,7237,0,0.8799161911010742,0.8201500177383423,0.4589771032333374,0.818675696849823,0.4506438374519348,0.8208454251289368,0.45536500215530396,0.810102105140686,0.44100648164749146,0.8156688809394836,0.4511638283729553,0.7932063937187195,0.4282740354537964,0.7952204942703247,0.45503565669059753,0.7884769439697266,0.4618964195251465,0.7862533330917358,0.5005820393562317,0.7997804880142212,0.4907808005809784,0.7947862148284912,0.5219197869300842,0.7394353747367859,0.43484997749328613,0.738204300403595,0.4417683482170105,0.6953480839729309,0.46521127223968506,0.6949924230575562,0.4742099344730377,0.6468108892440796,0.4778910279273987,0.6457418203353882,0.48695847392082214,0.72109375,0.4666666666666667,0.225,0.15185185185185185,2.6341463414634148,0.7616584897041321,0.8823529411764706,88.05417418811723,82.3792747356994,107.55429907769772,167.18450927734375,165.389892578125,162.76022338867188,149.6485595703125,216.93668277691444,821.780118075284,44.642791748046875,1.9277640010402024,ABNOR_H,H11H21H31
FD_In_H11H21H31_0002_20201013_10.mp4,7238,0,0.8282673358917236,0.8232017755508423,0.46480780839920044,0.8215543627738953,0.4584614336490631,0.8240324258804321,0.46094828844070435,0.8135561347007751,0.45408400893211365,0.8191370368003845,0.4596155881881714,0.7996116876602173,0.4490406811237335,0.8004052042961121,0.4638946056365967,0.7932032942771912,0.4829044044017792,0.7882366180419922,0.5027891397476196,0.8036224842071533,0.5050917267799377,0.7959765195846558,0.5219235420227051,0.7447494268417358,0.4559265971183777,0.7428335547447205,0.4575728476047516,0.7008550763130188,0.47133195400238037,0.6997975707054138,0.4815213680267334,0.6511622667312622,0.47815150022506714,0.6483210325241089,0.4945172369480133,0.7235677083333333,0.47662037037037036,0.22682291666666668,0.1337962962962963,3.013840830449827,0.7492008805274963,0.8823529411764706,90.16172008412141,84.5747888408899,154.2036109595567,173.24656677246094,170.7014617919922,172.87086486816406,159.08448791503906,712.2823802147369,1207.019227923769,17.40545654296875,2.107545896004183,ABNOR_H,H11H21H31
FD_In_H11H21H31_0002_20201013_10.mp4,7239,0,0.7943612337112427,0.8238927721977234,0.4702834486961365,0.8215063214302063,0.4645867347717285,0.8251370191574097,0.46813881397247314,0.8129976987838745,0.46063587069511414,0.8225162625312805,0.4688321352005005,0.8010280728340149,0.45911359786987305,0.8041946291923523,0.4775577187538147,0.7912130355834961,0.49214524030685425,0.7913064956665039,0.5081285834312439,0.8031513094902039,0.5141576528549194,0.8017481565475464,0.5252454876899719,0.7491687536239624,0.4729499816894531,0.7482356429100037,0.4775485098361969,0.7026544809341431,0.47064653038978577,0.7014123797416687,0.48799794912338257,0.6567356586456299,0.47688424587249756,0.6548073291778564,0.4921576678752899,0.7266927083333333,0.4824074074074074,0.22369791666666666,0.12777777777777777,3.11231884057971,0.7239624857902527,0.7647058823529411,94.12605294690324,73.0268684796106,109.83687466734814,174.0347900390625,175.71914672851562,169.86924743652344,172.83970642089844,509.6389250342193,1175.2633487477021,-10.726104736328125,3.9643328627818306,ABNOR_H,H11H21H31
FD_In_H11H21H31_0002_20201013_10.mp4,7240,0,0.79873126745224,0.8100050091743469,0.5026714205741882,0.8097536563873291,0.49920654296875,0.8132263422012329,0.5006029009819031,0.8093515634536743,0.4933363199234009,0.8173136115074158,0.49513402581214905,0.800048291683197,0.48213908076286316,0.8034960627555847,0.49079352617263794,0.7936080098152161,0.4959304928779602,0.7931503653526306,0.5038596391677856,0.8055374622344971,0.5140849947929382,0.8047346472740173,0.5206030011177063,0.7490578889846802,0.481357604265213,0.7475332021713257,0.4780193865299225,0.7015016078948975,0.48041772842407227,0.7040899395942688,0.48411107063293457,0.6570541262626648,0.48310038447380066,0.6580771803855896,0.4890643060207367,0.7264322916666667,0.4826388888888889,0.22578125,0.12453703703703704,3.2230483271375463,0.7426544427871704,0.8235294117647058,85.92211400879539,54.69295794881436,-129.0754084546372,177.4185791015625,178.9554443359375,179.8587188720703,168.173583984375,33.87981784090591,290.5689586292614,49.64312744140625,8.203938938107854,ABNOR_H,H11H21H31
FD_In_H11H21H31_0002_20201013_10.mp4,7241,0,0.6820586919784546,0.805885374546051,0.5229424238204956,0.8080466985702515,0.5195727944374084,0.8080751895904541,0.518092930316925,0.809422492980957,0.50699782371521,0.8078848123550415,0.5022280216217041,0.795195996761322,0.4821726977825165,0.797743558883667,0.4978042542934418,0.794732391834259,0.48534512519836426,0.7926670908927917,0.5043976306915283,0.804760217666626,0.5058939456939697,0.7997425198554993,0.5202935338020325,0.7466926574707031,0.4825572967529297,0.7456182837486267,0.4814736247062683,0.7058601975440979,0.48660776019096375,0.7062681317329407,0.49148598313331604,0.6571866869926453,0.48592621088027954,0.6545853018760681,0.4898514449596405,0.7252604166666666,0.48541666666666666,0.22395833333333334,0.11805555555555555,3.372549019607843,0.7584450840950012,1.0,84.90630868241334,73.84214069508629,-150.43050846030073,176.35496520996094,170.83572387695312,177.06187438964844,161.86033630371094,220.58823529411762,147.8307387408088,88.40228271484375,1.0158053263820506,ABNOR_H,H11H21H31
FD_In_H11H21H31_0002_20201013_10.mp4,7242,0,0.5912272334098816,0.8062756061553955,0.5265606641769409,0.809369683265686,0.5236573815345764,0.8093059659004211,0.5210234522819519,0.8123529553413391,0.5135332345962524,0.8100770711898804,0.5054919719696045,0.7963799238204956,0.48993220925331116,0.7979037165641785,0.5029574632644653,0.7954040765762329,0.4933403730392456,0.7853603959083557,0.5084441304206848,0.8022756576538086,0.5067203044891357,0.7807449102401733,0.5222712159156799,0.7456748485565186,0.4848242998123169,0.7440250515937805,0.4822726845741272,0.7046391367912292,0.48410311341285706,0.7029224634170532,0.49277377128601074,0.6549903154373169,0.4847024977207184,0.652204155921936,0.4941544234752655,0.7272135416666666,0.48541666666666666,0.22994791666666667,0.1162037037037037,3.5179282868525896,0.7284349799156189,1.0,82.10205199859574,78.25130703713506,-138.97751847713215,179.0442657470703,172.69920349121094,177.32313537597656,159.63601684570312,227.27272727272725,100.34364642518939,92.90625,2.8042566838175986,ABNOR_H,H11H21H31
FD_In_H11H21H31_0002_20201013_10.mp4,7243,0,0.5631241202354431,0.8083556890487671,0.5291768312454224,0.8119739294052124,0.5267454385757446,0.8115596771240234,0.522985577583313,0.8152720332145691,0.5164312124252319,0.8120918869972229,0.5056644082069397,0.7989795804023743,0.492801696062088,0.7999971508979797,0.5026125311851501,0.796772837638855,0.4918074905872345,0.7853832840919495,0.5028937458992004,0.8015293478965759,0.5039761066436768,0.7784329056739807,0.5150634050369263,0.7475069165229797,0.48715153336524963,0.746055006980896,0.4825109839439392,0.70681232213974,0.48673033714294434,0.7066587209701538,0.4919525682926178,0.6545069217681885,0.4864129424095154,0.6521486043930054,0.4926423728466034,0.73046875,0.48703703703703705,0.234375,0.11388888888888889,3.658536585365854,0.7360891103744507,1.0,82.17584498010677,79.55261007371871,-119.08320704468578,179.8615264892578,172.73028564453125,176.80027770996094,160.48373413085938,393.35621168930817,83.96402994791666,95.78643798828125,0.07379298151103342,ABNOR_H,H11H21H31
FD_In_H11H21H31_0002_20201013_10.mp4,7244,0,0.5583440661430359,0.8108837604522705,0.5286997556686401,0.8139178156852722,0.5259574055671692,0.8145843744277954,0.5233851671218872,0.8168195486068726,0.515207827091217,0.8168854117393494,0.5069966912269592,0.8002621531486511,0.4912715256214142,0.8037022352218628,0.5025594234466553,0.7942548990249634,0.487356573343277,0.7859676480293274,0.49555703997612,0.7988197207450867,0.5013868808746338,0.7737964391708374,0.5086019039154053,0.7490084171295166,0.4874052405357361,0.7484270930290222,0.4836827516555786,0.7083691358566284,0.48911789059638977,0.7095087766647339,0.49541163444519043,0.656506359577179,0.4842330515384674,0.6548998951911926,0.49297016859054565,0.7322916666666667,0.4861111111111111,0.23385416666666667,0.11851851851851852,3.5078125,0.7278398871421814,1.0,83.15221954766194,61.55137746355315,-105.51710571036915,175.60928344726562,168.93800354003906,176.21234130859375,159.50479125976562,214.12087909648582,45.279110179227935,93.2164306640625,0.9763745675551689,ABNOR_H,H11H21H31
FD_In_H11H21H31_0002_20201013_10.mp4,7245,0,0.50491863489151,0.8138505816459656,0.5240998864173889,0.8161894083023071,0.5208764672279358,0.8177382349967957,0.5197016596794128,0.8185573816299438,0.511292040348053,0.8209944367408752,0.5062615275382996,0.8029515147209167,0.49168696999549866,0.8066385984420776,0.5031898617744446,0.7951149344444275,0.48990991711616516,0.786650538444519,0.4970025420188904,0.7994627356529236,0.5030977725982666,0.7731845378875732,0.5089308619499207,0.7503418326377869,0.4903150796890259,0.749254047870636,0.48678097128868103,0.7078108191490173,0.48942825198173523,0.7074973583221436,0.4983358383178711,0.6536865234375,0.48748263716697693,0.6515787243843079,0.4989379942417145,0.731640625,0.4875,0.23880208333333333,0.11851851851851852,3.58203125,0.7138881087303162,1.0,84.80439408499916,60.323736127027615,-118.68807111081065,179.51380920410156,171.49969482421875,179.8332977294922,162.0152130126953,118.33711630161596,196.6275301846591,76.79205322265625,1.652174537337217,ABNOR_H,H11H21H31
FD_In_H11H21H31_0002_20201013_10.mp4,7246,0,0.6022356152534485,0.8150690197944641,0.5208163857460022,0.8170696496963501,0.5174665451049805,0.8188535571098328,0.5175203680992126,0.8194726705551147,0.5074452757835388,0.8225535154342651,0.5054882764816284,0.8022773861885071,0.48605093359947205,0.808078944683075,0.5061185956001282,0.7906467318534851,0.47537899017333984,0.7885473370552063,0.4968439042568207,0.7911806106567383,0.486433744430542,0.7738619446754456,0.5065153241157532,0.7493324279785156,0.48988077044487,0.7488857507705688,0.4905463755130768,0.7086024880409241,0.487081915140152,0.7075179219245911,0.5003684163093567,0.6556247472763062,0.4855763614177704,0.6539774537086487,0.4999682307243347,0.7322916666666667,0.4849537037037037,0.23645833333333333,0.11990740740740741,3.505791505791506,0.7223426103591919,1.0,86.62910024926012,62.7987853687018,140.03117098857751,178.70245361328125,172.15199279785156,175.45639038085938,163.97535705566406,183.0764541453723,109.01803681344697,66.10205078125,1.8247061642609594,ABNOR_H,H11H21H31
FD_In_H11H21H31_0002_20201013_10.mp4,7247,0,0.6225988864898682,0.8154090642929077,0.5172646641731262,0.8176767826080322,0.5146933794021606,0.8197605013847351,0.5139592885971069,0.8199100494384766,0.5075500011444092,0.824260413646698,0.5033367276191711,0.801893413066864,0.4902322292327881,0.8097754120826721,0.5030190348625183,0.7905294299125671,0.48428967595100403,0.7904149889945984,0.49316829442977905,0.7926133871078491,0.496542364358902,0.7738704085350037,0.5041280388832092,0.7499468326568604,0.4926345944404602,0.7502744793891907,0.48998576402664185,0.7081208825111389,0.4925052225589752,0.707785427570343,0.5014944076538086,0.6547228693962097,0.49186190962791443,0.6541041135787964,0.5034574866294861,0.7345052083333333,0.4861111111111111,0.23619791666666667,0.11944444444444445,3.5155038759689923,0.7288631796836853,1.0,86.92863937915497,42.38149279352258,-77.59886894562479,179.71127319335938,172.5154571533203,178.4100799560547,164.31297302246094,260.5888992157257,69.66624540441175,56.0616455078125,0.2995391298948533,ABNOR_H,H11H21H31
FD_In_H11H21H31_0002_20201013_10.mp4,7248,0,0.6585347056388855,0.8124759793281555,0.5207226872444153,0.8154135346412659,0.5185370445251465,0.8168278336524963,0.5164850354194641,0.8186312317848206,0.5107213258743286,0.8212166428565979,0.5033010244369507,0.8011558651924133,0.4918595552444458,0.8056485056877136,0.500015914440155,0.7918962240219116,0.4868329167366028,0.7787176370620728,0.4874488413333893,0.7947553992271423,0.501123309135437,0.756631076335907,0.5007584691047668,0.7509733438491821,0.4944819211959839,0.7503252029418945,0.4904875159263611,0.7107500433921814,0.49240028858184814,0.7089169025421143,0.5014413595199585,0.6579872965812683,0.4911356568336487,0.6553423404693604,0.5025204420089722,0.733984375,0.48541666666666666,0.23619791666666667,0.12083333333333333,3.475095785440613,0.7424537539482117,1.0,87.8913377202506,45.60151312367175,-106.09046510244787,179.10494995117188,172.18563842773438,176.64881896972656,166.0029296875,75.75757575757575,76.87840317234848,60.9940185546875,0.9626983410956313,ABNOR_H,H11H21H31
FD_In_H11H21H31_0002_20201013_10.mp4,7249,0,0.5982690453529358,0.8207685351371765,0.5036376118659973,0.8216667771339417,0.5002168416976929,0.8247490525245667,0.5020289421081543,0.8224911093711853,0.4950559735298157,0.8294171094894409,0.49735236167907715,0.8056744337081909,0.481361448764801,0.8146728277206421,0.5024797916412354,0.7973266839981079,0.48828864097595215,0.8083858489990234,0.5079803466796875,0.8003818988800049,0.5002740025520325,0.8055484890937805,0.513907253742218,0.7520115375518799,0.48693791031837463,0.7520910501480103,0.4894922971725464,0.7081954479217529,0.4849338233470917,0.7066518664360046,0.4992111325263977,0.6571279764175415,0.48741528391838074,0.6552587747573853,0.5055677890777588,0.7341145833333333,0.4861111111111111,0.2375,0.12037037037037036,3.5076923076923077,0.7088388204574585,0.8823529411764706,87.94617238360053,52.85596137564376,86.83413085340383,176.96047973632812,177.11953735351562,175.18089294433594,166.4813690185547,47.91329788133908,-279.4651840672348,33.31256103515625,0.05483466334992215,ABNOR_H,H11H21H31
FD_In_H11H21H31_0002_20201013_10.mp4,7250,0,0.5677867531776428,0.8195043802261353,0.509279191493988,0.8207653164863586,0.5063438415527344,0.8236454725265503,0.5069193243980408,0.8215652704238892,0.500003457069397,0.8278292417526245,0.49929019808769226,0.8050684332847595,0.48484039306640625,0.813807487487793,0.5016391277313232,0.7986553311347961,0.491645485162735,0.8081884980201721,0.5060895681381226,0.8020941615104675,0.5036558508872986,0.8046920895576477,0.513806939125061,0.7519756555557251,0.48782745003700256,0.7521086931228638,0.48750734329223633,0.7091346979141235,0.48774799704551697,0.7087566256523132,0.49721917510032654,0.6574547290802002,0.4885118305683136,0.6562603712081909,0.5021762251853943,0.733984375,0.4858796296296296,0.23723958333333334,0.12083333333333333,3.4904214559386975,0.7089767456054688,0.9411764705882353,86.87409441141075,47.23629867778676,-53.533555698052055,179.4640350341797,175.8582305908203,178.12767028808594,165.47647094726562,20.797258270192575,-34.79542451746323,46.6815185546875,1.0720779721897742,ABNOR_H,H11H21H31
FD_In_H11H21H31_0002_20201013_10.mp4,7251,0,0.5824809670448303,0.8166426420211792,0.5155120491981506,0.818813145160675,0.5130537152290344,0.8209030032157898,0.5118014812469482,0.8206237554550171,0.5058770179748535,0.8246558904647827,0.5006250143051147,0.8037947416305542,0.4899706244468689,0.8112906217575073,0.5006676912307739,0.7987610101699829,0.49524134397506714,0.8051538467407227,0.5014665126800537,0.8028783798217773,0.5068289041519165,0.8007393479347229,0.5111648440361023,0.7513264417648315,0.48968252539634705,0.751176118850708,0.486400306224823,0.7094880938529968,0.48859941959381104,0.7087420225143433,0.49690455198287964,0.6570144295692444,0.48748061060905457,0.6566089391708374,0.5019545555114746,0.7334635416666667,0.4861111111111111,0.23776041666666667,0.12129629629629629,3.484732824427481,0.716917872428894,1.0,85.84053652667089,38.75479975016933,-94.65404999094388,179.8546142578125,175.1917266845703,179.34268188476562,164.46876525878906,62.47129735784334,24.48064630681818,59.3365478515625,1.0335578847398637,ABNOR_H,H11H21H31
FD_In_H11H21H31_0002_20201013_10.mp4,7252,0,0.5526102185249329,0.8205051422119141,0.509431004524231,0.8213813900947571,0.5062074661254883,0.8242647647857666,0.5074078440666199,0.821729838848114,0.4992796778678894,0.8277221918106079,0.500361979007721,0.805398166179657,0.48303645849227905,0.8140761256217957,0.5032177567481995,0.7996459603309631,0.4928886592388153,0.8099117279052734,0.5107460618019104,0.8039409518241882,0.5035727620124817,0.8089405298233032,0.5161160230636597,0.7520334124565125,0.48648637533187866,0.7523123025894165,0.4882476329803467,0.7089576721191406,0.48666444420814514,0.7081508636474609,0.499581903219223,0.6579340100288391,0.48523592948913574,0.6571568846702576,0.5031911730766296,0.73359375,0.4877314814814815,0.2359375,0.11805555555555555,3.552941176470588,0.6964388489723206,0.8823529411764706,86.77843576711979,52.604161369251734,74.27968983142077,178.9644775390625,174.06491088867188,178.0508575439453,164.0213623046875,103.98629135096287,-42.84488453584559,47.65826416015625,0.9378992404488997,ABNOR_H,H11H21H31
FD_In_H11H21H31_0002_20201013_10.mp4,7253,0,0.5212291479110718,0.81927889585495,0.5175102949142456,0.8206186294555664,0.5146320462226868,0.8230456113815308,0.5142822861671448,0.8206480741500854,0.5057827234268188,0.8253639340400696,0.50314861536026,0.8039191961288452,0.4878280758857727,0.8118833899497986,0.5011835694313049,0.8001594543457031,0.4938007593154907,0.8041402697563171,0.502047061920166,0.8056761026382446,0.5034829378128052,0.7988489270210266,0.5093399286270142,0.7510862946510315,0.49123263359069824,0.7517908811569214,0.48910099267959595,0.7089908719062805,0.49238449335098267,0.7088543176651001,0.5006736516952515,0.6578355431556702,0.4887932240962982,0.6560811996459961,0.5025349855422974,0.7334635416666667,0.48842592592592593,0.23619791666666667,0.1175925925925926,3.5708661417322833,0.6962182521820068,0.9411764705882353,87.52482377465398,43.32815830974314,-59.561139838165595,176.856689453125,172.51568603515625,178.8057861328125,164.9263153076172,47.91329788133908,183.2608309659091,59.06195068359375,0.7463880075341933,ABNOR_H,H11H21H31
FD_In_H11H21H31_0002_20201013_10.mp4,7254,0,0.511838972568512,0.8183422684669495,0.5200124382972717,0.8201614618301392,0.517838716506958,0.8224142789840698,0.5159445405006409,0.8199856281280518,0.5097981691360474,0.8244117498397827,0.5032421350479126,0.8027388453483582,0.49318361282348633,0.809330940246582,0.4991362392902374,0.8006725907325745,0.49761489033699036,0.7981407046318054,0.49587249755859375,0.8078511953353882,0.508695662021637,0.7898969054222107,0.5065299868583679,0.749367892742157,0.49157223105430603,0.7499428391456604,0.48629236221313477,0.7072688937187195,0.49492114782333374,0.7077856063842773,0.5002516508102417,0.6567095518112183,0.4922688901424408,0.6554384231567383,0.5028624534606934,0.7329427083333333,0.48819444444444443,0.23567708333333334,0.11712962962962963,3.5770750988142295,0.725614607334137,0.9411764705882353,85.87551621040004,26.927501796304927,-79.04383519474887,175.74778747558594,171.0560760498047,176.46502685546875,162.51304626464844,62.47129735784334,-80.80499822443181,67.133056640625,1.6493075642539452,ABNOR_H,H11H21H31
FD_In_H11H21H31_0002_20201013_10.mp4,7255,0,0.5503172278404236,0.8105126023292542,0.5272690653800964,0.8138615489006042,0.5262172222137451,0.8150056600570679,0.521298348903656,0.8163450956344604,0.5189268589019775,0.8175891637802124,0.5047287344932556,0.7997733950614929,0.5021170377731323,0.8005625605583191,0.49645572900772095,0.8013541102409363,0.49807947874069214,0.7691770195960999,0.4758787453174591,0.8087881207466125,0.5109856724739075,0.7385084629058838,0.48877009749412537,0.7480328679084778,0.49550560116767883,0.7469829320907593,0.4847090542316437,0.706428587436676,0.49992743134498596,0.7067739963531494,0.49928566813468933,0.655188262462616,0.4971575140953064,0.6541339755058289,0.5003405809402466,0.7322916666666667,0.48680555555555555,0.2359375,0.11898148148148148,3.5252918287937742,0.7587175965309143,1.0,84.40018319930554,-76.08210738219711,-99.80853521305467,174.83702087402344,169.12020874023438,172.46755981445312,161.44406127929688,114.8566128809802,74.64958639705881,80.269287109375,1.4753330110944916,ABNOR_H,H11H21H31
FD_In_H11H21H31_0002_20201013_10.mp4,7256,0,0.5913298726081848,0.8073889017105103,0.5279650092124939,0.8115361928939819,0.527985692024231,0.8120169043540955,0.5210736989974976,0.8150205612182617,0.5224687457084656,0.8143154978752136,0.5035438537597656,0.7980089783668518,0.5058724284172058,0.7967700362205505,0.49460139870643616,0.8007544279098511,0.49897482991218567,0.7578115463256836,0.46803972125053406,0.8087551593780518,0.5114026069641113,0.717292070388794,0.48097795248031616,0.7471396327018738,0.49516844749450684,0.7459844350814819,0.4821639358997345,0.7065271139144897,0.5018717646598816,0.7074682712554932,0.49743765592575073,0.6553264856338501,0.49941450357437134,0.6545928716659546,0.49724358320236206,0.7321614583333333,0.48657407407407405,0.23619791666666667,0.1175925925925926,3.5708661417322833,0.7788914442062378,1.0,82.70291828822673,-101.05733957821928,-98.9737626737728,173.14932250976562,167.30712890625,167.9454345703125,159.5818634033203,21.42747821777417,-94.3289092092803,84.88543701171875,1.6972649110788183,ABNOR_H,H11H21H31
FD_In_H11H21H31_0002_20201013_10.mp4,7257,0,0.6132485270500183,0.8063639402389526,0.5280826091766357,0.8110352158546448,0.5288459658622742,0.8110300302505493,0.5207979083061218,0.8152780532836914,0.5247204899787903,0.8130711317062378,0.5030485391616821,0.7977275848388672,0.5081099271774292,0.7965208292007446,0.49345991015434265,0.7993732690811157,0.50126051902771,0.7570832967758179,0.4666527509689331,0.8064834475517273,0.5113213658332825,0.7159456610679626,0.4787607789039612,0.7477563619613647,0.49548837542533875,0.7469025254249573,0.48080727458000183,0.7070327997207642,0.5013418197631836,0.7087618708610535,0.4944372773170471,0.6555246710777283,0.4999258518218994,0.6551932692527771,0.49493810534477234,0.7322916666666667,0.48657407407407405,0.23541666666666666,0.11666666666666667,3.5873015873015874,0.7798768877983093,1.0,81.8757247476151,-98.33131693274035,-95.90317459196771,174.49169921875,168.93540954589844,167.29147338867188,160.471435546875,15.15151515151515,-33.92999822443182,86.2591552734375,0.8271935406116313,ABNOR_H,H11H21H31
FD_In_H11H21H31_0002_20201013_10.mp4,7258,0,0.6329012513160706,0.8065678477287292,0.5269098877906799,0.8114303350448608,0.5278950929641724,0.8113937973976135,0.5194258093833923,0.8160576224327087,0.5245548486709595,0.8136906027793884,0.5017551183700562,0.7987877130508423,0.5091913938522339,0.7972571849822998,0.49227678775787354,0.8010648488998413,0.5026683211326599,0.7577317953109741,0.46437540650367737,0.8079325556755066,0.51128089427948,0.7163535952568054,0.47601187229156494,0.7484356164932251,0.49571770429611206,0.7471789121627808,0.47964608669281006,0.7080020308494568,0.5004128217697144,0.7095246911048889,0.49222683906555176,0.655678927898407,0.500368595123291,0.6553944945335388,0.4948493540287018,0.7330729166666666,0.4863425925925926,0.23541666666666666,0.11712962962962963,3.5731225296442686,0.7678617835044861,1.0,81.68180484597798,-99.13845579276943,-97.91395290159231,176.2356719970703,170.9171142578125,167.7030487060547,161.28118896484375,89.45239015144439,-29.600255629595587,84.73248291015625,0.19391990163711625,ABNOR_H,H11H21H31
FD_In_H11H21H31_0002_20201013_10.mp4,7259,0,0.6181960105895996,0.8090327978134155,0.5238566398620605,0.8139892816543579,0.5258191227912903,0.8142999410629272,0.5163300037384033,0.8179895281791687,0.5247528553009033,0.8166088461875916,0.49949273467063904,0.7988482713699341,0.5126969814300537,0.7996899485588074,0.4916744530200958,0.7999410629272461,0.5076693892478943,0.7631427049636841,0.46460819244384766,0.8085962533950806,0.5151384472846985,0.724505603313446,0.4736608862876892,0.7481149435043335,0.49875539541244507,0.7480605244636536,0.4810299277305603,0.7072077393531799,0.5020596981048584,0.709661602973938,0.491194486618042,0.654901385307312,0.5021296143531799,0.6551769971847534,0.49444782733917236,0.733203125,0.48703703703703705,0.23567708333333334,0.11666666666666667,3.5912698412698414,0.7673512697219849,1.0,82.30566305642083,-85.92887479056678,-90.31273671290322,177.44149780273438,173.4546356201172,168.61143493652344,164.9158172607422,47.91329788133908,144.70510771780303,73.36224365234375,0.6238582104428474,ABNOR_H,H11H21H31
FD_In_H11H21H31_0002_20201013_10.mp4,7260,0,0.5982126593589783,0.8055450320243835,0.527400553226471,0.8109292984008789,0.5291109681129456,0.8106626272201538,0.5187954306602478,0.8157421946525574,0.5276461839675903,0.812594473361969,0.5004867911338806,0.7976613640785217,0.5151893496513367,0.796330451965332,0.49227142333984375,0.7972661852836609,0.5081453919410706,0.7548477053642273,0.46340733766555786,0.8025059103965759,0.5137563347816467,0.7109395861625671,0.47348687052726746,0.7481294274330139,0.49956563115119934,0.7474449276924133,0.4808593690395355,0.7075273394584656,0.5008623003959656,0.7095063924789429,0.4899871349334717,0.6539946794509888,0.4986942410469055,0.655220091342926,0.4920749366283417,0.7333333333333333,0.4863425925925926,0.2375,0.11805555555555555,3.5764705882352943,0.7769970297813416,1.0,81.21605075970099,-95.89426230356398,-93.72190049417324,177.666015625,173.5320587158203,168.90972900390625,164.81192016601562,46.50408323777028,20.319321576286764,80.326171875,1.0896122967198352,ABNOR_H,H11H21H31
FD_In_H11H21H31_0002_20201013_10.mp4,7261,0,0.5416918992996216,0.8064407110214233,0.5270633101463318,0.8115472793579102,0.5283350944519043,0.8118070960044861,0.5190721750259399,0.8169969916343689,0.5266874432563782,0.8148390054702759,0.5019387602806091,0.7993366122245789,0.5148471593856812,0.7977333664894104,0.4954450726509094,0.7943258285522461,0.5102620720863342,0.7535884976387024,0.4690624177455902,0.7951534986495972,0.515446662902832,0.7090523838996887,0.47971993684768677,0.7497003674507141,0.5010881423950195,0.7477973699569702,0.48396143317222595,0.7085540890693665,0.49895617365837097,0.7092681527137756,0.4910627603530884,0.6545692086219788,0.4966089427471161,0.6555367708206177,0.49500134587287903,0.7334635416666667,0.487962962962963,0.23880208333333333,0.11666666666666667,3.638888888888889,0.748397707939148,1.0,81.88433591207394,-98.35716905022161,-101.1738143557066,179.7316436767578,176.44204711914062,172.80702209472656,166.7103271484375,107.13739108887084,151.34869199810606,74.603271484375,0.6682851523729454,ABNOR_H,H11H21H31
FD_In_H11H21H31_0002_20201013_10.mp4,7262,0,0.4777229130268097,0.8079655170440674,0.5254276394844055,0.8128208518028259,0.5259950757026672,0.8129913210868835,0.5178077220916748,0.8178423047065735,0.5243154168128967,0.8154863119125366,0.5022035837173462,0.7999727129936218,0.5134052038192749,0.7990237474441528,0.4975416362285614,0.7953905463218689,0.5107650756835938,0.7584813833236694,0.4760957956314087,0.7960125207901001,0.5143380761146545,0.7187803387641907,0.48608964681625366,0.7496681213378906,0.5008646249771118,0.7479109168052673,0.4852655529975891,0.7080499529838562,0.49691319465637207,0.708570122718811,0.4914150536060333,0.6545578241348267,0.4944997727870941,0.6551218032836914,0.4962681531906128,0.7334635416666667,0.48912037037037037,0.23932291666666666,0.11435185185185186,3.720647773279352,0.7291867136955261,1.0,82.16289355227217,-96.07047514633261,-101.32426103654961,178.39683532714844,177.8987579345703,175.07461547851562,167.28106689453125,75.75757575757575,35.365249171401516,69.90313720703125,0.2785576401982297,ABNOR_H,H11H21H31
FD_In_H11H21H31_0002_20201013_10.mp4,7263,0,0.47348320484161377,0.8101404905319214,0.523231029510498,0.8151045441627502,0.5240359902381897,0.8151276111602783,0.5158724784851074,0.820163369178772,0.5234809517860413,0.8175586462020874,0.5013524293899536,0.8012152314186096,0.5139034986495972,0.8010885715484619,0.4968476891517639,0.7954317331314087,0.5122935771942139,0.7613571286201477,0.4743555188179016,0.7964525818824768,0.5148033499717712,0.7229629755020142,0.4833892285823822,0.7500155568122864,0.501434326171875,0.7485369443893433,0.48552387952804565,0.7078312635421753,0.4974721372127533,0.7084161639213562,0.49174895882606506,0.6541894674301147,0.49525588750839233,0.6544160842895508,0.49684667587280273,0.7334635416666667,0.48935185185185187,0.23880208333333333,0.11388888888888889,3.727642276422764,0.7337568998336792,1.0,82.64960980294381,-90.75630935912297,-99.38154478914723,178.3069610595703,178.0514678955078,175.2238006591797,168.10105895996094,14.705882352941176,26.302562040441174,64.26422119140625,0.48671625067164825,ABNOR_H,H11H21H31
FD_In_H11H21H31_0002_20201013_10.mp4,7264,0,0.48861607909202576,0.8119432926177979,0.5234427452087402,0.816775918006897,0.5241557955741882,0.8167707920074463,0.5160415172576904,0.8209413886070251,0.5229402780532837,0.8185570240020752,0.5009827613830566,0.8010685443878174,0.5137853622436523,0.802446722984314,0.49686866998672485,0.7946973443031311,0.513529896736145,0.7688525319099426,0.4778589904308319,0.797261655330658,0.5167786478996277,0.7390989661216736,0.486349493265152,0.7499352097511292,0.5018429160118103,0.7492903470993042,0.4861813485622406,0.708225429058075,0.4963654577732086,0.7100355625152588,0.4903810918331146,0.65434730052948,0.494235634803772,0.6556631922721863,0.49611896276474,0.7337239583333334,0.48842592592592593,0.23828125,0.11574074074074074,3.66,0.7360072135925293,1.0,83.0410870138392,-81.7589324386019,-94.18664496859537,177.04917907714844,179.95152282714844,176.74038696289062,170.10374450683594,67.75963568181182,34.88991477272727,63.57012939453125,0.39147721089538834,ABNOR_H,H11H21H31
FD_In_H11H21H31_0002_20201013_10.mp4,7265,0,0.4982248544692993,0.8091684579849243,0.5242448449134827,0.814422070980072,0.5255165696144104,0.814144492149353,0.5161940455436707,0.8193512558937073,0.5250437259674072,0.8161049485206604,0.500162661075592,0.8004806637763977,0.516228973865509,0.8002989292144775,0.4949498474597931,0.7971258163452148,0.5141326785087585,0.7633708715438843,0.4733486771583557,0.80058753490448,0.5175744891166687,0.7283108830451965,0.4825933873653412,0.7498375177383423,0.5023277401924133,0.7490234375,0.4843769073486328,0.7080982327461243,0.4976631999015808,0.7105216979980469,0.4882207214832306,0.654438853263855,0.49560320377349854,0.6561990976333618,0.49370965361595154,0.7338541666666667,0.48842592592592593,0.23802083333333332,0.11666666666666667,3.626984126984127,0.7475285530090332,1.0,82.30732787946444,-90.86972826790533,-94.60926332083913,177.64016723632812,179.96041870117188,174.81979370117188,170.1698455810547,15.15151515151515,-43.186996922348484,66.72784423828125,0.7337591343747647,ABNOR_H,H11H21H31
FD_In_H11H21H31_0002_20201013_10.mp4,7266,0,0.507070779800415,0.8090184926986694,0.5248646140098572,0.8143276572227478,0.5263285636901855,0.8139370083808899,0.5163923501968384,0.81881183385849,0.5256800055503845,0.815122663974762,0.4994688332080841,0.7992100119590759,0.5170870423316956,0.7982622385025024,0.4944712221622467,0.7954427599906921,0.5146976113319397,0.7597696185112,0.47170549631118774,0.8000046014785767,0.5186936855316162,0.7225112915039062,0.48129555583000183,0.7487472295761108,0.5032985806465149,0.7477226257324219,0.48527172207832336,0.7081848978996277,0.4976876676082611,0.710476279258728,0.48847684264183044,0.6548440456390381,0.4939480721950531,0.6571080684661865,0.492390900850296,0.733984375,0.48842592592592593,0.23723958333333334,0.11666666666666667,3.615079365079365,0.7528802752494812,1.0,82.70444194519206,-94.26103228601576,-95.7699852724207,177.8090057373047,179.5897674560547,175.7113800048828,171.3826446533203,14.705882352941176,59.25975126378676,66.0516357421875,0.39711406572762087,ABNOR_H,H11H21H31
FD_In_H11H21H31_0002_20201013_10.mp4,7267,0,0.5263059139251709,0.8031015992164612,0.5248274207115173,0.8091672658920288,0.5281311273574829,0.8085068464279175,0.5151309370994568,0.8152655363082886,0.5294582843780518,0.8105759024620056,0.49599865078926086,0.7957601547241211,0.5212399959564209,0.7938016057014465,0.4887694716453552,0.78763747215271,0.5189363360404968,0.7488836050033569,0.4603431224822998,0.7877283096313477,0.519357442855835,0.7004651427268982,0.47098153829574585,0.7469894289970398,0.50398850440979,0.7455032467842102,0.48157092928886414,0.7055976986885071,0.5002928376197815,0.7096736431121826,0.4832373857498169,0.6530083417892456,0.4957481026649475,0.6578296422958374,0.48577338457107544,0.7338541666666667,0.48680555555555555,0.23802083333333332,0.11712962962962963,3.6126482213438735,0.7646201848983765,1.0,81.93574401012133,-96.12046393419838,-96.72190338383788,179.90512084960938,179.92086791992188,171.62179565429688,173.70909118652344,107.13739108887084,-98.53663589015152,69.2230224609375,0.7686979350707333,ABNOR_H,H11H21H31
FD_In_H11H21H31_0002_20201013_10.mp4,7268,0,0.5619085431098938,0.8010240793228149,0.5264503955841064,0.8070201873779297,0.529856264591217,0.8063709735870361,0.5165719389915466,0.8134750127792358,0.5313693881034851,0.808925449848175,0.4971923828125,0.7944338917732239,0.5238314867019653,0.7932430505752563,0.48848384618759155,0.7871021032333374,0.5211542844772339,0.7497819662094116,0.4599634110927582,0.7890759110450745,0.5216039419174194,0.7027222514152527,0.47132399678230286,0.7460219264030457,0.5034681558609009,0.7453212141990662,0.4796503782272339,0.7047046422958374,0.49996355175971985,0.7101720571517944,0.47969627380371094,0.653434693813324,0.49407491087913513,0.6593633890151978,0.48077908158302307,0.7341145833333333,0.48680555555555555,0.23645833333333333,0.11712962962962963,3.588932806324111,0.7759235501289368,1.0,80.32512737826791,-93.42760355623575,-92.99386998379222,179.03489685058594,179.35562133789062,169.42010498046875,174.03834533691406,30.3030303030303,-79.88392223011363,75.36480712890625,1.6106166318534179,ABNOR_H,H11H21H31
FD_In_H11H21H31_0002_20201013_10.mp4,7269,0,0.542921245098114,0.8009364008903503,0.5252853631973267,0.8067671060562134,0.5289918780326843,0.8062483668327332,0.5157106518745422,0.8126605749130249,0.5316099524497986,0.8086040616035461,0.49747851490974426,0.7935751080513,0.5255120992660522,0.7933733463287354,0.488515168428421,0.7880908846855164,0.5222306847572327,0.7507556676864624,0.46058565378189087,0.7921861410140991,0.5232626795768738,0.7043638229370117,0.47197309136390686,0.7460171580314636,0.5043702721595764,0.746399998664856,0.4800206422805786,0.7046976089477539,0.5024731159210205,0.7114068865776062,0.4802034795284271,0.6545917391777039,0.49564865231513977,0.6605675220489502,0.4789583683013916,0.734765625,0.48726851851851855,0.23411458333333332,0.11527777777777778,3.610441767068273,0.7924607992172241,1.0,79.99881971032686,-90.55539166415466,-88.39880434157814,177.0983428955078,179.0424346923828,167.44004821777344,174.02334594726562,79.19360010491917,40.41783949908088,71.47412109375,0.3263076679410517,ABNOR_H,H11H21H31
FD_In_H11H21H31_0003_20201013_10.mp4,7159,0,0.9038369059562683,0.5937918424606323,0.4157034158706665,0.5992540717124939,0.4136701822280884,0.593207597732544,0.4056300222873688,0.6059423685073853,0.40301889181137085,0.5877225995063782,0.3813702166080475,0.6061179637908936,0.40527936816215515,0.5706432461738586,0.3542126417160034,0.6101093292236328,0.4436335563659668,0.5394452214241028,0.3074689507484436,0.5934149622917175,0.4896017014980316,0.5042245984077454,0.28640758991241455,0.5603727102279663,0.42713192105293274,0.5377048254013062,0.3994596600532532,0.5491693019866943,0.5013052821159363,0.5420243144035339,0.4691869914531708,0.4928986430168152,0.4906177222728729,0.49595069885253906,0.4858618974685669,0.551953125,0.40046296296296297,0.16119791666666666,0.27037037037037037,1.0599315068493151,0.8709450364112854,1.0,115.62648674178945,-141.00177606752848,-145.5232782368629,98.93248748779297,95.22236633300781,120.0711669921875,121.40859985351562,0.0,0.0,5.200439453125,0.0,ABNOR_H,H11H21H31
FD_In_H11H21H31_0003_20201013_10.mp4,7160,0,0.8971096873283386,0.5944388508796692,0.421941876411438,0.5994955897331238,0.4196928143501282,0.5938211679458618,0.41253289580345154,0.6062145233154297,0.4084809124469757,0.5881525278091431,0.38859838247299194,0.6110371351242065,0.41198569536209106,0.5705850720405579,0.35646212100982666,0.6254916787147522,0.4636389911174774,0.5312994122505188,0.31419914960861206,0.6086063981056213,0.5176293849945068,0.5033630728721619,0.3077811002731323,0.5636237859725952,0.4252331256866455,0.5403749942779541,0.39291781187057495,0.5487711429595947,0.5096493363380432,0.5383515954017639,0.46481460332870483,0.49730008840560913,0.4942403733730316,0.4954000413417816,0.47858548164367676,0.5541666666666667,0.41412037037037036,0.1640625,0.2662037037037037,1.0956521739130434,0.8466870188713074,1.0,109.80776224244015,-142.32918683412373,-141.97947896495225,97.810546875,103.08745574951172,116.30104064941406,127.0326156616211,902.9459666475735,-268.1157729204963,27.791473388671875,5.818724499349301,ABNOR_H,H11H21H31
FD_In_H11H21H31_0003_20201013_10.mp4,7161,0,0.9145240187644958,0.5963714122772217,0.4353392720222473,0.6005951166152954,0.4336453676223755,0.5962907671928406,0.4266570508480072,0.6067660450935364,0.4231894612312317,0.5940463542938232,0.40354129672050476,0.6145707964897156,0.4299512207508087,0.5755922794342041,0.37391242384910583,0.6283193826675415,0.4819526970386505,0.5348960161209106,0.33536165952682495,0.6235380172729492,0.5454245805740356,0.4922434091567993,0.3205924928188324,0.5640385150909424,0.4377179443836212,0.545751690864563,0.41030174493789673,0.5504850149154663,0.5008971095085144,0.5455322861671448,0.4756549894809723,0.4961022436618805,0.49704381823539734,0.4951879382133484,0.4858049750328064,0.553125,0.4386574074074074,0.171875,0.2763888888888889,1.1055276381909547,0.8273042440414429,1.0,107.17281616782653,-141.03761594588073,-139.85846506486885,108.59334564208984,96.81201934814453,115.81694030761719,124.78992462158203,1610.6281534446437,977.5233413233901,24.4715576171875,2.634946074613623,ABNOR_H,H11H21H31
FD_In_H11H21H31_0003_20201013_10.mp4,7162,0,0.9044013023376465,0.5974636077880859,0.4478204548358917,0.6019655466079712,0.4480752646923065,0.5988499522209167,0.4391919672489166,0.6071605086326599,0.4399454891681671,0.5966033935546875,0.4153217077255249,0.6106954216957092,0.44544342160224915,0.5753504037857056,0.3868314027786255,0.6289860010147095,0.4952411353588104,0.5345239639282227,0.356435090303421,0.6304378509521484,0.564913809299469,0.49062949419021606,0.3470357358455658,0.5569718480110168,0.4341123104095459,0.5402929186820984,0.401787132024765,0.5489770770072937,0.5098429322242737,0.5382468104362488,0.46525976061820984,0.4967723786830902,0.5038796067237854,0.4886114001274109,0.4619489014148712,0.5533854166666666,0.46620370370370373,0.1828125,0.2759259259259259,1.1778523489932886,0.8271823525428772,1.0,91.31556938444092,-136.99176961779935,-132.52973274703288,96.95305633544922,91.13123321533203,93.86355590820312,106.77389526367188,1750.247140235662,-384.9954044117647,64.520751953125,15.857246783385605,ABNOR_H,H11H21H31
FD_In_H11H21H31_0003_20201013_10.mp4,7163,0,0.9036481976509094,0.5956205725669861,0.4535764157772064,0.6010442972183228,0.45531898736953735,0.5981373190879822,0.4461071491241455,0.610945999622345,0.4515416622161865,0.5990743637084961,0.4253174066543579,0.6170879602432251,0.4640952944755554,0.5839618444442749,0.39780497550964355,0.6283215880393982,0.5251197814941406,0.5428637266159058,0.3826078772544861,0.6304662823677063,0.6023067235946655,0.4927140176296234,0.3843447268009186,0.5684517621994019,0.43129420280456543,0.5515958666801453,0.39215320348739624,0.5472090244293213,0.5125896334648132,0.5289438366889954,0.45858460664749146,0.5017363429069519,0.5116244554519653,0.4826251268386841,0.46002426743507385,0.55234375,0.5030092592592592,0.1875,0.28379629629629627,1.1745513866231647,0.7899373173713684,0.8823529411764706,75.04932295949149,-131.61713909079353,-127.43734835974752,114.23259735107422,122.22561645507812,94.14191436767578,115.6141586303711,2412.138343170475,-407.522490530303,90.40185546875,16.26624642494943,ABNOR_H,H11H21H31
FD_In_H11H21H31_0003_20201013_10.mp4,7164,0,0.9016989469528198,0.5976787209510803,0.4762091636657715,0.6022192239761353,0.47860825061798096,0.6004769802093506,0.4700474143028259,0.6110484004020691,0.4762353301048279,0.601108968257904,0.4521942138671875,0.6151829957962036,0.48817431926727295,0.5890322923660278,0.42994022369384766,0.6243926882743835,0.5419880151748657,0.5461366772651672,0.411178857088089,0.6275270581245422,0.6091147661209106,0.49648571014404297,0.4362472593784332,0.5738250017166138,0.44171303510665894,0.5608304142951965,0.4036161005496979,0.5468937158584595,0.5269531011581421,0.5256412625312805,0.4592513144016266,0.5078189969062805,0.48552635312080383,0.4833790063858032,0.4330253005027771,0.5515625,0.5194444444444445,0.18802083333333333,0.2638888888888889,1.2666666666666666,0.765813410282135,0.8235294117647058,59.51957448667353,-128.60148570809574,-121.23206127177328,88.51203155517578,119.11017608642578,87.03302764892578,110.65069580078125,1079.5919713529431,716.1301121567235,115.65634155273438,15.529748472817964,ABNOR_H,H11H21H31
FD_In_H11H21H31_0003_20201013_10.mp4,7165,0,0.8956360816955566,0.5999135971069336,0.49211594462394714,0.6056901812553406,0.492790549993515,0.601733386516571,0.483969509601593,0.6159966588020325,0.49051010608673096,0.6009324789047241,0.46600088477134705,0.6181480884552002,0.5003197193145752,0.5885204076766968,0.4457551836967468,0.6281560659408569,0.5519490838050842,0.5433460474014282,0.4311240315437317,0.6300067901611328,0.6106479167938232,0.49834150075912476,0.47189170122146606,0.577573835849762,0.46146896481513977,0.5628882646560669,0.42447900772094727,0.5516735315322876,0.5319361090660095,0.5306783318519592,0.45932134985923767,0.515305757522583,0.5079390406608582,0.49204501509666443,0.46235278248786926,0.5510416666666667,0.5296296296296297,0.1890625,0.24074074074074073,1.396153846153846,0.818200409412384,0.9411764705882353,62.93991451631734,-133.98862473683653,-125.21460970357391,102.79854583740234,151.20797729492188,94.85443878173828,123.65248107910156,649.7271186580741,1290.24460736443,106.14666748046875,3.4203400296438105,ABNOR_H,H11H21H31
FD_In_H11H21H31_0003_20201013_10.mp4,7166,0,0.8722500801086426,0.600691020488739,0.5194153189659119,0.6046203374862671,0.519771158695221,0.6024218201637268,0.5139660239219666,0.6120499968528748,0.5147915482521057,0.6016473770141602,0.4977075159549713,0.6221820116043091,0.5119830965995789,0.5839391946792603,0.4672328531742096,0.635099470615387,0.5500096678733826,0.5307174921035767,0.4640316367149353,0.6349194049835205,0.6076197624206543,0.49626827239990234,0.5116386413574219,0.5788810849189758,0.4492630064487457,0.5622131824493408,0.4226474463939667,0.5433012247085571,0.5271394848823547,0.5296462774276733,0.5063904523849487,0.5004925727844238,0.47505447268486023,0.49359095096588135,0.4817345440387726,0.5510416666666667,0.5282407407407408,0.19479166666666667,0.22962962962962963,1.5080645161290323,0.7315439581871033,0.7647058823529411,47.1319083318496,-146.64647711192637,-138.0694919591038,94.6969223022461,103.61891174316406,89.9123764038086,75.56058502197266,90.9090909090909,-459.40977154356057,180.27386474609375,15.808006184467736,ABNOR_H,H11H21H31
FD_In_H11H21H31_0003_20201013_10.mp4,7167,0,0.8687539100646973,0.6044183373451233,0.5415629744529724,0.6082836389541626,0.5417855978012085,0.6054998636245728,0.5369888544082642,0.6168850064277649,0.5315756797790527,0.6044283509254456,0.5173421502113342,0.6242923736572266,0.5128868222236633,0.5828293561935425,0.4796677827835083,0.6349645256996155,0.5547498464584351,0.5298300981521606,0.47576355934143066,0.6357291340827942,0.6088043451309204,0.5146666765213013,0.5474469661712646,0.5691930651664734,0.4589001536369324,0.5513845682144165,0.4409218728542328,0.5363830327987671,0.5237953066825867,0.5222226977348328,0.5200440883636475,0.49255478382110596,0.4767717123031616,0.4784022569656372,0.4896714985370636,0.5484375,0.5314814814814814,0.20104166666666667,0.21296296296296297,1.6782608695652175,0.7848305106163025,0.8823529411764706,58.921688253843435,-155.7408206625583,-150.40942937713055,100.8384017944336,101.934326171875,103.08877563476562,88.5079574584961,369.89562471920306,913.4697191642992,197.96823120117188,11.789779921993834,ABNOR_H,H11H21H31
FD_In_H11H21H31_0003_20201013_10.mp4,7168,0,0.885613203048706,0.6002811193466187,0.5717089772224426,0.6016937494277954,0.5744878053665161,0.5990138649940491,0.5733059048652649,0.6063064336776733,0.5600095391273499,0.5914181470870972,0.5571118593215942,0.6192022562026978,0.5236852169036865,0.5660601854324341,0.521649181842804,0.6284328103065491,0.5496582388877869,0.5221887230873108,0.5432361960411072,0.635550320148468,0.6017799973487854,0.5120423436164856,0.6123251914978027,0.5875495672225952,0.45092442631721497,0.5531089901924133,0.44734805822372437,0.5995721220970154,0.5338799357414246,0.512624204158783,0.5385986566543579,0.5771645307540894,0.5153705477714539,0.46647971868515015,0.4951736032962799,0.5446614583333333,0.5435185185185185,0.20755208333333333,0.23333333333333334,1.5813492063492063,0.6813305616378784,0.7058823529411765,28.33352870629161,-178.76540609649027,-176.65709167975947,50.630462646484375,100.3697280883789,23.269506454467773,55.48136901855469,875.5868027414233,-49.220365636488964,264.757080078125,30.588159547551825,ABNOR_H,H11H21H31
FD_In_H11H21H31_0003_20201013_10.mp4,7169,0,0.8841933012008667,0.6073570847511292,0.5880542993545532,0.6117625832557678,0.585257351398468,0.6074390411376953,0.5839874148368835,0.6206444501876831,0.5724854469299316,0.6037437319755554,0.5676005482673645,0.6220256090164185,0.5399523973464966,0.5771816372871399,0.5493658781051636,0.6304115653038025,0.5581979155540466,0.525863528251648,0.5797285437583923,0.6351717114448547,0.6037643551826477,0.5210456252098083,0.6535292267799377,0.5651571154594421,0.46025994420051575,0.540768027305603,0.4618019163608551,0.5456411242485046,0.5402842164039612,0.5038024187088013,0.5612755417823792,0.5110810995101929,0.49097833037376404,0.46547386050224304,0.5105277895927429,0.5466145833333333,0.5780092592592593,0.20677083333333332,0.26435185185185184,1.3905429071803852,0.8474836349487305,1.0,44.755457306192135,173.26585413411084,177.96324343812873,74.69229125976562,86.7731704711914,75.19227600097656,69.92571258544922,2268.9868209744495,778.5616787997159,274.3704528808594,16.421928599900525,ABNOR_H,H11H21H31
FD_In_H11H21H31_0003_20201013_10.mp4,7170,0,0.8821812868118286,0.6166876554489136,0.619110107421875,0.6197681427001953,0.6149873733520508,0.6175062656402588,0.6153144836425781,0.6273487210273743,0.5979825854301453,0.6152393221855164,0.5970519781112671,0.6240844130516052,0.5576565265655518,0.5843105316162109,0.5752954483032227,0.6260105967521667,0.5748669505119324,0.5343793630599976,0.6179496049880981,0.6363474130630493,0.6114057302474976,0.5328958630561829,0.6915732622146606,0.5610908269882202,0.47810912132263184,0.5348604321479797,0.484586238861084,0.5355048775672913,0.5477656126022339,0.4968281090259552,0.5752013325691223,0.5055334568023682,0.4922284185886383,0.46103987097740173,0.5092707276344299,0.5438802083333333,0.5995370370370371,0.21171875,0.3,1.2546296296296295,0.8407379984855652,0.9411764705882353,49.57860660216149,165.9930034311819,172.0922582464037,76.95787811279297,80.70851135253906,87.75801086425781,80.83128356933594,1402.0807572415326,1290.7113467945771,297.56683349609375,4.823149295969358,ABNOR_H,H11H21H31
FD_In_H11H21H31_0003_20201013_10.mp4,7171,0,0.8663576245307922,0.6137993931770325,0.6331822872161865,0.616339921951294,0.6261957287788391,0.6137794852256775,0.62862229347229,0.6227332353591919,0.6047194004058838,0.6094135046005249,0.6090297698974609,0.6157028675079346,0.5600296258926392,0.580592155456543,0.5910732746124268,0.6217447519302368,0.5738554000854492,0.535505473613739,0.6427198648452759,0.6360418200492859,0.6126670241355896,0.5437185168266296,0.7136421203613281,0.5573671460151672,0.4837847054004669,0.5333576202392578,0.49647149443626404,0.5244277715682983,0.5471996665000916,0.48756322264671326,0.5769582390785217,0.49735450744628906,0.48818105459213257,0.45287761092185974,0.49613890051841736,0.53984375,0.6076388888888888,0.21770833333333334,0.3060185185185185,1.264750378214826,0.8385409712791443,0.9411764705882353,47.68823702806036,153.5568817334109,163.44654746178557,81.91767883300781,82.67034912109375,96.39720153808594,86.921142578125,708.4042259127854,574.7181285511364,308.99700927734375,1.8903695741011362,ABNOR_H,H11H21H31
FD_In_H11H21H31_0003_20201013_10.mp4,7172,0,0.7940595149993896,0.6127490997314453,0.6431800127029419,0.6115090847015381,0.6399222612380981,0.6141940951347351,0.6441044211387634,0.6095670461654663,0.6233671307563782,0.6089182496070862,0.6320260167121887,0.5948086380958557,0.5957819819450378,0.5837583541870117,0.6058434247970581,0.5447041392326355,0.6351885795593262,0.5305694937705994,0.6415970325469971,0.5339630842208862,0.6965137124061584,0.539722204208374,0.708544135093689,0.5666177868843079,0.5199319124221802,0.5509103536605835,0.5238668322563171,0.5352609753608704,0.5378386378288269,0.5071869492530823,0.5551694631576538,0.5008836388587952,0.4966852366924286,0.4603874087333679,0.5056248307228088,0.537890625,0.6173611111111111,0.21067708333333332,0.29768518518518516,1.2581648522550544,0.7714594602584839,0.8823529411764706,34.51043852358843,152.88002462484482,171.97906833472078,128.23654174804688,127.29146575927734,105.64611053466797,103.52937316894531,675.7303976053865,2079.5750473484845,261.96612548828125,13.17779850447193,ABNOR_H,H11H21H31
FD_In_H11H21H31_0003_20201013_10.mp4,7173,0,0.7329680323600769,0.6203556060791016,0.6638230085372925,0.6210000514984131,0.6665979623794556,0.6256720423698425,0.667358934879303,0.6190363168716431,0.6555006504058838,0.6242771148681641,0.6544502377510071,0.6028734445571899,0.6246978640556335,0.5946121215820312,0.6260871887207031,0.5340425372123718,0.6537415981292725,0.5280089378356934,0.6495461463928223,0.5384788513183594,0.7100169062614441,0.540211021900177,0.7219116687774658,0.5638824105262756,0.5322115421295166,0.5499852895736694,0.5316359400749207,0.5136149525642395,0.537990152835846,0.5003796815872192,0.5488027334213257,0.4755793511867523,0.4832811653614044,0.45890772342681885,0.4751799404621124,0.5436197916666666,0.6215277777777778,0.20911458333333333,0.2884259259259259,1.28892455858748,0.7636943459510803,0.8823529411764706,38.49196509101935,174.59600161201698,-178.66537051243807,137.32460021972656,124.02531433105469,123.15130615234375,119.01380157470703,699.1096661179242,636.8408203125,284.90240478515625,3.981526567430926,ABNOR_H,H11H21H31
FD_In_H11H21H31_0003_20201013_10.mp4,7174,0,0.6982417702674866,0.6206623315811157,0.6783701777458191,0.619541347026825,0.6815730333328247,0.6212263107299805,0.6845673322677612,0.6147556304931641,0.6685159802436829,0.6103538274765015,0.6753953695297241,0.607203483581543,0.6294457316398621,0.5821667313575745,0.6479670405387878,0.5999661684036255,0.6366311311721802,0.5234573483467102,0.6652942299842834,0.6175508499145508,0.6635388135910034,0.5354706048965454,0.7216310501098633,0.560932457447052,0.5342192649841309,0.5380480885505676,0.5389180779457092,0.5378226637840271,0.5467149019241333,0.4939625859260559,0.5452531576156616,0.524634063243866,0.503693163394928,0.44953298568725586,0.4609428346157074,0.5451822916666667,0.6266203703703703,0.20703125,0.2791666666666667,1.318407960199005,0.7017433047294617,0.8823529411764706,38.1902625676708,157.4069599109433,173.41169932159508,101.67288208007812,128.51123046875,113.90442657470703,121.10419464111328,379.69588139823236,304.0309096827651,306.291259765625,0.30170252334855263,ABNOR_H,H11H21H31
FD_In_H11H21H31_0003_20201013_10.mp4,7175,0,0.6618747115135193,0.6173419952392578,0.6914781332015991,0.6207832098007202,0.6933575868606567,0.6174570322036743,0.6927805542945862,0.6230710744857788,0.6869891881942749,0.6088647842407227,0.6850811243057251,0.6145340204238892,0.6485077142715454,0.5836111307144165,0.6761442422866821,0.6195520758628845,0.6186155080795288,0.5245289206504822,0.6706833243370056,0.634749174118042,0.6287927627563477,0.5366818904876709,0.7191333770751953,0.5650233030319214,0.5805131793022156,0.544725239276886,0.5893200635910034,0.5353315472602844,0.5412660241127014,0.5040404200553894,0.5646345615386963,0.5072833299636841,0.4944678843021393,0.45460957288742065,0.47912678122520447,0.545703125,0.6277777777777778,0.20494791666666667,0.2712962962962963,1.3430034129692834,0.8384712934494019,1.0,45.428035367905316,153.31040326031726,166.28474551369646,173.44798278808594,154.62750244140625,178.94573974609375,147.37181091308594,97.0170339004977,3164.593320904356,230.17291259765625,7.2377728002345165,ABNOR_H,H11H21H31
FD_In_H11H21H31_0003_20201013_10.mp4,7176,0,0.5330039262771606,0.5672195553779602,0.6471468210220337,0.5651320815086365,0.6503522992134094,0.5702470541000366,0.6489471197128296,0.5642567276954651,0.6540654301643372,0.5672429203987122,0.6506149768829346,0.5557807087898254,0.6618266701698303,0.5602074861526489,0.6438098549842834,0.5365858674049377,0.6846379637718201,0.5311463475227356,0.6406496167182922,0.5564544796943665,0.7072181701660156,0.5413008332252502,0.6764863729476929,0.5413858294487,0.6158304810523987,0.551179051399231,0.6101583242416382,0.5058082342147827,0.5846881866455078,0.5827266573905945,0.6000835299491882,0.45175448060035706,0.5310499668121338,0.5965980291366577,0.5809999704360962,0.5380208333333333,0.6303240740740741,0.22291666666666668,0.27824074074074073,1.4242928452579036,0.7086440324783325,0.7058823529411765,27.601429150075468,-66.40416395489703,-18.04534815738018,177.0453338623047,152.4489288330078,145.30474853515625,74.68431091308594,882.5980051837445,1783.7668026194851,73.76922607421875,17.82660621782985,ABNOR_H,H11H21H31
FD_In_H11H21H31_0003_20201013_10.mp4,7177,0,0.5860213041305542,0.5453188419342041,0.5628270506858826,0.5397747159004211,0.5671762824058533,0.5491662621498108,0.560911238193512,0.5310796499252319,0.5858169198036194,0.5504447221755981,0.5720170736312866,0.524326741695404,0.6119356751441956,0.5525339841842651,0.5835989117622375,0.535063624382019,0.6404620409011841,0.5628905892372131,0.5319304466247559,0.5279544591903687,0.6567294597625732,0.5160425901412964,0.5119496583938599,0.5275570750236511,0.6325265765190125,0.5558642148971558,0.6192144751548767,0.5210805535316467,0.6503596901893616,0.601069450378418,0.6285068392753601,0.5020263195037842,0.6215413808822632,0.618442714214325,0.607501745223999,0.5408854166666667,0.6326388888888889,0.21302083333333333,0.27824074074074073,1.3610648918469217,0.67204749584198,0.7058823529411765,-168.2769929968255,-29.470045963092343,-14.817019634149379,82.45881652832031,139.1851043701172,131.56797790527344,106.03369140625,366.1529082907446,842.8011807528409,-136.1739501953125,195.87842214690096,ABNOR_H,H11H21H31
FD_In_H11H21H31_0003_20201013_10.mp4,7178,0,0.6200907230377197,0.5856339335441589,0.6508155465126038,0.5813886523246765,0.6577678918838501,0.5886680483818054,0.6535524129867554,0.5759056806564331,0.6714850664138794,0.5876501798629761,0.6620240807533264,0.5656718611717224,0.6731258630752563,0.5841915607452393,0.6344416737556458,0.5689113736152649,0.679379940032959,0.5755546689033508,0.5490683913230896,0.5709638595581055,0.6940444707870483,0.5413914322853088,0.5291213989257812,0.527464747428894,0.6326595544815063,0.5456444621086121,0.6124588847160339,0.5303259491920471,0.6292932033538818,0.590045154094696,0.6108812689781189,0.4768010377883911,0.5672526359558105,0.5919474363327026,0.5861331224441528,0.5421875,0.6347222222222222,0.2109375,0.26944444444444443,1.3917525773195876,0.6819968819618225,0.7058823529411765,65.40818613988009,-49.59904218786654,-32.00668900982057,66.60166931152344,98.92620086669922,64.28247833251953,18.93042755126953,203.8427885920259,-216.73953894412878,61.03363037109375,233.68517913670559,ABNOR_H,H11H21H31
FD_In_H11H21H31_0003_20201013_10.mp4,7179,0,0.5373650193214417,0.531890332698822,0.5361087918281555,0.5262567400932312,0.5409718751907349,0.5329346060752869,0.5353662371635437,0.5185133814811707,0.5677542686462402,0.5349912643432617,0.5556212067604065,0.5270819067955017,0.6023144721984863,0.5388065576553345,0.5716773867607117,0.5481840372085571,0.5710654258728027,0.5674894452095032,0.5419169664382935,0.5113078355789185,0.5397756695747375,0.5164745450019836,0.510499894618988,0.5405848622322083,0.6673951745033264,0.5443527102470398,0.6453766226768494,0.5687416195869446,0.6996492147445679,0.5944033265113831,0.6233078241348267,0.5206222534179688,0.6652944087982178,0.6096470355987549,0.6327376365661621,0.5421875,0.6289351851851852,0.21041666666666667,0.2773148148148148,1.348914858096828,0.6925561428070068,0.7647058823529411,-166.2867161817225,-55.77079977770814,-73.07942638818703,10.915599822998047,146.8843231201172,143.04257202148438,83.69048309326172,367.6470588235294,2148.9886115579043,-259.798583984375,231.6949023216026,ABNOR_H,H11H21H31
FD_In_H11H21H31_0003_20201013_10.mp4,7180,0,0.7801734805107117,0.5182557702064514,0.5112038254737854,0.5129322409629822,0.5153632164001465,0.5163767337799072,0.5102413892745972,0.5018407702445984,0.5472948551177979,0.5135771036148071,0.5378623008728027,0.5093674063682556,0.5817818641662598,0.5204556584358215,0.5698403716087341,0.5178076028823853,0.5546095371246338,0.5498014092445374,0.5468961000442505,0.47703972458839417,0.5176966190338135,0.5118190050125122,0.5144020318984985,0.5510744452476501,0.6598149538040161,0.5494540333747864,0.6505172848701477,0.5790748000144958,0.6862121820449829,0.591532289981842,0.6236371994018555,0.5512039065361023,0.691003143787384,0.608832597732544,0.6468260884284973,0.5428385416666667,0.6231481481481481,0.20755208333333333,0.26944444444444443,1.3694158075601375,0.7295393347740173,0.8235294117647058,-141.6207429829086,-31.20672635604612,-107.21479113753932,33.459716796875,123.22030639648438,161.47352600097656,102.81366729736328,386.28935709036244,-79.84138257575758,-310.95849609375,24.6659731988139,ABNOR_H,H11H21H31
FD_In_H11H21H31_0003_20201013_10.mp4,7181,0,0.7859470844268799,0.5209587812423706,0.513925313949585,0.5144470930099487,0.518007755279541,0.5188170671463013,0.5136721134185791,0.5005966424942017,0.5506895184516907,0.5153745412826538,0.5435579419136047,0.5046990513801575,0.5861165523529053,0.5240853428840637,0.5777327418327332,0.4880831837654114,0.5576178431510925,0.5521146655082703,0.5556917786598206,0.45861753821372986,0.5126124024391174,0.5184125900268555,0.5205068588256836,0.5472484827041626,0.6632273197174072,0.5509965419769287,0.6549090147018433,0.5745849609375,0.6917762756347656,0.5921496748924255,0.6282036900520325,0.5381349325180054,0.6868181228637695,0.6142274737358093,0.6485721468925476,0.5419270833333333,0.6175925925925926,0.20833333333333334,0.27870370370370373,1.3289036544850499,0.7463885545730591,0.7647058823529411,-141.32753526453723,-13.672153411250981,-51.30412992927286,26.056560516357422,132.519775390625,164.88162231445312,101.74190521240234,367.6470588235294,247.8960822610294,-313.508544921875,0.29320771837137727,ABNOR_H,H11H21H31
FD_In_H11H21H31_0003_20201013_10.mp4,7182,0,0.7311850786209106,0.5169321298599243,0.5291818976402283,0.510522723197937,0.532390296459198,0.5161755084991455,0.5287958979606628,0.5011628270149231,0.5596515536308289,0.517524242401123,0.5533037185668945,0.5087339282035828,0.5953331589698792,0.5246683359146118,0.5791271924972534,0.49849551916122437,0.5699623227119446,0.5478325486183167,0.5581146478652954,0.4656161665916443,0.5174729228019714,0.5180718898773193,0.5220303535461426,0.5406252145767212,0.6595377326011658,0.5436304211616516,0.6468446254730225,0.5708408951759338,0.6900518536567688,0.5901963710784912,0.6209143400192261,0.5224753022193909,0.66370689868927,0.616625964641571,0.6584780216217041,0.5407552083333333,0.6168981481481481,0.20703125,0.2875,1.2801932367149758,0.7002279758453369,0.7647058823529411,-145.5772069443621,-29.773333489376775,-67.17336968477497,12.56413459777832,123.96678161621094,161.0449676513672,99.07247924804688,143.73989364401723,-384.67684659090907,-267.860107421875,4.249671679824871,ABNOR_H,H11H21H31
FD_In_H11H21H31_0003_20201013_10.mp4,7183,0,0.7463582158088684,0.6061150431632996,0.6806141138076782,0.6020768880844116,0.6917967200279236,0.6092756986618042,0.6879265904426575,0.5922609567642212,0.7020830512046814,0.6067315340042114,0.695186197757721,0.56915682554245,0.669148325920105,0.5944007635116577,0.6690026521682739,0.5421401858329773,0.5733892917633057,0.582969069480896,0.5849546194076538,0.5032494068145752,0.5188889503479004,0.5478917360305786,0.5466710925102234,0.5178052186965942,0.635822057723999,0.5357526540756226,0.627789318561554,0.5273873209953308,0.6136747002601624,0.5808534622192383,0.5918817520141602,0.47187864780426025,0.5561748147010803,0.5757443308830261,0.6089416742324829,0.5376302083333333,0.6287037037037037,0.20078125,0.275,1.297979797979798,0.777190625667572,0.8823529411764706,69.1346580980278,-0.18593324505893039,-14.131002422304274,82.66234588623047,37.84370422363281,72.4886703491211,45.692779541015625,854.0133740025425,-1399.7784238873105,105.42620849609375,214.7118650423899,ABNOR_H,H11H21H31
FD_In_H11H21H31_0003_20201013_10.mp4,7184,0,0.8128464818000793,0.6144291758537292,0.6900888085365295,0.6114839315414429,0.7038598656654358,0.6191343665122986,0.6967392563819885,0.5997341275215149,0.7196090817451477,0.620105504989624,0.7036520838737488,0.5756070017814636,0.6906934976577759,0.6055876016616821,0.6747302412986755,0.5420499444007874,0.6250371932983398,0.6116364002227783,0.6236828565597534,0.5202990770339966,0.5858433842658997,0.6082943081855774,0.6197216510772705,0.5208585858345032,0.6406680345535278,0.540420413017273,0.62687087059021,0.5081959366798401,0.6037140488624573,0.555855393409729,0.579343855381012,0.4580773413181305,0.5458760857582092,0.5331813097000122,0.5681072473526001,0.5373697916666667,0.6324074074074074,0.19401041666666666,0.2722222222222222,1.2670068027210883,0.855623185634613,1.0,65.33738952264567,-16.67318974098906,-21.6401013583775,154.3378448486328,75.5760726928711,148.55075073242188,82.44560241699219,237.1252278911338,124.75944967830881,121.64971923828125,3.797268575382134,ABNOR_H,H11H21H31
FD_In_H11H21H31_0003_20201013_10.mp4,7185,0,0.7247217893600464,0.6157382726669312,0.6877799034118652,0.6122050881385803,0.6979426741600037,0.6175087690353394,0.693218469619751,0.5997556447982788,0.719795286655426,0.6155321002006531,0.7096554040908813,0.5715818405151367,0.6998804807662964,0.6031373739242554,0.6844363808631897,0.52369624376297,0.637816846370697,0.5991557836532593,0.6249279975891113,0.49337369203567505,0.5941523313522339,0.5812668204307556,0.5936492681503296,0.5282307267189026,0.6519646048545837,0.5447108745574951,0.6372750401496887,0.5472504496574402,0.6507786512374878,0.5836970210075378,0.6029700636863708,0.4915943145751953,0.6003062129020691,0.5828648209571838,0.625584065914154,0.5360677083333333,0.6375,0.19244791666666666,0.2638888888888889,1.2964912280701755,0.843483567237854,1.0,62.279476564176186,-15.392332429540529,-26.628454409756557,29.03534507751465,59.923465728759766,33.87917709350586,50.75370407104492,366.1529082907446,710.2032285748106,93.225830078125,3.0579129584694797,ABNOR_H,H11H21H31
FD_In_H11H21H31_0003_20201013_10.mp4,7186,0,0.4499058425426483,0.599157452583313,0.6396582722663879,0.5942420363426208,0.6473091244697571,0.5999898910522461,0.6425356864929199,0.5790790319442749,0.6748368144035339,0.5943439602851868,0.6659778952598572,0.5543708801269531,0.6670685410499573,0.5843793153762817,0.6567003130912781,0.4933735728263855,0.5817091464996338,0.5787394642829895,0.5868589282035828,0.45613089203834534,0.5253129601478577,0.5484321713447571,0.5452533960342407,0.5312472581863403,0.6623196601867676,0.5435182452201843,0.6495565176010132,0.5603277087211609,0.6750779747962952,0.5861276984214783,0.6274911165237427,0.5113514065742493,0.6358300447463989,0.5859431624412537,0.6534831523895264,0.5346354166666667,0.6275462962962963,0.19166666666666668,0.28194444444444444,1.2085385878489328,0.7675654292106628,0.8823529411764706,84.0313693980003,-10.998309646068053,-30.330110602771725,10.401721000671387,73.03633880615234,7.273001194000244,21.85695457458496,672.495182459762,740.8336292613636,-35.1644287109375,21.751892833824108,ABNOR_H,H11H21H31
FD_In_H11H21H31_0003_20201013_10.mp4,7187,0,0.7667477130889893,0.5249320864677429,0.5173096060752869,0.5204485654830933,0.5209292769432068,0.5210558772087097,0.5156912803649902,0.5058034062385559,0.5515362024307251,0.5110184550285339,0.5421481728553772,0.5048540234565735,0.58309406042099,0.5122397541999817,0.5668606758117676,0.4812367856502533,0.5634511113166809,0.5082641839981079,0.5528701543807983,0.45831796526908875,0.5220381021499634,0.4867763817310333,0.5240048766136169,0.5335060954093933,0.6473468542098999,0.5313675999641418,0.6394458413124084,0.5728676319122314,0.686758279800415,0.5813720226287842,0.6433882117271423,0.5438115000724792,0.69026118516922,0.6048339605331421,0.6945272088050842,0.5359375,0.6293981481481481,0.1890625,0.2810185185185185,1.1960461285008237,0.7739669680595398,0.8823529411764706,-148.1700736322289,-51.032710279484775,-115.69531074166557,33.26819610595703,131.74073791503906,157.79466247558594,117.64165496826172,188.3271834539073,-796.770881204044,-272.3472900390625,232.2014430302292,ABNOR_H,H11H21H31
FD_In_H11H21H31_0003_20201013_10.mp4,7188,0,0.7187132239341736,0.5247818231582642,0.5189056992530823,0.5211663246154785,0.5209348797798157,0.5201622843742371,0.5161231756210327,0.5076821446418762,0.5488795042037964,0.5081925988197327,0.5404368042945862,0.5094669461250305,0.5791115760803223,0.506264865398407,0.5670068264007568,0.4986623227596283,0.5620664954185486,0.4933798909187317,0.5529772043228149,0.47332659363746643,0.5245870351791382,0.4708484709262848,0.5246114730834961,0.5391471982002258,0.6468735337257385,0.5302374958992004,0.6409603953361511,0.5745500922203064,0.6902520656585693,0.5778548121452332,0.6427739262580872,0.5438051223754883,0.6932957768440247,0.6043312549591064,0.6942430138587952,0.5356770833333333,0.6293981481481481,0.18854166666666666,0.2773148148148148,1.2086811352253757,0.7904496192932129,0.8823529411764706,-146.05708068642,-115.1863826549601,-159.5285506036202,37.76274871826172,133.67068481445312,162.4825897216797,121.1812744140625,30.3030303030303,34.07796223958333,-270.02435302734375,2.1129929458089123,ABNOR_H,H11H21H31
FD_In_H11H21H31_0003_20201013_10.mp4,7189,0,0.6868939995765686,0.5248826742172241,0.517914354801178,0.5207022428512573,0.5205109715461731,0.5207817554473877,0.5159783363342285,0.5066691637039185,0.549814760684967,0.5113757252693176,0.5417187213897705,0.5055028796195984,0.5819942951202393,0.5136621594429016,0.5672641396522522,0.48287802934646606,0.5631871819496155,0.516083300113678,0.5526227355003357,0.45876553654670715,0.5225595235824585,0.49729156494140625,0.5251431465148926,0.5377863049507141,0.6496650576591492,0.5345491170883179,0.6416487097740173,0.5735430121421814,0.6952999830245972,0.5829029679298401,0.6481844186782837,0.536468505859375,0.6873855590820312,0.6058355569839478,0.6944738030433655,0.5348958333333333,0.6289351851851852,0.19010416666666666,0.2773148148148148,1.2186978297161937,0.7714170813560486,0.8823529411764706,-146.35978562473056,-45.44057809472329,-125.67457449606962,28.827219009399414,135.7195587158203,165.9762725830078,120.8759994506836,95.82659576267817,113.88420336174242,-275.92388916015625,0.3027049383105691,ABNOR_H,H11H21H31
FD_In_H11H21H31_0003_20201013_10.mp4,7190,0,0.6781643629074097,0.5245071649551392,0.5177727341651917,0.5213215947151184,0.5196681618690491,0.519891083240509,0.515271008014679,0.5089672207832336,0.5482829213142395,0.5077018737792969,0.5406268835067749,0.5125812888145447,0.5762556195259094,0.5048815608024597,0.5673595666885376,0.5120922327041626,0.5581415891647339,0.48359155654907227,0.5529891848564148,0.48893091082572937,0.5248878598213196,0.4610307812690735,0.5240942239761353,0.5425172448158264,0.6456856727600098,0.5319008827209473,0.6407268047332764,0.5749294757843018,0.6936877965927124,0.5814056992530823,0.6422938108444214,0.5406464338302612,0.698913037776947,0.6071795225143433,0.6923027634620667,0.535546875,0.6287037037037037,0.19140625,0.2759259259259259,1.233221476510067,0.777822732925415,0.8823529411764706,-144.66052242430436,-146.9802550217103,-165.2786578935955,44.696353912353516,133.51715087890625,167.26698303222656,124.23326873779297,74.98558108224682,-155.68811753216912,-270.936279296875,1.699263200426202,ABNOR_H,H11H21H31
FD_In_H11H21H31_0003_20201013_10.mp4,7191,0,0.6209388971328735,0.5232970118522644,0.5185676217079163,0.5202661752700806,0.5208221673965454,0.5188261270523071,0.5159289836883545,0.5073255896568298,0.5494570136070251,0.5066775679588318,0.5411402583122253,0.5120168924331665,0.5762588381767273,0.5049059987068176,0.5684351325035095,0.5236130356788635,0.5572224259376526,0.48248720169067383,0.5522959232330322,0.5020467638969421,0.5277230143547058,0.459206759929657,0.5230350494384766,0.5434178709983826,0.6439670920372009,0.5342065095901489,0.640748918056488,0.5737354159355164,0.6905031204223633,0.5824310779571533,0.6488221883773804,0.551264762878418,0.6986748576164246,0.6023757457733154,0.6875476241111755,0.535546875,0.6287037037037037,0.19140625,0.275,1.2373737373737375,0.7649922370910645,0.8823529411764706,-142.37886129812657,-148.24721142969028,-168.88199589649696,52.36865997314453,137.8568572998047,170.31248474121094,131.1458740234375,0.0,-55.51979758522727,-267.38720703125,2.281661126177795,ABNOR_H,H11H21H31
FD_In_H11H21H31_0003_20201013_10.mp4,7192,0,0.47427257895469666,0.5240868926048279,0.5181817412376404,0.5196712613105774,0.5212113261222839,0.5204899907112122,0.5164015889167786,0.5041618943214417,0.5510244369506836,0.5115628242492676,0.5424354672431946,0.5013827681541443,0.5801874995231628,0.5170096755027771,0.5664842128753662,0.47704726457595825,0.5591586828231812,0.5261584520339966,0.5510138869285583,0.4552280306816101,0.5229100584983826,0.5077416300773621,0.5239005088806152,0.5368897914886475,0.648611307144165,0.5388891100883484,0.6409233808517456,0.5693219304084778,0.6907951235771179,0.5839196443557739,0.6491097807884216,0.5396667718887329,0.6873817443847656,0.6047248840332031,0.6818282008171082,0.5359375,0.6310185185185185,0.19114583333333332,0.28055555555555556,1.2112211221122111,0.7520216703414917,0.8823529411764706,-144.46882335551618,-26.255116071627715,-65.18715473830792,32.485931396484375,144.3431396484375,168.88308715820312,123.42727661132812,153.53391924868455,153.06360581341912,-273.42486572265625,2.089962057389613,ABNOR_H,H11H21H31
FD_In_H11H21H31_0003_20201013_10.mp4,7193,0,0.4189031720161438,0.5219764113426208,0.5193489789962769,0.5183831453323364,0.522389829158783,0.5182648301124573,0.5170810222625732,0.5031300783157349,0.5511074662208557,0.5085818767547607,0.5422288179397583,0.5028966069221497,0.578918993473053,0.5113857388496399,0.567493736743927,0.49908822774887085,0.5581740140914917,0.4964396357536316,0.547645628452301,0.47801363468170166,0.5265865325927734,0.4711013734340668,0.5194215774536133,0.5382376909255981,0.6439309120178223,0.5384140610694885,0.640958845615387,0.5712541937828064,0.685289204120636,0.5832542181015015,0.661749005317688,0.5637020468711853,0.6886873841285706,0.5947033166885376,0.6859614849090576,0.5369791666666667,0.6300925925925925,0.18958333333333333,0.27870370370370373,1.2093023255813953,0.7265279293060303,0.8823529411764706,-141.3156422546517,-37.12748568224326,-83.97782807418572,49.372535705566406,144.6688995361328,169.1907958984375,137.80426025390625,135.51927136362363,-152.01637961647725,-265.8870849609375,3.1531811008644866,ABNOR_H,H11H21H31
FD_In_H11H21H31_0003_20201013_10.mp4,7194,0,0.32203924655914307,0.5197594165802002,0.5207033753395081,0.5159686207771301,0.5238081216812134,0.5167682766914368,0.5181901454925537,0.5003167390823364,0.5523139834403992,0.5081307888031006,0.5425570011138916,0.49903422594070435,0.5803807377815247,0.5125309228897095,0.5665676593780518,0.49124136567115784,0.5591828227043152,0.49351492524147034,0.5461047887802124,0.4720737338066101,0.5261116623878479,0.4660438597202301,0.518439531326294,0.5325065851211548,0.6432723999023438,0.5395413041114807,0.6387453079223633,0.5593494176864624,0.6873788237571716,0.5846225619316101,0.6608428955078125,0.5561397671699524,0.6863387823104858,0.6079046130180359,0.6839738488197327,0.5372395833333333,0.6300925925925925,0.1890625,0.2814814814814815,1.194078947368421,0.7167911529541016,0.8235294117647058,-141.47765057797832,-29.92848960310148,-19.899781762837215,32.41641616821289,166.216064453125,176.16184997558594,139.04983520507812,30.3030303030303,-93.994140625,-259.85986328125,0.1620083233266314,ABNOR_H,H11H21H31
FD_In_H11H21H31_0003_20201013_10.mp4,7195,0,0.40376046299934387,0.5228589177131653,0.5183091759681702,0.5172287225723267,0.5223573446273804,0.5199829339981079,0.5165301561355591,0.49892061948776245,0.5531428456306458,0.5116016864776611,0.5427322387695312,0.49445441365242004,0.5848953127861023,0.523073136806488,0.56690913438797,0.4670965075492859,0.5586709380149841,0.5377115607261658,0.5472760200500488,0.45156511664390564,0.5222238898277283,0.5129268169403076,0.5214738845825195,0.5293664932250977,0.6546926498413086,0.5441886782646179,0.6452981233596802,0.5548216700553894,0.6901297569274902,0.5885171890258789,0.6575345993041992,0.5477044582366943,0.6855440735816956,0.6088290810585022,0.681253969669342,0.5372395833333333,0.632175925925926,0.1890625,0.28564814814814815,1.1766612641815235,0.7543461322784424,0.8823529411764706,-146.09260675789696,-19.469441420476524,-19.622150906397252,18.1418514251709,155.52651977539062,169.7082061767578,124.41471862792969,132.35294117647058,570.910285500919,-284.44219970703125,4.614956179918636,ABNOR_H,H11H21H31
FD_In_H11H21H31_0003_20201013_10.mp4,7196,0,0.3822189271450043,0.5237569212913513,0.5176280736923218,0.5184183716773987,0.5218483209609985,0.5210360288619995,0.5164706707000732,0.5016441345214844,0.5539893507957458,0.5134554505348206,0.5443984270095825,0.4973587393760681,0.5866795778274536,0.5241745114326477,0.5701654553413391,0.4685848355293274,0.5588602423667908,0.5467490553855896,0.5488874316215515,0.4505074620246887,0.5189962983131409,0.5226813554763794,0.5232476592063904,0.5303338766098022,0.6576544642448425,0.541660487651825,0.6492446064949036,0.5582486987113953,0.6885872483253479,0.5860479474067688,0.6598345041275024,0.5351673364639282,0.6676995158195496,0.6085721850395203,0.6792312860488892,0.537109375,0.6335648148148149,0.18932291666666667,0.28935185185185186,1.1632,0.7552857398986816,0.8823529411764706,-149.12719020269878,-19.106506005289912,-22.667941451106604,4.957881450653076,161.798095703125,161.49124145507812,119.10340118408203,92.1630686408821,226.08901515151513,-293.37432861328125,3.034583444801825,ABNOR_H,H11H21H31
FD_In_H11H21H31_0003_20201013_10.mp4,7197,0,0.31281450390815735,0.5241979956626892,0.5185297727584839,0.5188749432563782,0.5222925543785095,0.521255612373352,0.5170143842697144,0.5019189119338989,0.5543572306632996,0.5129403471946716,0.5451353192329407,0.4987206757068634,0.5881119966506958,0.5227677226066589,0.5730187296867371,0.47483912110328674,0.5589329600334167,0.5428032279014587,0.5491523146629333,0.45425882935523987,0.5193418264389038,0.5179939866065979,0.5225508213043213,0.5320677757263184,0.6592280268669128,0.541119396686554,0.6511969566345215,0.5606726408004761,0.6905419230461121,0.5857605338096619,0.6568995118141174,0.5345907211303711,0.6666527390480042,0.6081893444061279,0.6756925582885742,0.5375,0.6328703703703704,0.1890625,0.287962962962963,1.167202572347267,0.7496829032897949,0.8823529411764706,-148.38264853607842,-19.445886364889592,-26.522778955507178,4.365606784820557,158.87452697753906,161.43885803222656,116.76154327392578,64.2824346533225,115.39343631628788,-295.23468017578125,0.7445416666203641,ABNOR_H,H11H21H31
FD_In_H11H21H31_0003_20201013_10.mp4,7198,0,0.27508851885795593,0.5245092511177063,0.518902599811554,0.5192738771438599,0.5218210220336914,0.5213357210159302,0.5168647170066833,0.5027109384536743,0.5527709126472473,0.5124579668045044,0.5442900061607361,0.5009936690330505,0.5872114300727844,0.5211313366889954,0.5724235773086548,0.48415079712867737,0.5595113635063171,0.535353422164917,0.5485705137252808,0.4604552388191223,0.519903838634491,0.5089691281318665,0.5215361714363098,0.533560574054718,0.6594302654266357,0.5401386618614197,0.6509376764297485,0.5605775713920593,0.6949440836906433,0.5858356356620789,0.6545366048812866,0.5339155197143555,0.6718921065330505,0.6079305410385132,0.6758684515953064,0.537890625,0.6333333333333333,0.18880208333333334,0.287962962962963,1.1655948553054662,0.7432007789611816,0.8823529411764706,-148.6887974535952,-22.443824987280575,-35.98741081194214,10.544058799743652,154.03135681152344,165.19801330566406,115.82262420654297,53.022812874470425,-1.8113080193014706,-294.3677978515625,0.3061489175167935,ABNOR_H,H11H21H31
FD_In_H11H21H31_0003_20201013_10.mp4,7199,0,0.44314324855804443,0.5229889750480652,0.5193045735359192,0.5189539194107056,0.5218215584754944,0.5186207890510559,0.5164201259613037,0.5034780502319336,0.5489815473556519,0.5075465440750122,0.54055255651474,0.5081842541694641,0.578875720500946,0.5097272396087646,0.5672159194946289,0.5246571898460388,0.5561892986297607,0.4988864064216614,0.545801043510437,0.5019761323928833,0.5285618901252747,0.47359001636505127,0.5211344957351685,0.5397971868515015,0.6455146074295044,0.5355290770530701,0.6426265835762024,0.572087287902832,0.6890003085136414,0.5806808471679688,0.667269229888916,0.5661287903785706,0.6915512681007385,0.587982714176178,0.6866968870162964,0.5384114583333334,0.6305555555555555,0.18671875,0.2814814814814815,1.1792763157894737,0.7441381812095642,0.8823529411764706,-144.30054447422955,-76.76136645469049,-159.162382214304,50.68496322631836,140.816162109375,167.2881317138672,138.37722778320312,191.65319152535633,-727.4225408380681,-269.49456787109375,4.38825297936566,ABNOR_H,H11H21H31
FD_In_H11H21H31_0003_20201013_10.mp4,7200,0,0.5870895385742188,0.5256099104881287,0.51845383644104,0.5222427845001221,0.5191226601600647,0.5207484364509583,0.5147401094436646,0.5089569687843323,0.5462073087692261,0.5075702667236328,0.5389374494552612,0.5133243799209595,0.5764162540435791,0.509579062461853,0.5657645463943481,0.5296803712844849,0.5596314072608948,0.4956923723220825,0.5497526526451111,0.5058240294456482,0.5282254815101624,0.46897071599960327,0.5239217281341553,0.5396143198013306,0.6516693830490112,0.5345639586448669,0.6461541652679443,0.5624704360961914,0.695483386516571,0.5783513784408569,0.6573840379714966,0.540862500667572,0.6827352046966553,0.6060417294502258,0.6863294839859009,0.53828125,0.6344907407407407,0.18645833333333334,0.2865740740740741,1.1567043618739903,0.7972550988197327,0.8823529411764706,-149.64377348403417,-122.00901557692907,-148.4385971111596,28.798053741455078,157.75355529785156,169.00042724609375,127.13079833984375,250.43215244009414,307.5579474954044,-281.7891845703125,5.343229009804617,ABNOR_H,H11H21H31
FD_In_H11H21H31_0003_20201013_10.mp4,7201,0,0.5053509473800659,0.5253302454948425,0.5181360840797424,0.5222029089927673,0.5190104246139526,0.5205272436141968,0.5144528150558472,0.5091440081596375,0.5463365912437439,0.5075660943984985,0.5385808348655701,0.5139382481575012,0.5760899186134338,0.5094786882400513,0.5650930404663086,0.5349434614181519,0.5580939054489136,0.4963330626487732,0.5483788251876831,0.5108453035354614,0.5275783538818359,0.47024616599082947,0.5223994255065918,0.5399090051651001,0.6506773233413696,0.5348185300827026,0.6445366740226746,0.5640487670898438,0.6979785561561584,0.5811545252799988,0.6575183272361755,0.5391756892204285,0.6820823550224304,0.6053004860877991,0.6850675940513611,0.5380208333333333,0.6356481481481482,0.18697916666666667,0.2898148148148148,1.1469648562300319,0.7880319356918335,0.8823529411764706,-149.36552229494026,-125.78942551407309,-145.84128284331885,28.010374069213867,156.2640838623047,169.5411834716797,128.51116943359375,81.5934061687046,-85.40297999526514,-279.65716552734375,0.27825118909390767,ABNOR_H,H11H21H31
FD_In_H11H21H31_0003_20201013_10.mp4,7202,0,0.47694820165634155,0.5254165530204773,0.5182434320449829,0.5227294564247131,0.518534243106842,0.5205855369567871,0.5142518877983093,0.5104042291641235,0.5439574718475342,0.5065490007400513,0.537030041217804,0.5174945592880249,0.5720953941345215,0.5052464008331299,0.5650359988212585,0.5490590929985046,0.5561236143112183,0.48267287015914917,0.5475781559944153,0.5234160423278809,0.5295960903167725,0.4611893892288208,0.5197412371635437,0.5405992865562439,0.6456660032272339,0.5334652662277222,0.6421396732330322,0.560356080532074,0.6922253370285034,0.5810019373893738,0.6544447541236877,0.5410035848617554,0.6806955933570862,0.6092058420181274,0.678652822971344,0.5384114583333334,0.6354166666666666,0.18723958333333332,0.2902777777777778,1.1467304625199362,0.7914268970489502,0.8823529411764706,-148.8026190422011,-162.03712265683626,-164.46198375287824,34.44279861450195,162.51278686523438,172.14508056640625,131.33407592773438,47.91329788133908,-242.45383522727272,-271.42437744140625,0.5629032527391757,ABNOR_H,H11H21H31
FD_In_H11H21H31_0003_20201013_10.mp4,7203,0,0.38891351222991943,0.5255336761474609,0.5183343291282654,0.5222402215003967,0.5188579559326172,0.520847499370575,0.5147209763526917,0.5089858174324036,0.5456570982933044,0.5078188180923462,0.5391281843185425,0.5122583508491516,0.5762418508529663,0.5109460353851318,0.5664523839950562,0.5281030535697937,0.5569729804992676,0.49577629566192627,0.5489060878753662,0.5033642053604126,0.5244605541229248,0.4685809314250946,0.5209609866142273,0.5347884297370911,0.6468093991279602,0.5346018671989441,0.6424977779388428,0.5531189441680908,0.6836008429527283,0.578686535358429,0.6558031439781189,0.537556529045105,0.6691213250160217,0.6090182662010193,0.6727079153060913,0.5385416666666667,0.6356481481481482,0.1875,0.2916666666666667,1.1428571428571428,0.7710635662078857,0.8823529411764706,-150.74961748144557,-103.4045981443413,-94.39967545205397,20.84172821044922,172.22914123535156,168.04635620117188,128.57884216308594,20.797258270192575,47.69358915441176,-272.84954833984375,1.9469984392444815,ABNOR_H,H11H21H31
FD_In_H11H21H31_0003_20201013_10.mp4,7204,0,0.5284693837165833,0.5255044102668762,0.5178873538970947,0.5212069749832153,0.5187739133834839,0.5210486650466919,0.5144132375717163,0.5054380893707275,0.5448437333106995,0.5091750025749207,0.5379937887191772,0.5035524964332581,0.5765186548233032,0.516588032245636,0.563235878944397,0.49890244007110596,0.5553861260414124,0.5109907984733582,0.5483466386795044,0.47841352224349976,0.5210615396499634,0.4798872172832489,0.5216554403305054,0.5301133394241333,0.6475661993026733,0.5380529761314392,0.6422531604766846,0.5457783937454224,0.6808763146400452,0.5790932178497314,0.6599889397621155,0.541846513748169,0.6717026233673096,0.608262300491333,0.6753121614456177,0.5384114583333334,0.6354166666666666,0.18671875,0.29305555555555557,1.132701421800948,0.7836833596229553,0.8823529411764706,-150.36233354266233,-29.81989556787993,-20.627006649230772,2.5914809703826904,177.2008056640625,173.711181640625,129.44020080566406,21.42747821777417,16.764322916666664,-274.36822509765625,0.3872839387832414,ABNOR_H,H11H21H31
FD_In_H11H21H31_0003_20201013_10.mp4,7205,0,0.38849571347236633,0.5257963538169861,0.517453134059906,0.520893394947052,0.5189029574394226,0.5214932560920715,0.5143656134605408,0.5042775869369507,0.5469223260879517,0.510057270526886,0.5398903489112854,0.5014443397521973,0.5812197327613831,0.5197819471359253,0.5678995847702026,0.4889298677444458,0.5553560256958008,0.5233341455459595,0.5483920574188232,0.46677571535110474,0.5180500745773315,0.4911722242832184,0.5212729573249817,0.5301557183265686,0.6537634134292603,0.539871871471405,0.6481133103370667,0.5496057868003845,0.6795578002929688,0.5820248126983643,0.6575859785079956,0.5393751859664917,0.661906898021698,0.6097971200942993,0.6684143543243408,0.5384114583333334,0.6349537037037037,0.18776041666666668,0.29398148148148145,1.1354330708661418,0.7775660157203674,0.8823529411764706,-150.40582900306276,-22.224437392322912,-18.113064224902605,7.41963005065918,174.8341522216797,161.85260009765625,121.20539855957031,30.3030303030303,394.60523200757575,-288.32818603515625,0.04349546040043606,ABNOR_H,H11H21H31
FD_In_H11H21H31_0003_20201013_10.mp4,7206,0,0.4369371235370636,0.5257550477981567,0.5175721049308777,0.5211502313613892,0.5189089179039001,0.5216633677482605,0.5147116780281067,0.5061141848564148,0.547985851764679,0.5119174122810364,0.5411604046821594,0.5040255784988403,0.586155891418457,0.5239245295524597,0.5722588300704956,0.49172669649124146,0.5568014979362488,0.5390551686286926,0.5508526563644409,0.46645939350128174,0.5160520672798157,0.502734363079071,0.5220466256141663,0.5347127914428711,0.6679205894470215,0.5452271699905396,0.6615005731582642,0.5514200329780579,0.6806330680847168,0.5855172872543335,0.6581696271896362,0.5302261114120483,0.6544374227523804,0.6113284826278687,0.6677617430686951,0.5381510416666667,0.6354166666666666,0.18932291666666667,0.29398148148148145,1.1448818897637796,0.7977213859558105,0.8823529411764706,-151.60941470295427,-21.446784798030556,-18.955582428870375,11.637804985046387,165.53033447265625,146.88314819335938,110.33226013183594,41.59451654038515,874.9389648437499,-317.81915283203125,1.203585699891505,ABNOR_H,H11H21H31
FD_In_H11H21H31_0004_20201013_16.mp4,7627,0,0.9075950384140015,0.20551492273807526,0.19863766431808472,0.2096678763628006,0.18603621423244476,0.19839239120483398,0.19056205451488495,0.215931236743927,0.18313543498516083,0.18746954202651978,0.19398313760757446,0.23155519366264343,0.21105346083641052,0.1861332356929779,0.24639171361923218,0.2514410614967346,0.27242419123649597,0.20385214686393738,0.30594322085380554,0.25103217363357544,0.3389565646648407,0.22778816521167755,0.3492729067802429,0.2555409371852875,0.3049814999103546,0.2297925502061844,0.32587966322898865,0.27261385321617126,0.36691948771476746,0.24518781900405884,0.3866115212440491,0.28616631031036377,0.3925321698188782,0.27410218119621277,0.38596969842910767,0.23567708333333334,0.28541666666666665,0.1203125,0.29953703703703705,0.714064914992272,0.935173511505127,1.0,-145.2600496454135,156.36462528160683,155.46133301717765,162.85736083984375,113.54381561279297,178.31053161621094,159.94158935546875,0.0,0.0,-252.27273559570312,0.0,ABNOR_H,H11H21H31
FD_In_H11H21H31_0004_20201013_16.mp4,7628,0,0.8895028829574585,0.2033606469631195,0.19943703711032867,0.20729981362819672,0.1867775022983551,0.19616390764713287,0.1915951818227768,0.21322369575500488,0.18354392051696777,0.18453121185302734,0.19520975649356842,0.22830109298229218,0.21218469738960266,0.1834430694580078,0.2497066706418991,0.24927307665348053,0.2716818153858185,0.20066046714782715,0.3097279667854309,0.24985823035240173,0.3387662172317505,0.2262316197156906,0.35234037041664124,0.25372350215911865,0.3082953989505768,0.22830645740032196,0.3303435444831848,0.27447184920310974,0.37489190697669983,0.24782952666282654,0.3938142955303192,0.2887079417705536,0.3906402587890625,0.27834606170654297,0.38726115226745605,0.23489583333333333,0.2851851851851852,0.12552083333333333,0.29814814814814816,0.7484472049689441,0.9293559789657593,1.0,-144.74143345499803,154.80259026045246,153.99022212389968,150.8728790283203,111.7836685180664,176.20407104492188,163.98541259765625,92.1630686408821,254.5443448153409,-258.946044921875,0.5186161904154574,ABNOR_H,H11H21H31
FD_In_H11H21H31_0004_20201013_16.mp4,7629,0,0.9135110974311829,0.20094983279705048,0.20249244570732117,0.20476000010967255,0.18909655511379242,0.193379744887352,0.19485072791576385,0.2106364369392395,0.1859348714351654,0.18119868636131287,0.19990688562393188,0.22547540068626404,0.21677950024604797,0.18009331822395325,0.25661060214042664,0.24781909584999084,0.27548354864120483,0.1971178501844406,0.31504201889038086,0.24920707941055298,0.33979690074920654,0.22416898608207703,0.3552943170070648,0.25102558732032776,0.31064820289611816,0.225334033370018,0.33523499965667725,0.26952067017555237,0.36770904064178467,0.24506673216819763,0.39345312118530273,0.29057660698890686,0.3857521414756775,0.2790842056274414,0.3843565285205841,0.23424479166666667,0.2851851851851852,0.13046875,0.2916666666666667,0.7952380952380952,0.920988142490387,1.0,-143.88560960108714,153.72458018766116,151.70588626947017,145.68646240234375,112.5176010131836,175.8703155517578,165.422119140625,73.52941176470588,230.11241239659924,-260.1701965332031,0.8558238539108913,ABNOR_H,H11H21H31
FD_In_H11H21H31_0004_20201013_16.mp4,7630,0,0.8709983825683594,0.19681891798973083,0.20725752413272858,0.2006242871284485,0.19410765171051025,0.18966294825077057,0.1991090625524521,0.20656873285770416,0.19132760167121887,0.17800301313400269,0.20367978513240814,0.22204026579856873,0.22252978384494781,0.17673736810684204,0.2598922550678253,0.24582163989543915,0.2773149311542511,0.19423511624336243,0.31934401392936707,0.24983689188957214,0.3400091528892517,0.22120310366153717,0.3603416681289673,0.24953748285770416,0.3194056749343872,0.22418424487113953,0.3428025543689728,0.27383115887641907,0.3809405267238617,0.24722018837928772,0.40022632479667664,0.29968833923339844,0.3906669616699219,0.2854190766811371,0.3886168897151947,0.23567708333333334,0.28935185185185186,0.1390625,0.287962962962963,0.8585209003215434,0.923732578754425,1.0,-143.4590093502661,155.11303160200217,152.56640532967572,137.01039123535156,115.7939682006836,171.71226501464844,170.00204467773438,319.621562268621,534.2730897845644,-267.5086364746094,0.42660025082105335,ABNOR_H,H11H21H31
FD_In_H11H21H31_0004_20201013_16.mp4,7631,0,0.8347249627113342,0.19474506378173828,0.21229612827301025,0.1980431079864502,0.19948981702327728,0.18736189603805542,0.20493969321250916,0.20343443751335144,0.1987418383359909,0.1755584180355072,0.2122916728258133,0.2194560170173645,0.2302340269088745,0.17411617934703827,0.2690242528915405,0.2449152022600174,0.28163856267929077,0.19298551976680756,0.32912522554397583,0.24902133643627167,0.34504014253616333,0.22172686457633972,0.36660224199295044,0.24882474541664124,0.33287057280540466,0.2231896072626114,0.35671094059944153,0.2848639488220215,0.39866527915000916,0.2500416338443756,0.4113944172859192,0.3118572235107422,0.3968965709209442,0.28650516271591187,0.38763973116874695,0.23802083333333332,0.2965277777777778,0.15052083333333333,0.28379629629629627,0.9429037520391517,0.9089131355285645,1.0,-143.76919667494542,154.30111497600333,152.38511709039813,132.12814331054688,110.99462127685547,162.72340393066406,176.26565551757812,527.1602449686741,869.5041432100184,-286.1883850097656,0.3101873246793332,ABNOR_H,H11H21H31
FD_In_H11H21H31_0004_20201013_16.mp4,7632,0,0.8741514086723328,0.19074435532093048,0.22100377082824707,0.19383205473423004,0.2087423950433731,0.18339452147483826,0.21467362344264984,0.1995387226343155,0.20955657958984375,0.17210625112056732,0.2246343046426773,0.21676160395145416,0.23955337703227997,0.1711919754743576,0.2825494110584259,0.24484023451805115,0.2861354947090149,0.18703532218933105,0.34285593032836914,0.24979357421398163,0.34841445088386536,0.21807366609573364,0.3737245202064514,0.25184929370880127,0.3407030701637268,0.2265758514404297,0.36958491802215576,0.295499712228775,0.401281476020813,0.2534205913543701,0.42840576171875,0.33445245027542114,0.4133811295032501,0.2891576886177063,0.391183465719223,0.2565104166666667,0.30694444444444446,0.19427083333333334,0.2861111111111111,1.2071197411003236,0.9257363677024841,1.0,-139.48011227900815,152.04367609215424,147.26665870035148,151.9339141845703,98.68889617919922,159.63885498046875,170.52952575683594,2256.9655469805284,677.6668664180871,-289.7428894042969,4.289084395937266,ABNOR_H,H11H21H31
FD_In_H11H21H31_0004_20201013_16.mp4,7633,0,0.8723202347755432,0.18876895308494568,0.23534944653511047,0.1915709674358368,0.22231252491474152,0.1810540407896042,0.2287256419658661,0.19661715626716614,0.22209791839122772,0.1689584106206894,0.23852898180484772,0.2141694575548172,0.2514370083808899,0.1683608591556549,0.29937833547592163,0.24454478919506073,0.2943386733531952,0.18611866235733032,0.3583293557167053,0.2498324066400528,0.35595864057540894,0.21476303040981293,0.3833386301994324,0.24757252633571625,0.3483012914657593,0.22162775695323944,0.37810245156288147,0.2938123941421509,0.3988191485404968,0.2439696341753006,0.4202600121498108,0.3312641978263855,0.41373810172080994,0.27375710010528564,0.3966045677661896,0.25546875,0.3162037037037037,0.19791666666666666,0.27037037037037037,1.3013698630136987,0.9252666234970093,1.0,-138.73283068185216,149.5151635484481,147.13314133612957,161.05735778808594,109.22342681884766,153.08303833007812,173.03167724609375,618.0629713445799,527.4251302083333,-276.1612548828125,0.7472815971559896,ABNOR_H,H11H21H31
FD_In_H11H21H31_0004_20201013_16.mp4,7634,0,0.8172835111618042,0.18487825989723206,0.2519150674343109,0.1870068460702896,0.23964041471481323,0.17714624106884003,0.24604737758636475,0.19174827635288239,0.2398691028356552,0.16553671658039093,0.2570052444934845,0.21003147959709167,0.26722824573516846,0.16650629043579102,0.3163939118385315,0.24144360423088074,0.30173853039741516,0.18058498203754425,0.3805638551712036,0.2508402168750763,0.3578488826751709,0.20994144678115845,0.40259265899658203,0.24054083228111267,0.3647504448890686,0.21715451776981354,0.3967788815498352,0.28772640228271484,0.39951255917549133,0.24071073532104492,0.43696120381355286,0.3192436397075653,0.40149399638175964,0.2809516191482544,0.4037763774394989,0.24388020833333332,0.3298611111111111,0.17838541666666666,0.26064814814814813,1.2166962699822381,0.9094446301460266,1.0,-140.958448190546,147.568332109806,142.39062281607434,159.51622009277344,111.29850769042969,141.59059143066406,177.9407958984375,1570.296293642378,1115.753173828125,-278.31512451171875,2.22561750869383,ABNOR_H,H11H21H31
FD_In_H11H21H31_0004_20201013_16.mp4,7635,0,0.875812828540802,0.18264971673488617,0.27381542325019836,0.1844637095928192,0.26037243008613586,0.1740102618932724,0.2688966691493988,0.189723402261734,0.2610035538673401,0.1628967970609665,0.28312379121780396,0.2086028754711151,0.2844836711883545,0.16639353334903717,0.33628585934638977,0.23929162323474884,0.31477880477905273,0.1725458949804306,0.3914073407649994,0.25348201394081116,0.37011149525642395,0.19695228338241577,0.4198593199253082,0.23804759979248047,0.3751978874206543,0.21611639857292175,0.40782326459884644,0.27203160524368286,0.40982785820961,0.23481115698814392,0.46386539936065674,0.28889045119285583,0.396005779504776,0.26678645610809326,0.42375338077545166,0.22330729166666666,0.34699074074074077,0.14505208333333333,0.25601851851851853,1.0072332730560578,0.9251331090927124,1.0,-139.06055827093545,145.38119465582244,140.07779649688308,125.42096710205078,85.46126556396484,149.80787658691406,159.6521759033203,2643.4943621290163,703.369140625,-254.2215576171875,1.8978899196105488,ABNOR_H,H11H21H31
FD_In_H11H21H31_0004_20201013_16.mp4,7636,0,0.8931618332862854,0.17872101068496704,0.29918596148490906,0.17924770712852478,0.28597259521484375,0.17055293917655945,0.2962310016155243,0.18439282476902008,0.28579840064048767,0.16121168434619904,0.31210026144981384,0.20668625831604004,0.30418115854263306,0.16524046659469604,0.36438098549842834,0.23919706046581268,0.33017128705978394,0.16670545935630798,0.42184755206108093,0.2551535665988922,0.38416361808776855,0.19053563475608826,0.4564755856990814,0.24121786653995514,0.395257830619812,0.21912726759910583,0.4305095672607422,0.26476922631263733,0.4256700277328491,0.2330615222454071,0.4813017249107361,0.27822452783584595,0.41225942969322205,0.2643328309059143,0.43002191185951233,0.219921875,0.3685185185185185,0.14921875,0.23333333333333334,1.1369047619047619,0.9057264924049377,1.0,-135.003079474153,140.75019512724984,138.08801566797092,114.73031616210938,73.31041717529297,159.97496032714844,150.61585998535156,1463.1218118051488,1398.9673961292613,-245.58706665039062,4.057478796782448,ABNOR_H,H11H21H31
FD_In_H11H21H31_0004_20201013_16.mp4,7637,0,0.8883783221244812,0.17622333765029907,0.3262069821357727,0.1757178008556366,0.31298595666885376,0.1674346923828125,0.3240789771080017,0.1797448843717575,0.31123149394989014,0.15778383612632751,0.3402562439441681,0.20387820899486542,0.32636532187461853,0.164621040225029,0.39128395915031433,0.23815123736858368,0.34228000044822693,0.16573023796081543,0.4518851637840271,0.2561408281326294,0.39017242193222046,0.18492107093334198,0.49569499492645264,0.24294404685497284,0.41544580459594727,0.224308580160141,0.4522300660610199,0.26199212670326233,0.4299215078353882,0.24180875718593597,0.47757959365844727,0.275879830121994,0.41357821226119995,0.2683526873588562,0.4346390962600708,0.2171875,0.39490740740740743,0.15364583333333334,0.2388888888888889,1.1434108527131783,0.9033042788505554,1.0,-130.5156331523795,137.07126217456738,132.0077414911993,123.35151672363281,98.52587127685547,151.08677673339844,170.6983184814453,1704.6775664436755,1331.2108656939338,-232.48287963867188,4.48744632177349,ABNOR_H,H11H21H31
FD_In_H11H21H31_0004_20201013_16.mp4,7638,0,0.8687987327575684,0.1720794290304184,0.3512267470359802,0.17153118550777435,0.3388516902923584,0.16349007189273834,0.3499031364917755,0.1757238507270813,0.33881300687789917,0.15449203550815582,0.36837083101272583,0.1992114931344986,0.3483216166496277,0.1615624874830246,0.4224962890148163,0.2354615330696106,0.35823798179626465,0.16774232685565948,0.4863387644290924,0.2564496099948883,0.4055517613887787,0.18232408165931702,0.5429804921150208,0.2352849543094635,0.4251749813556671,0.21550798416137695,0.46728312969207764,0.25511598587036133,0.4203394949436188,0.22150136530399323,0.47151708602905273,0.27694272994995117,0.4166103005409241,0.25295814871788025,0.4542594254016876,0.21653645833333332,0.4340277777777778,0.15286458333333333,0.2523148148148148,1.0770642201834861,0.898435115814209,1.0,-127.23813611787823,132.06153021747548,129.8608701367664,177.6798095703125,141.1784210205078,122.0336685180664,176.63900756835938,2561.726489673937,811.0545765269886,-205.2049560546875,3.2774970345012804,ABNOR_H,H11H21H31
FD_In_H11H21H31_0004_20201013_16.mp4,7639,0,0.8019591569900513,0.16988280415534973,0.38633450865745544,0.16844011843204498,0.374408483505249,0.1617879569530487,0.38588088750839233,0.17212387919425964,0.3739599585533142,0.15396809577941895,0.40459561347961426,0.1952500343322754,0.3763940632343292,0.16336356103420258,0.45133405923843384,0.23134729266166687,0.3731224834918976,0.16849009692668915,0.514313280582428,0.25724083185195923,0.41293036937713623,0.18110285699367523,0.5789749026298523,0.22682256996631622,0.4159614145755768,0.21310429275035858,0.45699402689933777,0.24388371407985687,0.41012048721313477,0.22626177966594696,0.4655553996562958,0.2725638449192047,0.4072074890136719,0.2491680234670639,0.4480270743370056,0.21276041666666667,0.47453703703703703,0.15260416666666668,0.26851851851851855,1.0103448275862068,0.9175575971603394,1.0,-107.37324832424454,127.10504160344541,120.72543284602818,172.36964416503906,136.6080322265625,133.91839599609375,163.55914306640625,2687.675507327948,-638.2686730587121,-108.309326171875,19.864887793633685,ABNOR_H,H11H21H31
FD_In_H11H21H31_0004_20201013_16.mp4,7640,0,0.7759279012680054,0.16853146255016327,0.42557016015052795,0.1663018763065338,0.4133734703063965,0.16032437980175018,0.4276842772960663,0.1694861352443695,0.40987280011177063,0.1520967185497284,0.44739872217178345,0.19096550345420837,0.4061892330646515,0.16053500771522522,0.48477795720100403,0.22419500350952148,0.39468246698379517,0.16848544776439667,0.539726972579956,0.2527492642402649,0.41560083627700806,0.18232278525829315,0.5967901945114136,0.21577736735343933,0.43231281638145447,0.19792214035987854,0.4760867655277252,0.24297504127025604,0.4271865785121918,0.19051609933376312,0.49729111790657043,0.2794837951660156,0.413175493478775,0.20737557113170624,0.5023062825202942,0.20768229166666666,0.4960648148148148,0.15442708333333333,0.2439814814814815,1.125237191650854,0.9212414026260376,1.0,-98.95900893130658,124.54263435728684,125.94769705002449,173.87025451660156,67.66197967529297,143.31248474121094,50.71308898925781,1483.0355571151422,1125.8724437040441,-61.8399658203125,8.414239392937958,ABNOR_H,H11H21H31
FD_In_H11H21H31_0004_20201013_16.mp4,7641,0,0.5935492515563965,0.1603141725063324,0.4787451922893524,0.15709885954856873,0.4677391052246094,0.15402008593082428,0.480524480342865,0.16124467551708221,0.4507109820842743,0.14920946955680847,0.48484349250793457,0.18350845575332642,0.43583983182907104,0.16553714871406555,0.49828067421913147,0.21482950448989868,0.42737555503845215,0.16612035036087036,0.5401174426078796,0.2425750195980072,0.43262895941734314,0.17991463840007782,0.5960976481437683,0.21508952975273132,0.4311470091342926,0.205802783370018,0.4657242000102997,0.24327048659324646,0.4489089250564575,0.21688763797283173,0.49019432067871094,0.28068751096725464,0.4122011065483093,0.2494543492794037,0.44974979758262634,0.20234375,0.5055555555555555,0.16354166666666667,0.22407407407407406,1.2975206611570247,0.8664657473564148,1.0,-73.74167412079511,117.09738710896254,115.52331354629125,131.5873260498047,93.90847778320312,155.70091247558594,104.38909149169922,878.5266069287408,-377.29159268465907,65.46868896484375,25.217334810511474,ABNOR_H,H11H21H31
FD_In_H11H21H31_0004_20201013_16.mp4,7642,0,0.6877533793449402,0.15787141025066376,0.5098084211349487,0.1540556401014328,0.5029090046882629,0.15337373316287994,0.5115088820457458,0.15387102961540222,0.48994672298431396,0.14669275283813477,0.5141125917434692,0.17380963265895844,0.478103905916214,0.16011777520179749,0.5326400399208069,0.20618382096290588,0.4590677320957184,0.16542091965675354,0.5582985877990723,0.24172569811344147,0.4528649151325226,0.1755649447441101,0.588883101940155,0.20707866549491882,0.4759027063846588,0.20071753859519958,0.5059841275215149,0.23024822771549225,0.4712739586830139,0.21363288164138794,0.5137650370597839,0.2675279974937439,0.43536800146102905,0.2458968162536621,0.47035038471221924,0.199609375,0.5090277777777777,0.15546875,0.21805555555555556,1.267515923566879,0.8137878179550171,1.0,-77.60661369076688,114.05264521793653,110.60300239988966,157.96408081054688,124.15705108642578,175.71969604492188,141.00958251953125,379.51435001658643,2700.4951028262867,40.7484130859375,3.8649395699717672,ABNOR_H,H11H21H31
FD_In_H11H21H31_0004_20201013_16.mp4,7643,0,0.6111219525337219,0.16363820433616638,0.5385194420814514,0.15975971519947052,0.5335693955421448,0.15911683440208435,0.5449814200401306,0.16086134314537048,0.5239405632019043,0.15404877066612244,0.553674578666687,0.17546364665031433,0.4975740909576416,0.168864443898201,0.5599654912948608,0.21075944602489471,0.47781383991241455,0.17628517746925354,0.569124698638916,0.2393975406885147,0.5012909770011902,0.1870637983083725,0.587058961391449,0.21467672288417816,0.4626119136810303,0.20988336205482483,0.4987031817436218,0.2511731684207916,0.4622684121131897,0.22416743636131287,0.5109817385673523,0.27846235036849976,0.4380432963371277,0.25467950105667114,0.47568279504776,0.20703125,0.49907407407407406,0.1625,0.22777777777777777,1.2682926829268293,0.8403043150901794,1.0,-55.99552582435027,100.6493915324835,103.28487873027998,153.76844787597656,121.14112854003906,153.6685791015625,114.16142272949219,1081.8224259317478,-673.2556892163825,124.98171997070312,21.61108786641661,ABNOR_H,H11H21H31
FD_In_H11H21H31_0004_20201013_16.mp4,7644,0,0.7958331108093262,0.16051015257835388,0.5597788691520691,0.15740327537059784,0.5596221089363098,0.1554705649614334,0.5663139224052429,0.15798702836036682,0.5521158576011658,0.14578157663345337,0.5715545415878296,0.16751763224601746,0.513432502746582,0.15950171649456024,0.5651225447654724,0.2046678513288498,0.5076846480369568,0.18120431900024414,0.576040506362915,0.2280234396457672,0.5544922947883606,0.20004484057426453,0.5767039656639099,0.2056090086698532,0.47441208362579346,0.20091862976551056,0.5014403462409973,0.2417019009590149,0.4705662131309509,0.23323461413383484,0.4884800612926483,0.2782570421695709,0.44325825572013855,0.26324227452278137,0.45083481073379517,0.20091145833333332,0.5020833333333333,0.16067708333333333,0.22268518518518518,1.2827442827442828,0.7308880686759949,0.8235294117647058,-53.99811707988193,105.41309284919554,107.14542003693612,160.6374969482422,157.50315856933594,153.47865295410156,151.8562469482422,738.8597175900975,475.76811819365525,155.20166015625,1.9974087444683377,ABNOR_H,H11H21H31
FD_In_H11H21H31_0004_20201013_16.mp4,7645,0,0.8171021938323975,0.15828247368335724,0.5863046050071716,0.15439492464065552,0.5836573839187622,0.1541522592306137,0.5910486578941345,0.1531284749507904,0.5724670886993408,0.14713230729103088,0.592365562915802,0.16881127655506134,0.5350426435470581,0.15515880286693573,0.5696457624435425,0.20607352256774902,0.5383966565132141,0.18369464576244354,0.5779277682304382,0.21794596314430237,0.6057484745979309,0.19527959823608398,0.5915961861610413,0.20434914529323578,0.46903812885284424,0.1976560801267624,0.4889824688434601,0.2415316253900528,0.48167338967323303,0.23383894562721252,0.49170735478401184,0.27571824193000793,0.4298248291015625,0.26655301451683044,0.43363046646118164,0.197265625,0.5210648148148148,0.16588541666666667,0.25787037037037036,1.1436265709156195,0.8187763690948486,1.0,-43.406652498044494,125.04631469175496,120.82032335530174,128.7108612060547,132.61448669433594,122.92535400390625,130.6998291015625,1274.2458248490864,-566.4233039407169,231.75570678710938,10.591464581837435,ABNOR_H,H11H21H31
FD_In_H11H21H31_0004_20201013_16.mp4,7646,0,0.7926223874092102,0.154680997133255,0.6133950352668762,0.15508370101451874,0.6064834594726562,0.1511341631412506,0.6112884283065796,0.1603986918926239,0.582757294178009,0.14336654543876648,0.5955026149749756,0.17644910514354706,0.5576539039611816,0.1471557915210724,0.5724119544029236,0.2005271017551422,0.582055926322937,0.15195102989673615,0.6055790781974792,0.20133911073207855,0.6476473808288574,0.15876270830631256,0.6381522417068481,0.2016250342130661,0.4848923981189728,0.18881122767925262,0.49036622047424316,0.23265418410301208,0.4970036745071411,0.21802544593811035,0.4757201075553894,0.2682012617588043,0.4435252845287323,0.24582290649414062,0.41259247064590454,0.19765625,0.5335648148148148,0.15729166666666666,0.27824074074074073,1.004991680532446,0.7868204116821289,0.8823529411764706,-37.50545869074654,164.17788604052694,166.48854286149034,127.37743377685547,143.80313110351562,109.2134780883789,147.81776428222656,819.4434716963611,564.1525730942235,271.6539306640625,5.90119380729795,ABNOR_H,H11H21H31
FD_In_H11H21H31_0004_20201013_16.mp4,7647,0,0.8034399151802063,0.15309815108776093,0.6213565468788147,0.1519138365983963,0.6171544194221497,0.15011505782604218,0.6241900324821472,0.15354065597057343,0.6025036573410034,0.1426512897014618,0.6198651790618896,0.16786976158618927,0.5714479684829712,0.1434493511915207,0.5991345047950745,0.1954968422651291,0.5956824421882629,0.146626278758049,0.6288061141967773,0.19685719907283783,0.6566516160964966,0.15576590597629547,0.652367353439331,0.19305531680583954,0.5018847584724426,0.18339817225933075,0.5153523683547974,0.22728653252124786,0.4893612265586853,0.21262212097644806,0.4782225489616394,0.2646302580833435,0.434542179107666,0.24371762573719025,0.4208785891532898,0.19557291666666668,0.5430555555555555,0.165625,0.2962962962962963,0.99375,0.7656907439231873,0.8823529411764706,-37.057262610477956,147.47306029436368,141.88760142535682,152.08120727539062,169.50289916992188,134.39593505859375,165.8394775390625,666.8388207474359,1373.8421815814393,243.5140380859375,0.4481960802685876,ABNOR_H,H11H21H31
FD_In_H11H21H31_0004_20201013_16.mp4,7648,0,0.7599453926086426,0.14788255095481873,0.641299843788147,0.14763374626636505,0.6418609619140625,0.14654134213924408,0.6443979740142822,0.1497480422258377,0.629595935344696,0.14217668771743774,0.6361940503120422,0.15920835733413696,0.5945659875869751,0.14963631331920624,0.6080620884895325,0.19142818450927734,0.6137163639068604,0.16114570200443268,0.6325168609619141,0.18445102870464325,0.6721092462539673,0.16025447845458984,0.6651974320411682,0.17665019631385803,0.5152557492256165,0.17500825226306915,0.5201427936553955,0.21996775269508362,0.5051723122596741,0.2194712609052658,0.48652327060699463,0.2594607174396515,0.4195461571216583,0.2480582743883133,0.40416234731674194,0.194140625,0.5574074074074075,0.16848958333333333,0.3314814814814815,0.9036312849162011,0.7515606880187988,0.9411764705882353,-24.47231395671716,141.5822688992111,120.84961551693557,136.80999755859375,144.71791076660156,118.81360626220703,140.2003936767578,926.0036171430097,576.891730813419,266.97723388671875,12.584948653760797,ABNOR_H,H11H21H31
FD_In_H11H21H31_0004_20201013_16.mp4,7649,0,0.7288158535957336,0.14594799280166626,0.6573973894119263,0.14553873240947723,0.6579869389533997,0.1455404907464981,0.6593390703201294,0.14647775888442993,0.6433240175247192,0.14205360412597656,0.6468009352684021,0.15092942118644714,0.6121609807014465,0.15436673164367676,0.6155115365982056,0.1812153309583664,0.6307216882705688,0.17267204821109772,0.635453999042511,0.17147989571094513,0.6816838979721069,0.15995220839977264,0.6739605665206909,0.1707523912191391,0.52381432056427,0.1774100959300995,0.5232211351394653,0.20801015198230743,0.5054957866668701,0.21763096749782562,0.4845324456691742,0.2503117620944977,0.42148345708847046,0.24468952417373657,0.40818607807159424,0.19140625,0.5597222222222222,0.16979166666666667,0.3388888888888889,0.8907103825136612,0.779263436794281,1.0,-22.87384018830673,28.73601532264857,-2.8690499297557075,147.29261779785156,150.63067626953125,127.206298828125,142.3521270751953,352.415253018576,380.84642814867425,289.1800537109375,1.5984737684104289,ABNOR_H,H11H21H31
FD_In_H11H21H31_0004_20201013_16.mp4,7650,0,0.7725995779037476,0.1494021713733673,0.6563301086425781,0.14622311294078827,0.656587541103363,0.1496277004480362,0.6593895554542542,0.13845758140087128,0.6503875851631165,0.1449502557516098,0.6582387089729309,0.1347866952419281,0.6274454593658447,0.15326541662216187,0.6486501097679138,0.16740082204341888,0.6395559906959534,0.18029481172561646,0.6545282006263733,0.17058725655078888,0.6700656414031982,0.17062978446483612,0.6724485754966736,0.1605018526315689,0.5460996627807617,0.1727009266614914,0.5590023398399353,0.19502009451389313,0.4999373257160187,0.20961566269397736,0.5064750909805298,0.2461770474910736,0.42615729570388794,0.2478499412536621,0.4389421343803406,0.18841145833333334,0.5722222222222222,0.17109375,0.3351851851851852,0.9074585635359116,0.814577579498291,1.0,-25.146320584692766,32.841359392894184,30.750192036562286,177.9015350341797,173.8594970703125,156.28797912597656,149.75144958496094,863.1488582840699,1844.4662655101101,224.16278076171875,2.2724803963860367,ABNOR_H,H11H21H31
FD_In_H11H21H31_0004_20201013_16.mp4,7651,0,0.3189941644668579,0.16474008560180664,0.6264068484306335,0.15614885091781616,0.6384481191635132,0.16935138404369354,0.6307756900787354,0.1433250457048416,0.6434433460235596,0.1701309233903885,0.6273279786109924,0.14381423592567444,0.6314973831176758,0.17903533577919006,0.5886602401733398,0.16268664598464966,0.6600489020347595,0.2074776142835617,0.5923440456390381,0.17174135148525238,0.6932515501976013,0.20070095360279083,0.6285635828971863,0.1498650759458542,0.5594686269760132,0.16886833310127258,0.5338935256004333,0.19753623008728027,0.5565931797027588,0.2069961130619049,0.5002657771110535,0.23249155282974243,0.4847571551799774,0.231167271733284,0.4421858787536621,0.18919270833333332,0.5782407407407407,0.16223958333333333,0.3277777777777778,0.8799435028248588,0.6785293221473694,0.7647058823529411,3.3029816708179847,-34.37728389370722,-37.126770237426975,132.80519104003906,152.88272094726562,100.43727111816406,98.12205505371094,404.2928504280707,-384.21445904356057,172.20770263671875,28.44930225551075,ABNOR_H,H11H21H31
FD_In_H11H21H31_0004_20201013_16.mp4,7655,0,0.44791027903556824,0.17639251053333282,0.5769940614700317,0.17000260949134827,0.5782621502876282,0.17915911972522736,0.5739402174949646,0.15862946212291718,0.5812225937843323,0.17471365630626678,0.5721251964569092,0.1500260978937149,0.6096524000167847,0.17989477515220642,0.5812101364135742,0.1723482608795166,0.6639595627784729,0.2078450620174408,0.6249932646751404,0.1818118840456009,0.7181854248046875,0.2033648043870926,0.6626758575439453,0.13882790505886078,0.6095626950263977,0.1639607548713684,0.5871268510818481,0.17728114128112793,0.6081336140632629,0.22220058739185333,0.5439721345901489,0.1901513636112213,0.5474191308021545,0.23904791474342346,0.46829232573509216,0.18489583333333334,0.5858796296296296,0.16979166666666667,0.33194444444444443,0.9093444909344491,0.6841531991958618,0.7058823529411765,96.88811780962232,-28.17510998280831,-26.662976098352438,111.84658813476562,134.21800231933594,1.4557559490203857,10.828764915466309,175.44754721169974,839.0493751468515,-46.1175537109375,93.58513613880433,ABNOR_H,H11H21H31
FD_In_H11H21H31_0004_20201013_16.mp4,7656,0,0.34220176935195923,0.18505588173866272,0.5628495812416077,0.1788412481546402,0.5624606013298035,0.18718017637729645,0.5583361983299255,0.16569004952907562,0.5667136311531067,0.18142583966255188,0.5580036044120789,0.15216749906539917,0.594831109046936,0.18032041192054749,0.5664628744125366,0.16453038156032562,0.6622989177703857,0.21211545169353485,0.5968343019485474,0.17900466918945312,0.7093509435653687,0.21940094232559204,0.6100565791130066,0.13306675851345062,0.6270233988761902,0.1576080322265625,0.602660596370697,0.1653127670288086,0.6487944722175598,0.22196117043495178,0.555527925491333,0.168805330991745,0.6207252144813538,0.2359224259853363,0.49620458483695984,0.18411458333333333,0.5861111111111111,0.16875,0.3296296296296296,0.9101123595505618,0.6638273596763611,0.7058823529411765,132.6150269974933,-29.54466170022052,-29.179343002677996,81.67762756347656,135.0943603515625,64.26744842529297,19.485004425048828,89.45239015144439,1048.0598000919117,-112.3035888671875,35.72690918787097,ABNOR_H,H11H21H31
FD_In_H11H21H31_0004_20201013_16.mp4,7657,0,0.5009611248970032,0.18721455335617065,0.5704929232597351,0.18142780661582947,0.5712392330169678,0.18955574929714203,0.5654411315917969,0.16813023388385773,0.5754979252815247,0.18338099122047424,0.5628783106803894,0.1527915596961975,0.6023014187812805,0.18165366351604462,0.5661618113517761,0.16259750723838806,0.6672995686531067,0.21574583649635315,0.5782482624053955,0.1759064644575119,0.7128793001174927,0.22629094123840332,0.5825499892234802,0.13255245983600616,0.6305553317070007,0.15760192275047302,0.6033003330230713,0.1670256108045578,0.651613712310791,0.22253142297267914,0.5517668128013611,0.17285966873168945,0.6204831004142761,0.23718515038490295,0.49767744541168213,0.18346354166666667,0.5898148148148148,0.16848958333333333,0.32592592592592595,0.9190340909090909,0.6630175709724426,0.7058823529411765,129.70939038940082,-35.15829494888405,-31.46775322406151,89.46306610107422,139.77508544921875,57.10414123535156,16.918071746826172,253.98567597333653,136.52639678030303,-100.29931640625,2.9056366080924647,ABNOR_H,H11H21H31
FD_In_H11H21H31_0004_20201013_16.mp4,7658,0,0.5229154825210571,0.192268505692482,0.5635162591934204,0.188188835978508,0.5629732608795166,0.19461889564990997,0.5575997233390808,0.17661865055561066,0.5665957927703857,0.18837691843509674,0.553976833820343,0.15978479385375977,0.5993869304656982,0.18383079767227173,0.5573893785476685,0.1731032431125641,0.67206209897995,0.2208380252122879,0.534378707408905,0.17954601347446442,0.7226876616477966,0.24140134453773499,0.4785750210285187,0.13144174218177795,0.6426675319671631,0.1544760763645172,0.6132206320762634,0.15687809884548187,0.6692562699317932,0.21681982278823853,0.5687470436096191,0.1555163860321045,0.6655056476593018,0.22525255382061005,0.538988471031189,0.18333333333333332,0.5916666666666667,0.16822916666666668,0.32592592592592595,0.9176136363636364,0.6890649199485779,0.7058823529411765,134.01658195831274,-44.49233733678654,-35.71975227108864,26.704927444458008,138.6014862060547,71.11580657958984,25.068851470947266,122.1554204287659,721.0637872869318,-139.16412353515625,4.307191568911918,ABNOR_H,H11H21H31
FD_In_H11H21H31_0004_20201013_16.mp4,7659,0,0.4176497459411621,0.19345204532146454,0.5596354603767395,0.18902498483657837,0.5579009652137756,0.19587324559688568,0.5540058016777039,0.17679521441459656,0.5612937211990356,0.1906668245792389,0.5517606735229492,0.16021069884300232,0.5969759225845337,0.18466591835021973,0.5581356287002563,0.17078277468681335,0.6699337959289551,0.22202354669570923,0.5363702178001404,0.17999525368213654,0.7163191437721252,0.24115507304668427,0.4822751581668854,0.13201823830604553,0.6440814733505249,0.1547342836856842,0.6157993078231812,0.15030437707901,0.6795247793197632,0.21230030059814453,0.5800338983535767,0.14719298481941223,0.6845913529396057,0.2159704864025116,0.5707030892372131,0.183203125,0.5912037037037037,0.16744791666666667,0.32592592592592595,0.9133522727272727,0.6752899289131165,0.7058823529411765,135.39574266700103,-41.7767854690975,-35.004700478554284,89.96148681640625,144.22738647460938,90.69703674316406,28.035886764526367,32.88335261029103,126.82387408088235,-151.85858154296875,1.379160708688289,ABNOR_H,H11H21H31
FD_In_H11H21H31_0004_20201013_16.mp4,7660,0,0.45170339941978455,0.19726970791816711,0.5515792369842529,0.19321437180042267,0.5494502186775208,0.19952239096164703,0.5460060834884644,0.18058529496192932,0.5543267130851746,0.19495001435279846,0.5455713868141174,0.1617908924818039,0.5923288464546204,0.1873958706855774,0.5570755004882812,0.169337660074234,0.666580855846405,0.23012728989124298,0.5367411375045776,0.1813337802886963,0.7042950391769409,0.24656377732753754,0.482088565826416,0.13083091378211975,0.6468175649642944,0.15364257991313934,0.6221871972084045,0.14400891959667206,0.6834455728530884,0.20957279205322266,0.5969225168228149,0.13638034462928772,0.6952587366104126,0.20355167984962463,0.6152622103691101,0.18385416666666668,0.5909722222222222,0.16927083333333334,0.324537037037037,0.927246790299572,0.6720098853111267,0.7058823529411765,136.11199462453092,-37.756310570836334,-31.272288558850928,98.45433044433594,45.47282409667969,102.10832214355469,33.0802001953125,77.25787141807248,298.6043294270833,-179.114013671875,0.7162519575298916,ABNOR_H,H11H21H31
FD_In_H11H21H31_0004_20201013_16.mp4,7661,0,0.3299247920513153,0.2184608429670334,0.5355949401855469,0.21447651088237762,0.5340468883514404,0.21969634294509888,0.5294392704963684,0.19845691323280334,0.542468786239624,0.2114170491695404,0.5318875312805176,0.17558759450912476,0.5826563835144043,0.19950303435325623,0.5459416508674622,0.18205685913562775,0.6586418747901917,0.2306472808122635,0.5264556407928467,0.19029898941516876,0.6947744488716125,0.24197188019752502,0.46885883808135986,0.13267120718955994,0.6390579342842102,0.15384052693843842,0.6186213493347168,0.13911275565624237,0.6860646605491638,0.2032664716243744,0.6349700689315796,0.1265285462141037,0.703283429145813,0.1817963570356369,0.6854034662246704,0.18489583333333334,0.5898148148148148,0.171875,0.325,0.9401709401709402,0.6908836364746094,0.7058823529411765,129.34149924535484,-40.81204799945638,-28.503259506118408,113.89247131347656,63.420623779296875,112.78206634521484,52.378448486328125,138.7350166478912,-359.750186695772,-201.40850830078125,6.770495379176083,ABNOR_H,H11H21H31
FD_In_H11H21H31_0004_20201013_16.mp4,7662,0,0.25988832116127014,0.2622114419937134,0.47118091583251953,0.2635219395160675,0.47042128443717957,0.25982779264450073,0.460822731256485,0.24944248795509338,0.491866797208786,0.24197515845298767,0.47026586532592773,0.21032467484474182,0.5508676767349243,0.2196521759033203,0.5080167651176453,0.2009797990322113,0.6473997235298157,0.23027250170707703,0.5053634643554688,0.19557519257068634,0.701095461845398,0.24194908142089844,0.460741251707077,0.14671768248081207,0.6261699199676514,0.1554928570985794,0.6071568727493286,0.15261974930763245,0.6777593493461609,0.19658666849136353,0.6496315002441406,0.12834401428699493,0.698305070400238,0.17357799410820007,0.69120854139328,0.18606770833333333,0.5849537037037037,0.17369791666666667,0.33287037037037037,0.9276773296244785,0.7630046010017395,0.8823529411764706,127.52406319290944,-68.8448076254145,-50.63084847937855,103.96142578125,75.64105987548828,112.16429901123047,71.17041778564453,346.1715048119958,-796.9915216619318,-314.24212646484375,1.8174360524454016,ABNOR_H,H11H21H31
FD_In_H11H21H31_0004_20201013_16.mp4,7663,0,0.2906770706176758,0.26391592621803284,0.46794432401657104,0.2661484181880951,0.4674643874168396,0.2604829668998718,0.45732709765434265,0.25404641032218933,0.48997706174850464,0.24226289987564087,0.467303067445755,0.2172214537858963,0.5477142333984375,0.2215738445520401,0.5025349855422974,0.20503674447536469,0.6421352624893188,0.22959132492542267,0.49800363183021545,0.19374652206897736,0.7028064727783203,0.24393996596336365,0.45898669958114624,0.1512194126844406,0.6247395873069763,0.15644900500774384,0.6053717136383057,0.1594325602054596,0.6767377853393555,0.1923113465309143,0.6547134518623352,0.13269880414009094,0.6965498924255371,0.16862896084785461,0.6874464154243469,0.18645833333333334,0.5851851851851851,0.17552083333333332,0.33240740740740743,0.9387186629526463,0.7886930108070374,0.9411764705882353,127.65240031054287,-80.28156427433768,-64.35788057670813,96.94461822509766,75.60106658935547,107.59795379638672,79.3494873046875,47.91329788133908,-105.23385712594697,-317.76043701171875,0.12833711763343558,ABNOR_H,H11H21H31
FD_In_H11H21H31_0004_20201013_16.mp4,7666,0,0.4895307123661041,0.2629472017288208,0.46721744537353516,0.26552614569664,0.466251403093338,0.25931572914123535,0.4568413197994232,0.2551233172416687,0.4865310788154602,0.24221603572368622,0.4655782878398895,0.22343678772449493,0.5390946269035339,0.22157832980155945,0.4970095157623291,0.20774999260902405,0.6323537230491638,0.22397400438785553,0.4935244619846344,0.1965315043926239,0.6953580975532532,0.2436806857585907,0.45890718698501587,0.15824604034423828,0.6201469302177429,0.15570798516273499,0.6040439009666443,0.17358741164207458,0.6684204339981079,0.1791064292192459,0.6636413335800171,0.14587503671646118,0.6971759796142578,0.156980961561203,0.690615713596344,0.186328125,0.5858796296296296,0.17421875,0.33101851851851855,0.9356643356643357,0.8098857402801514,0.9411764705882353,128.91213190601158,-94.48883668441688,-105.65303317378314,90.80545043945312,89.5274429321289,95.50186920166016,97.5140609741211,15.811388300841896,-63.9410400390625,-312.9364013671875,1.2597315954687076,ABNOR_H,H11H21H31
FD_In_H11H21H31_0004_20201013_16.mp4,7667,0,0.4006904363632202,0.26274386048316956,0.4678463339805603,0.2652186453342438,0.4669988751411438,0.25930601358413696,0.4574129283428192,0.2539593577384949,0.48815250396728516,0.24197101593017578,0.46683070063591003,0.2196696400642395,0.5412914752960205,0.22112737596035004,0.5003675222396851,0.2054636925458908,0.6342747807502747,0.22562189400196075,0.4950011074542999,0.19523932039737701,0.6983961462974548,0.24354609847068787,0.4585142433643341,0.1537822037935257,0.622127115726471,0.15526503324508667,0.6058592200279236,0.1671341210603714,0.6730972528457642,0.18625369668006897,0.6613799929618835,0.14099173247814178,0.696662962436676,0.1627519577741623,0.6919592022895813,0.18606770833333333,0.5861111111111111,0.17421875,0.3314814814814815,0.9343575418994413,0.8005264401435852,0.9411764705882353,128.50282622421918,-86.37654600450352,-80.79553730400143,91.91631317138672,81.42284393310547,99.63886260986328,87.2401123046875,32.88335261029103,120.56238511029412,-315.6771240234375,0.4093056817924037,ABNOR_H,H11H21H31
FD_In_H11H21H31_0004_20201013_16.mp4,7668,0,0.34285518527030945,0.2628762722015381,0.4689209759235382,0.2649744153022766,0.4681064188480377,0.25961846113204956,0.4584830403327942,0.25291863083839417,0.48915067315101624,0.24178478121757507,0.46784642338752747,0.21859055757522583,0.5439320206642151,0.2193816602230072,0.5022468566894531,0.20520086586475372,0.6356419920921326,0.2243887037038803,0.4984248876571655,0.19554178416728973,0.6974927186965942,0.2427540421485901,0.46076011657714844,0.15397052466869354,0.62467360496521,0.1536305695772171,0.6085783243179321,0.1702582985162735,0.6699376702308655,0.18438783288002014,0.6611489057540894,0.14305463433265686,0.6964502930641174,0.16173864901065826,0.692051351070404,0.1859375,0.5858796296296296,0.17395833333333333,0.33101851851851855,0.9342657342657342,0.7863444089889526,0.8823529411764706,128.90861723252553,-88.06764221286082,-92.1503813176711,86.1244125366211,81.37873077392578,92.49324035644531,86.16517639160156,21.42747821777417,172.3299893465909,-319.04278564453125,0.40579100830635184,ABNOR_H,H11H21H31
FD_In_H11H21H31_0004_20201013_16.mp4,7669,0,0.4738576412200928,0.26154616475105286,0.4678603708744049,0.2644789218902588,0.4674728810787201,0.25850313901901245,0.45752114057540894,0.25470006465911865,0.4882246255874634,0.2418379932641983,0.46582210063934326,0.22428660094738007,0.5408278107643127,0.2188808023929596,0.49725472927093506,0.20883655548095703,0.6316974759101868,0.2216438502073288,0.4908158481121063,0.19715657830238342,0.6941665410995483,0.24495692551136017,0.45816701650619507,0.15951195359230042,0.6224032640457153,0.1533404439687729,0.6064939498901367,0.1774052083492279,0.6657143831253052,0.1732957810163498,0.6669289469718933,0.1505882441997528,0.6981926560401917,0.1532118171453476,0.6923275589942932,0.18606770833333333,0.5856481481481481,0.17317708333333334,0.33055555555555555,0.9313725490196079,0.8038050532341003,0.9411764705882353,129.47639554433317,-102.43781639353048,-124.59131864913783,87.96882629394531,95.01258850097656,89.01788330078125,102.74027252197266,21.42747821777417,-142.51708984375,-316.63067626953125,0.5677783118076434,ABNOR_H,H11H21H31
FD_In_H11H21H31_0004_20201013_16.mp4,7670,0,0.512429416179657,0.26133930683135986,0.466217964887619,0.264439195394516,0.46598562598228455,0.2583121359348297,0.4562781751155853,0.25656548142433167,0.48713362216949463,0.2421063929796219,0.46499577164649963,0.23068299889564514,0.539951741695404,0.21822993457317352,0.49347466230392456,0.2136223465204239,0.6281024217605591,0.21947503089904785,0.4885514974594116,0.20035935938358307,0.6886593699455261,0.24513578414916992,0.458244651556015,0.1669512242078781,0.6232128739356995,0.1506192982196808,0.6078163981437683,0.1947435885667801,0.65714031457901,0.15505270659923553,0.6773077249526978,0.16454988718032837,0.6984257102012634,0.13880746066570282,0.6897367835044861,0.18606770833333333,0.5854166666666667,0.17369791666666667,0.32916666666666666,0.9381153305203939,0.8071295619010925,0.9411764705882353,130.24034467835233,-115.47021235389468,-152.06385159675986,72.0413818359375,106.81439208984375,70.78718566894531,127.09921264648438,14.705882352941176,67.72209616268381,-322.48077392578125,0.7639491340191569,ABNOR_H,H11H21H31
FD_In_H11H21H31_0004_20201013_16.mp4,7671,0,0.43856704235076904,0.26192599534988403,0.46949464082717896,0.264677494764328,0.4689241349697113,0.2589151859283447,0.4588243365287781,0.25383612513542175,0.48924216628074646,0.24170948565006256,0.4664856195449829,0.22070927917957306,0.5431169271469116,0.21877771615982056,0.49830344319343567,0.20642881095409393,0.6327143311500549,0.22131067514419556,0.4934766888618469,0.19357769191265106,0.6966932415962219,0.24422726035118103,0.4591401219367981,0.15492196381092072,0.6231263875961304,0.15366679430007935,0.6055846214294434,0.16685327887535095,0.6745514273643494,0.1786206066608429,0.6661195158958435,0.14306135475635529,0.6952189803123474,0.15968146920204163,0.6891916990280151,0.18645833333333334,0.5858796296296296,0.17291666666666666,0.3300925925925926,0.9312762973352033,0.8059486746788025,0.9411764705882353,128.82818031872037,-94.38178283477978,-97.24936537742866,93.62694549560547,88.18559265136719,101.9615249633789,96.5893325805664,54.62956477975741,-75.87039831912878,-312.89947509765625,1.4121643596319586,ABNOR_H,H11H21H31
FD_In_H11H21H31_0004_20201013_16.mp4,7672,0,0.5809394121170044,0.26123103499412537,0.46758389472961426,0.26455366611480713,0.4671474099159241,0.2581930160522461,0.4575551450252533,0.25678911805152893,0.4877874255180359,0.24225923418998718,0.46579211950302124,0.22907696664333344,0.5415853261947632,0.21898841857910156,0.4933515787124634,0.21021012961864471,0.6293238401412964,0.22140631079673767,0.4851347804069519,0.19499841332435608,0.6937391757965088,0.2464618682861328,0.4563593566417694,0.1638876497745514,0.6215161085128784,0.15105709433555603,0.6046609878540039,0.18888245522975922,0.6636720299720764,0.15777358412742615,0.6771347522735596,0.15844859182834625,0.6970099806785583,0.1424516886472702,0.6895521283149719,0.18645833333333334,0.5858796296296296,0.1734375,0.3300925925925926,0.9340813464235624,0.8232082724571228,0.9411764705882353,128.94109755639934,-110.39711120136978,-143.53777922610718,75.1324691772461,105.15101623535156,78.086181640625,123.31068420410156,0.0,-80.48741957720587,-314.29010009765625,0.1129172376789711,ABNOR_H,H11H21H31
FD_In_H11H21H31_0004_20201013_16.mp4,7673,0,0.6008254885673523,0.2613776624202728,0.4668470621109009,0.2647039294242859,0.46653228998184204,0.25828590989112854,0.45679575204849243,0.25771480798721313,0.4877000153064728,0.24198605120182037,0.4652649760246277,0.23201963305473328,0.5422782301902771,0.2187434732913971,0.49181094765663147,0.2116396576166153,0.6294984817504883,0.2205410897731781,0.4849204123020172,0.19494137167930603,0.6919903755187988,0.24645181000232697,0.4569028317928314,0.16868318617343903,0.6213203072547913,0.14979426562786102,0.604722797870636,0.2003459483385086,0.6587434411048889,0.14593234658241272,0.6847885251045227,0.16549786925315857,0.6963233947753906,0.13425254821777344,0.6886866688728333,0.18645833333333334,0.5856481481481481,0.17395833333333333,0.3296296296296296,0.9382022471910112,0.8265929818153381,0.9411764705882353,129.2219891590306,-115.06412474366533,-153.6985249614321,64.85818481445312,105.53385162353516,68.68559265136719,137.55099487304688,15.15151515151515,-4.38528349905303,-315.7369384765625,0.28089160263127155,ABNOR_H,H11H21H31
FD_In_H11H21H31_0004_20201013_16.mp4,7674,0,0.523773729801178,0.26209476590156555,0.46716251969337463,0.2650533616542816,0.4670559763908386,0.2589784264564514,0.45703524351119995,0.2563941776752472,0.4887932538986206,0.24183683097362518,0.46604302525520325,0.22829490900039673,0.5438872575759888,0.2177547961473465,0.4949239194393158,0.20968350768089294,0.6315572261810303,0.22110776603221893,0.48933058977127075,0.19418960809707642,0.692051887512207,0.2459728866815567,0.4571916460990906,0.16660863161087036,0.6214573979377747,0.1497948318719864,0.6054844856262207,0.1973758190870285,0.659256100654602,0.1493423879146576,0.6813521385192871,0.16303561627864838,0.6955848336219788,0.13637322187423706,0.6881005764007568,0.18645833333333334,0.5856481481481481,0.17447916666666666,0.3296296296296296,0.9410112359550562,0.8154358267784119,0.9411764705882353,129.22298304295452,-110.94155421755805,-151.88129920193677,65.4022445678711,106.921875,69.91984558105469,133.06910705566406,0.0,29.413396661931817,-316.02618408203125,0.0009938839239111985,ABNOR_H,H11H21H31
FD_In_H11H21H31_0004_20201013_16.mp4,7675,0,0.48201555013656616,0.2621021270751953,0.4692971408367157,0.2646365463733673,0.4692671000957489,0.2592636048793793,0.45903557538986206,0.25469011068344116,0.49096816778182983,0.24193182587623596,0.46787506341934204,0.22536201775074005,0.5463309288024902,0.21682605147361755,0.4971333146095276,0.20782923698425293,0.63211590051651,0.2235129028558731,0.4890074133872986,0.1928296983242035,0.6928101181983948,0.24634473025798798,0.4568740129470825,0.1653917133808136,0.6226425170898438,0.14838629961013794,0.607306718826294,0.1986515074968338,0.658324658870697,0.1486947238445282,0.68289715051651,0.16366927325725555,0.6955220699310303,0.1353267878293991,0.6897386312484741,0.18619791666666666,0.5856481481481481,0.17395833333333333,0.3296296296296296,0.9382022471910112,0.8037199378013611,0.9411764705882353,129.24529112630847,-107.14241177771132,-153.10251980479615,61.994056701660156,105.64432525634766,66.70374298095703,131.74539184570312,29.41176470588235,95.52720013786764,-314.663330078125,0.022308083353948405,ABNOR_H,H11H21H31
FD_In_H11H21H31_0004_20201013_16.mp4,7676,0,0.4837341606616974,0.26223117113113403,0.4681927263736725,0.26495856046676636,0.46802571415901184,0.25909867882728577,0.4581211507320404,0.2552841305732727,0.48965245485305786,0.24209976196289062,0.4673435688018799,0.22530841827392578,0.544212281703949,0.2187720388174057,0.4964573085308075,0.20794102549552917,0.6313087940216064,0.2229381501674652,0.48893940448760986,0.1931559145450592,0.6930798292160034,0.24563069641590118,0.45661357045173645,0.16332492232322693,0.6212465763092041,0.15104831755161285,0.6047995090484619,0.1895490139722824,0.6634913682937622,0.15678110718727112,0.675458550453186,0.15679903328418732,0.6948113441467285,0.1412789523601532,0.6881555914878845,0.18645833333333334,0.5858796296296296,0.17395833333333333,0.32916666666666666,0.939521800281294,0.8092503547668457,0.9411764705882353,128.796513464015,-103.67599745080494,-142.9988914535831,70.45850372314453,106.52875518798828,77.1378402709961,123.77550506591797,33.87981784090591,-127.73918383049242,-312.83349609375,0.44877766229348026,ABNOR_H,H11H21H31
FD_In_H11H21H31_0004_20201013_16.mp4,7677,0,0.33935919404029846,0.2622512876987457,0.46935197710990906,0.26474127173423767,0.46961653232574463,0.25931277871131897,0.45895275473594666,0.25349441170692444,0.49205270409584045,0.24158182740211487,0.46827495098114014,0.22071506083011627,0.547466516494751,0.2173939347267151,0.5005205869674683,0.20634271204471588,0.6331435441970825,0.22347335517406464,0.4942925274372101,0.19297370314598083,0.6930459141731262,0.24453401565551758,0.4566531181335449,0.16013573110103607,0.6226952075958252,0.15108002722263336,0.6063647866249084,0.1830601543188095,0.6663235425949097,0.16103367507457733,0.6728297472000122,0.15090064704418182,0.6917073726654053,0.14660979807376862,0.6847125887870789,0.18658854166666666,0.5851851851851851,0.17369791666666667,0.3296296296296296,0.9367977528089888,0.7926313281059265,0.9411764705882353,128.75297166305236,-97.16824632235883,-134.59122921162893,70.89115905761719,99.95488739013672,81.8857650756836,117.00943756103516,47.91329788133908,98.63651160037878,-313.58447265625,0.04354180096262894,ABNOR_H,H11H21H31
FD_In_H11H21H31_0004_20201013_16.mp4,7678,0,0.3546420633792877,0.2620716989040375,0.46962806582450867,0.2647313177585602,0.4698675274848938,0.25914493203163147,0.4592266082763672,0.2542058527469635,0.49188169836997986,0.2416807860136032,0.4679868817329407,0.2224813997745514,0.5475308299064636,0.21713468432426453,0.49908095598220825,0.20734259486198425,0.631872296333313,0.22222118079662323,0.49259212613105774,0.1936781108379364,0.6909154057502747,0.24485346674919128,0.45662444829940796,0.16108588874340057,0.622395932674408,0.15064573287963867,0.6054075360298157,0.18227291107177734,0.667482316493988,0.1586747169494629,0.6746186017990112,0.15124498307704926,0.6910934448242188,0.14597582817077637,0.6847618818283081,0.18658854166666666,0.5858796296296296,0.17369791666666667,0.32916666666666666,0.9381153305203939,0.7966008186340332,0.9411764705882353,128.55386198101817,-101.09974502642555,-137.53183885930784,73.29708862304688,102.5413589477539,84.57064056396484,120.31925201416016,44.11764705882353,-39.91160673253676,-311.63116455078125,0.19910968203419088,ABNOR_H,H11H21H31
FD_In_H11H21H31_0004_20201013_16.mp4,7679,0,0.42662325501441956,0.2623521089553833,0.46852850914001465,0.26509448885917664,0.46881648898124695,0.2592715919017792,0.45817166566848755,0.2553310990333557,0.49090102314949036,0.2416907399892807,0.4669681191444397,0.22535109519958496,0.546278715133667,0.21721187233924866,0.4968090057373047,0.20834942162036896,0.6304864883422852,0.22232083976268768,0.48845428228378296,0.1939043551683426,0.6892825961112976,0.24574758112430573,0.4553470313549042,0.16483378410339355,0.6223626732826233,0.14989706873893738,0.6058982014656067,0.1907547414302826,0.6636489629745483,0.1508203148841858,0.6792036890983582,0.15743479132652283,0.6910815834999084,0.13954348862171173,0.6860154867172241,0.18671875,0.5856481481481481,0.17395833333333333,0.3296296296296296,0.9382022471910112,0.8064072728157043,0.9411764705882353,129.17377024128692,-106.30403109737331,-148.19971929023023,66.70771789550781,107.48405456542969,77.12590789794922,131.06893920898438,21.42747821777417,14.96840968276515,-314.5001220703125,0.619908260268744,ABNOR_H,H11H21H31
FD_In_H11H21H31_0004_20201013_16.mp4,7680,0,0.5605387687683105,0.26206174492836,0.4683420956134796,0.2646581530570984,0.46822357177734375,0.2589641511440277,0.4579165279865265,0.2546253800392151,0.48877477645874023,0.2421419620513916,0.46565648913383484,0.2263130247592926,0.5422587990760803,0.21936990320682526,0.49387070536613464,0.20971857011318207,0.6309130787849426,0.22533464431762695,0.483102411031723,0.196292906999588,0.6921716332435608,0.24648070335388184,0.4549616575241089,0.16484889388084412,0.6211583614349365,0.15205201506614685,0.6050237417221069,0.19163528084754944,0.6637410521507263,0.15439507365226746,0.6800966262817383,0.1603754460811615,0.6948838829994202,0.14047746360301971,0.6875656247138977,0.18645833333333334,0.5849537037037037,0.1734375,0.3282407407407407,0.9393511988716502,0.8216437101364136,0.9411764705882353,129.69675339727232,-104.31038442246712,-144.6552611904577,71.06961059570312,103.62171936035156,77.63520812988281,129.7095489501953,53.022812874470425,-66.03106330422794,-312.65771484375,0.5229831559854006,ABNOR_H,H11H21H31
FD_In_H11H21H31_0004_20201013_16.mp4,7681,0,0.578364372253418,0.26178213953971863,0.46856871247291565,0.2644475996494293,0.46851038932800293,0.2587077021598816,0.4581730365753174,0.25543323159217834,0.48938462138175964,0.24173885583877563,0.46594926714897156,0.22879205644130707,0.5433802008628845,0.2183361053466797,0.4925762712955475,0.21087750792503357,0.6302651762962341,0.22492928802967072,0.4817589223384857,0.19608336687088013,0.6902735829353333,0.24682913720607758,0.4551246166229248,0.16895483434200287,0.6220499873161316,0.15021763741970062,0.6061672568321228,0.20108218491077423,0.6591354608535767,0.14344434440135956,0.6866704821586609,0.1668107658624649,0.6936415433883667,0.1335638463497162,0.6873500347137451,0.18619791666666666,0.5854166666666667,0.1734375,0.32731481481481484,0.942008486562942,0.8239787817001343,0.9411764705882353,130.2041075373721,-110.0967749397633,-154.50787169977252,62.52116394042969,100.72245788574219,69.4802474975586,141.6746063232422,42.85495643554834,66.60415187026514,-314.3662109375,0.5073541400997783,ABNOR_H,H11H21H31
FD_In_H11H21H31_0004_20201013_16.mp4,7682,0,0.5272859930992126,0.26209503412246704,0.4689648449420929,0.26440730690956116,0.46879369020462036,0.25906673073768616,0.45854830741882324,0.25358256697654724,0.4893501102924347,0.24206802248954773,0.4665001332759857,0.22464437782764435,0.5433118939399719,0.2189304083585739,0.49549397826194763,0.20878668129444122,0.6315613389015198,0.22577004134655,0.4850946366786957,0.19582858681678772,0.6931705474853516,0.24599267542362213,0.45580199360847473,0.1637072116136551,0.6217989325523376,0.15155260264873505,0.6060994863510132,0.1911594718694687,0.664154589176178,0.15485665202140808,0.6811123490333557,0.15986324846744537,0.6944257020950317,0.14057999849319458,0.6877675652503967,0.18606770833333333,0.5854166666666667,0.17317708333333334,0.3282407407407407,0.9379407616361072,0.8123297691345215,0.9411764705882353,129.65647043316653,-101.99329836221101,-143.9997314731183,69.5032958984375,100.21562194824219,76.87713623046875,128.2415008544922,15.15151515151515,-10.433312618371211,-313.166259765625,0.5476371042055632,ABNOR_H,H11H21H31
FD_In_H11H21H31_0005_20201013_16.mp4,7648,0,0.8951317071914673,0.4756852090358734,0.236899271607399,0.4749097228050232,0.22258305549621582,0.4726673364639282,0.22706905007362366,0.4620805084705353,0.21888360381126404,0.4504484236240387,0.22759726643562317,0.44195061922073364,0.24683481454849243,0.41342252492904663,0.2745470106601715,0.46180424094200134,0.32830455899238586,0.3929663598537445,0.3873040974140167,0.4807930290699005,0.39915281534194946,0.4045949876308441,0.4653262794017792,0.37783581018447876,0.3602626323699951,0.3573799133300781,0.3755952715873718,0.413713663816452,0.4245520234107971,0.3958565890789032,0.47152847051620483,0.38443127274513245,0.49112260341644287,0.3720904588699341,0.540375828742981,0.4192708333333333,0.3537037037037037,0.15052083333333333,0.42407407407407405,0.631004366812227,0.8584091663360596,0.8823529411764706,135.1155003087884,151.34724726985928,157.13877586896174,97.20149230957031,112.97307586669922,90.08699798583984,99.91462707519531,0.0,0.0,-283.02410888671875,0.0,ABNOR_H,H11H21H31
FD_In_H11H21H31_0005_20201013_16.mp4,7649,0,0.9067853689193726,0.4789876937866211,0.22834134101867676,0.47745171189308167,0.21465285122394562,0.4756069481372833,0.21906425058841705,0.4633733034133911,0.2144601196050644,0.45321187376976013,0.22360831499099731,0.4442465901374817,0.24576351046562195,0.4163099527359009,0.27483126521110535,0.46512606739997864,0.3271949887275696,0.39995861053466797,0.3926869034767151,0.48417338728904724,0.39339175820350647,0.4126376211643219,0.46146562695503235,0.3819165527820587,0.36627882719039917,0.3620445430278778,0.3812039792537689,0.41843196749687195,0.42997050285339355,0.4012826979160309,0.4694935977458954,0.3854990303516388,0.49320152401924133,0.3750278353691101,0.5408118963241577,0.4236979166666667,0.35162037037037036,0.15052083333333333,0.42916666666666664,0.6235167206040992,0.8570828437805176,0.8823529411764706,137.58573902572886,149.66060514129603,157.0972470429964,91.65691375732422,108.48479461669922,91.85714721679688,99.48251342773438,532.894102880878,380.4515491832386,-314.06414794921875,2.4702387169404574,ABNOR_H,H11H21H31
FD_In_H11H21H31_0005_20201013_16.mp4,7650,0,0.9292585253715515,0.4814819395542145,0.22545747458934784,0.479527086019516,0.2110358327627182,0.47809794545173645,0.2162540853023529,0.4639713168144226,0.21151012182235718,0.4550619423389435,0.2226686030626297,0.44529885053634644,0.24367845058441162,0.4182710647583008,0.2806110382080078,0.46711266040802,0.3235863149166107,0.4071787893772125,0.40100404620170593,0.4894859194755554,0.390604168176651,0.4226176142692566,0.46208295226097107,0.39047810435295105,0.3757754862308502,0.37133967876434326,0.3935888707637787,0.4245196282863617,0.43121200799942017,0.4075452983379364,0.4679238498210907,0.38947823643684387,0.49770286679267883,0.3785867691040039,0.5356743931770325,0.43059895833333334,0.3486111111111111,0.15442708333333333,0.43425925925925923,0.6321961620469083,0.8580583930015564,0.8823529411764706,143.56853361210256,142.4527798838701,152.36544101721572,89.35626220703125,101.88092041015625,96.07127380371094,102.66548919677734,802.5155088024854,695.0611787683823,-343.92535400390625,5.9827945863737,ABNOR_H,H11H21H31
FD_In_H11H21H31_0005_20201013_16.mp4,7651,0,0.9263043999671936,0.48287564516067505,0.22293035686016083,0.4805648922920227,0.2082027941942215,0.4790453016757965,0.21387168765068054,0.4642479121685028,0.21027354896068573,0.4560817778110504,0.2233639806509018,0.4438989758491516,0.2418373078107834,0.4249667525291443,0.28825148940086365,0.46719515323638916,0.3194909989833832,0.4155358672142029,0.40540075302124023,0.4938217103481293,0.38604816794395447,0.4334506392478943,0.46003806591033936,0.3922251760959625,0.37910905480384827,0.3772067129611969,0.40231242775917053,0.4340289533138275,0.42155158519744873,0.41268569231033325,0.47246161103248596,0.3967510163784027,0.4880055785179138,0.3786521852016449,0.5296271443367004,0.435546875,0.34652777777777777,0.15859375,0.43657407407407406,0.6458112407211029,0.8600863814353943,0.8823529411764706,144.87990630200696,125.94776571073008,139.007518298232,74.80908966064453,91.41498565673828,85.93938446044922,101.37619018554688,591.6855815080798,394.59598425662875,-362.4056091308594,1.3113726899044025,ABNOR_H,H11H21H31
FD_In_H11H21H31_0005_20201013_16.mp4,7652,0,0.9196845293045044,0.48540791869163513,0.22074738144874573,0.4827527105808258,0.2056432068347931,0.48112213611602783,0.21165916323661804,0.46605777740478516,0.20798392593860626,0.4582183063030243,0.22239871323108673,0.44376710057258606,0.24032047390937805,0.42976048588752747,0.2916876971721649,0.46602663397789,0.32018613815307617,0.42054930329322815,0.4091637432575226,0.4970109164714813,0.3845185339450836,0.443351686000824,0.46478500962257385,0.39739754796028137,0.38482192158699036,0.3831605315208435,0.4127851128578186,0.4525783956050873,0.421829491853714,0.42486345767974854,0.48753881454467773,0.4012269377708435,0.4840574562549591,0.3786700367927551,0.5277346968650818,0.4390625,0.34652777777777777,0.16041666666666668,0.4412037037037037,0.646379853095488,0.8495503664016724,0.8823529411764706,148.1064654152592,115.86214054838499,132.14911145361773,54.9487190246582,71.31695556640625,80.96502685546875,100.86015319824219,409.09090909090907,529.7093246922349,-384.60125732421875,3.22655911325225,ABNOR_H,H11H21H31
FD_In_H11H21H31_0005_20201013_16.mp4,7653,0,0.9163118004798889,0.48710575699806213,0.22284898161888123,0.48450297117233276,0.20671506226062775,0.4831846356391907,0.2135961353778839,0.4664272367954254,0.2049887478351593,0.46102190017700195,0.22161205112934113,0.442410409450531,0.24235771596431732,0.43505948781967163,0.30100443959236145,0.46645841002464294,0.3233041763305664,0.42604559659957886,0.4162801206111908,0.5016291737556458,0.38577204942703247,0.45106709003448486,0.464417427778244,0.4020126461982727,0.39697402715682983,0.39253097772598267,0.4291684031486511,0.45172756910324097,0.4405847489833832,0.42895078659057617,0.5174294114112854,0.40118712186813354,0.48663607239723206,0.37341126799583435,0.5287233591079712,0.44114583333333335,0.34814814814814815,0.16875,0.44351851851851853,0.6764091858037579,0.8284018039703369,0.8823529411764706,152.4651831391347,102.56203710206914,117.63559041461991,53.40011215209961,60.26243591308594,91.34872436523438,113.19993591308594,256.82719406724965,906.4187442555146,-410.8800354003906,4.358717723875486,ABNOR_H,H11H21H31
FD_In_H11H21H31_0005_20201013_16.mp4,7654,0,0.9203128814697266,0.4907670021057129,0.22447055578231812,0.4865081012248993,0.20931938290596008,0.4876798987388611,0.21595849096775055,0.4653768539428711,0.21240083873271942,0.46663448214530945,0.22955840826034546,0.44399532675743103,0.24823880195617676,0.4371413588523865,0.3136836290359497,0.4677486717700958,0.3271842896938324,0.43139925599098206,0.42774176597595215,0.5033906698226929,0.38580426573753357,0.45769819617271423,0.4667617082595825,0.40852490067481995,0.4028226435184479,0.39667460322380066,0.44009867310523987,0.46270161867141724,0.42527568340301514,0.4268319010734558,0.5163543820381165,0.40331393480300903,0.4740331768989563,0.3702201843261719,0.5275571942329407,0.44088541666666664,0.35162037037037036,0.17395833333333333,0.43842592592592594,0.7053854276663146,0.8233075737953186,0.8823529411764706,154.33911054858154,100.5468309359243,119.47370498865175,37.910770416259766,61.24173355102539,80.93083190917969,115.24658203125,229.28402955184174,549.1277521306818,-425.4986267089844,1.8739274094468499,ABNOR_H,H11H21H31
FD_In_H11H21H31_0005_20201013_16.mp4,7655,0,0.9254283308982849,0.4936050772666931,0.22964000701904297,0.4881054162979126,0.21554861962795258,0.4905696213245392,0.22149518132209778,0.46458226442337036,0.22156092524528503,0.46904346346855164,0.23799099028110504,0.44481128454208374,0.26309534907341003,0.4418531358242035,0.3232223093509674,0.46922457218170166,0.33465254306793213,0.4360227584838867,0.430709570646286,0.5040343999862671,0.3865683078765869,0.4609515368938446,0.47049009799957275,0.4150361120700836,0.41118553280830383,0.4048457443714142,0.44983184337615967,0.475902259349823,0.4132908284664154,0.43005743622779846,0.5319393277168274,0.42245692014694214,0.4641389846801758,0.3696517050266266,0.5228657722473145,0.442578125,0.35532407407407407,0.17473958333333334,0.42824074074074076,0.7254054054054054,0.835782527923584,0.8823529411764706,156.62609959491328,94.99856888365943,115.11573539356381,29.268766403198242,56.54114532470703,71.44559478759766,123.91275024414062,312.3564867892167,592.2342936197916,-433.8763732910156,2.2869890463317404,ABNOR_H,H11H21H31
FD_In_H11H21H31_0005_20201013_16.mp4,7656,0,0.5657725930213928,0.4957200288772583,0.2403562217950821,0.49019449949264526,0.22647200524806976,0.49158975481987,0.2328406125307083,0.4688984751701355,0.23325449228286743,0.47016772627830505,0.2513483762741089,0.4479616582393646,0.27129247784614563,0.44789355993270874,0.33976417779922485,0.4698885977268219,0.3442201614379883,0.44483742117881775,0.45659521222114563,0.5044825673103333,0.3920767903327942,0.4692707061767578,0.47595083713531494,0.41676265001296997,0.41995173692703247,0.4099544584751129,0.4595988094806671,0.46845829486846924,0.4347514808177948,0.4323837161064148,0.5374913215637207,0.40725091099739075,0.4731594920158386,0.3738666772842407,0.5313595533370972,0.443359375,0.362962962962963,0.17421875,0.42314814814814816,0.7319474835886215,0.8293555378913879,0.8823529411764706,155.40246099540707,90.10129434007403,106.97636610301728,28.589731216430664,59.518218994140625,78.68753051757812,123.51904296875,493.2502891543653,588.7002383961396,-430.7451477050781,1.2236385995062165,ABNOR_H,H11H21H31
FD_In_H11H21H31_0005_20201013_16.mp4,7657,0,0.9129006862640381,0.5006037354469299,0.25535985827445984,0.49440842866897583,0.24237236380577087,0.4967999756336212,0.24823829531669617,0.47014302015304565,0.25160491466522217,0.4770757555961609,0.268981009721756,0.44960182905197144,0.28569525480270386,0.457414448261261,0.3608589470386505,0.4725129008293152,0.3584540784358978,0.45500996708869934,0.4719565808773041,0.5049237012863159,0.39598917961120605,0.47988855838775635,0.4847963750362396,0.4171913266181946,0.43480929732322693,0.41837695240974426,0.4731852114200592,0.44603168964385986,0.47554463148117065,0.44427570700645447,0.5472173094749451,0.38987836241722107,0.4906676113605499,0.3816622197628021,0.5365017056465149,0.444921875,0.375,0.17005208333333333,0.4111111111111111,0.7353603603603603,0.8165936470031738,0.8823529411764706,154.08757152893273,79.53074019233628,86.85617706806285,47.081302642822266,52.62290954589844,107.34017181396484,116.41204071044922,808.5857008561414,930.8943314985795,-429.05682373046875,1.314889466474341,ABNOR_H,H11H21H31
FD_In_H11H21H31_0005_20201013_16.mp4,7658,0,0.8940879106521606,0.5056797862052917,0.27318599820137024,0.49801769852638245,0.2613242566585541,0.5007248520851135,0.2674782872200012,0.4731373190879822,0.27553293108940125,0.48062294721603394,0.29510295391082764,0.45301055908203125,0.3080030679702759,0.46390971541404724,0.3902765214443207,0.4744188189506531,0.3797895014286041,0.4635053873062134,0.5053662061691284,0.5036313533782959,0.40993690490722656,0.49468550086021423,0.5009986162185669,0.4219754636287689,0.45113053917884827,0.424935519695282,0.49258649349212646,0.4437192380428314,0.49092498421669006,0.4473538398742676,0.5609380006790161,0.38906317949295044,0.49407434463500977,0.38634487986564636,0.5403954982757568,0.4466145833333333,0.38796296296296295,0.165625,0.3990740740740741,0.7378190255220418,0.8095930814743042,0.8823529411764706,153.1104959878895,76.74771827817607,82.76564453124436,47.688106536865234,49.029319763183594,114.75077819824219,115.64708709716797,871.0474152608975,1169.0997499408143,-429.1326599121094,0.9770755410432344,ABNOR_H,H11H21H31
FD_In_H11H21H31_0005_20201013_16.mp4,7659,0,0.887936532497406,0.5105520486831665,0.2975448668003082,0.5011261105537415,0.28686293959617615,0.5068724751472473,0.2938864827156067,0.4744081497192383,0.299972265958786,0.4906143248081207,0.3220290243625641,0.4610850512981415,0.3368922770023346,0.4643443524837494,0.42441457509994507,0.48076650500297546,0.3884645104408264,0.4633094072341919,0.5416800379753113,0.5040794610977173,0.4225548505783081,0.49722909927368164,0.5274497866630554,0.437754362821579,0.4813506007194519,0.4329579770565033,0.5284565687179565,0.4783439040184021,0.4870651364326477,0.46757620573043823,0.5714156031608582,0.4134751260280609,0.5075122117996216,0.40419548749923706,0.5449944138526917,0.44947916666666665,0.40902777777777777,0.15885416666666666,0.38287037037037036,0.7376058041112454,0.7683181166648865,0.8823529411764706,158.62227677286813,86.21235319751422,100.26036670294671,14.582304954528809,21.71942138671875,78.5082015991211,96.7112808227539,1376.7879221938874,2099.3338192210476,-447.89483642578125,5.51178078497864,ABNOR_H,H11H21H31
FD_In_H11H21H31_0005_20201013_16.mp4,7660,0,0.8981896638870239,0.5148907899856567,0.3319858908653259,0.5046173334121704,0.32051992416381836,0.5117168426513672,0.32957780361175537,0.47601231932640076,0.3312266767024994,0.4983142912387848,0.3583213686943054,0.4643125534057617,0.36418697237968445,0.4704500436782837,0.45785412192344666,0.48572540283203125,0.40490782260894775,0.46495506167411804,0.5686373710632324,0.5036646723747253,0.4385235607624054,0.504319429397583,0.5550770163536072,0.4339846968650818,0.5068866014480591,0.4340514540672302,0.5560787320137024,0.47214317321777344,0.5040766596794128,0.47452086210250854,0.5887422561645508,0.4100089371204376,0.5244330763816833,0.4144051671028137,0.5552155375480652,0.45234375,0.4335648148148148,0.1515625,0.3597222222222222,0.749034749034749,0.725238025188446,0.8823529411764706,153.78557703326672,83.3556686230469,89.86176947390761,8.06968879699707,7.001125335693359,66.9299545288086,81.0419921875,1640.2871033605281,1739.7220495975378,-430.91302490234375,4.836699739601414,ABNOR_H,H11H21H31
FD_In_H11H21H31_0005_20201013_16.mp4,7661,0,0.9028867483139038,0.5238410234451294,0.3889663815498352,0.5111597180366516,0.374066025018692,0.5216881036758423,0.38907545804977417,0.4745865762233734,0.36784815788269043,0.5064400434494019,0.408894419670105,0.45396947860717773,0.3961746096611023,0.485560804605484,0.5072856545448303,0.48304638266563416,0.43184366822242737,0.47784385085105896,0.607281506061554,0.5077248811721802,0.4515082538127899,0.5167580246925354,0.5984047055244446,0.4253697395324707,0.5292782783508301,0.44642218947410583,0.584545910358429,0.4144485592842102,0.5339903235435486,0.44983500242233276,0.6054179072380066,0.4001208245754242,0.5345813035964966,0.42680519819259644,0.5630607604980469,0.45598958333333334,0.4634259259259259,0.15833333333333333,0.34629629629629627,0.8128342245989305,0.6818880438804626,0.7647058823529411,150.2108392884163,63.18516496056915,55.894598794006605,167.6875,27.81810188293457,124.54786682128906,121.78561401367188,1941.2321738888359,1615.5162138097426,-362.76275634765625,3.5747377448504096,ABNOR_H,H11H21H31
FD_In_H11H21H31_0005_20201013_16.mp4,7662,0,0.8406592011451721,0.5355695486068726,0.4259600341320038,0.5210304260253906,0.41073939204216003,0.5320719480514526,0.42703068256378174,0.48504409193992615,0.40806451439857483,0.5188732147216797,0.4537125527858734,0.4721287190914154,0.41605404019355774,0.49665921926498413,0.5392726063728333,0.49163660407066345,0.43072569370269775,0.49671879410743713,0.6448874473571777,0.5230059027671814,0.45582351088523865,0.541240930557251,0.6327884793281555,0.42622023820877075,0.5045892000198364,0.4406398832798004,0.5660971999168396,0.4219769537448883,0.5350046753883362,0.445272833108902,0.615494966506958,0.4018690288066864,0.5172808766365051,0.4197528064250946,0.5697586536407471,0.46731770833333336,0.5115740740740741,0.18515625,0.33240740740740743,0.9902506963788301,0.6412461996078491,0.8235294117647058,122.4818678555453,70.50999690909653,67.3748795896164,77.55680084228516,35.30279541015625,151.25831604003906,95.60871124267578,3416.087097252453,-1411.7820046164773,-236.26763916015625,27.728971432871006,ABNOR_H,H11H21H31
FD_In_H11H21H31_0005_20201013_16.mp4,7663,0,0.6417538523674011,0.5296623706817627,0.4485359191894531,0.5189076066017151,0.43582382798194885,0.5273271799087524,0.4532790184020996,0.5007400512695312,0.44002875685691833,0.5265902876853943,0.4860422909259796,0.4805839955806732,0.4397440552711487,0.502334475517273,0.5677443146705627,0.4640466570854187,0.4132055640220642,0.5033947229385376,0.6688209176063538,0.47656363248825073,0.4119337201118469,0.5550888180732727,0.6899949908256531,0.4300170838832855,0.5188262462615967,0.4446326494216919,0.5851755738258362,0.4212425649166107,0.5154914855957031,0.45119476318359375,0.6006249189376831,0.4012422561645508,0.5277467370033264,0.41428521275520325,0.5765294432640076,0.47408854166666664,0.5548611111111111,0.19765625,0.3282407407407407,1.0705218617771508,0.6687827706336975,0.8235294117647058,116.63042089948097,73.19096765424085,68.61406789852255,148.9154815673828,32.77921676635742,126.59507751464844,62.58712387084961,2940.8384454381585,1090.322783499053,-223.484375,5.851446956064336,ABNOR_H,H11H21H31
FD_In_H11H21H31_0005_20201013_16.mp4,7664,0,0.43501579761505127,0.5262530446052551,0.46806037425994873,0.5205414891242981,0.4600875973701477,0.5270248055458069,0.47892308235168457,0.5154057741165161,0.4775082767009735,0.5365838408470154,0.5236026644706726,0.48181360960006714,0.46923500299453735,0.5121824741363525,0.6055686473846436,0.4299311637878418,0.49538207054138184,0.5211442112922668,0.7124810814857483,0.40938863158226013,0.5301487445831299,0.5637475848197937,0.7258841395378113,0.4336884915828705,0.5562533736228943,0.4528505206108093,0.6319980621337891,0.43155911564826965,0.5850039720535278,0.4943961203098297,0.687066376209259,0.42426443099975586,0.6098746657371521,0.5057965517044067,0.6972452998161316,0.47877604166666665,0.5972222222222222,0.20182291666666666,0.3416666666666667,1.0501355013550135,0.6793500185012817,0.8235294117647058,120.70435051486633,68.39610281703364,65.78435888795902,159.96189880371094,169.95944213867188,142.9864501953125,50.77452850341797,2742.755478065215,2676.165412454044,-272.3011474609375,4.073929615385367,ABNOR_H,H11H21H31
FD_In_H11H21H31_0005_20201013_16.mp4,7665,0,0.37267693877220154,0.5553544759750366,0.5589940547943115,0.5448909997940063,0.5383277535438538,0.5529304146766663,0.5718411207199097,0.5313206315040588,0.5101022124290466,0.5511446595191956,0.5921244025230408,0.4895922541618347,0.4827626645565033,0.5202516913414001,0.6562316417694092,0.44283342361450195,0.5011972188949585,0.5193468332290649,0.7384738326072693,0.42023545503616333,0.515818178653717,0.5379166007041931,0.7676586508750916,0.3881332278251648,0.5477036237716675,0.4086818993091583,0.635984480381012,0.37280720472335815,0.521195650100708,0.41982364654541016,0.6455867886543274,0.3597477376461029,0.5525494813919067,0.4075469374656677,0.6544541716575623,0.4772135416666667,0.6166666666666667,0.20703125,0.3638888888888889,1.0114503816793894,0.6201174259185791,0.8235294117647058,96.73053798641642,72.55677477436164,67.52004186467045,82.30609130859375,47.97459030151367,115.98599243164062,20.034589767456055,1285.64869306645,-149.3474786931818,-70.95599365234375,23.973812528449912,ABNOR_H,H11H21H31
FD_In_H11H21H31_0005_20201013_16.mp4,7666,0,0.4879699945449829,0.5744474530220032,0.6354244947433472,0.5662961602210999,0.6149029731750488,0.5702164173126221,0.6442315578460693,0.5538116097450256,0.574653148651123,0.564514696598053,0.6465587019920349,0.5177727341651917,0.5270057916641235,0.5253247618675232,0.6983064413070679,0.48223963379859924,0.5137776732444763,0.5258094668388367,0.7835954427719116,0.46617117524147034,0.507510781288147,0.5667123794555664,0.7672451734542847,0.41563767194747925,0.574144721031189,0.4217109978199005,0.6640791296958923,0.43314048647880554,0.5157028436660767,0.4620443284511566,0.6357353329658508,0.40947192907333374,0.5117687582969666,0.4380994141101837,0.6199095845222473,0.48463541666666665,0.6270833333333333,0.21510416666666668,0.36342592592592593,1.0522292993630573,0.6100311279296875,0.7647058823529411,92.02166561956525,85.51854365781543,83.1541622885605,67.30927276611328,41.961971282958984,47.41442108154297,32.094703674316406,1100.3380397191095,1784.8066850142045,35.2352294921875,4.708872366851168,ABNOR_H,H11H21H31
FD_In_H11H21H31_0005_20201013_16.mp4,7667,0,0.7575469017028809,0.584646999835968,0.6642114520072937,0.5765101313591003,0.6528220176696777,0.581524670124054,0.671546459197998,0.5613275766372681,0.6322857141494751,0.5721233487129211,0.6817410588264465,0.5259970426559448,0.5700861811637878,0.5282129645347595,0.7341780662536621,0.48394712805747986,0.5254064202308655,0.5282451510429382,0.8025375604629517,0.4698755443096161,0.5230532288551331,0.567444920539856,0.7677427530288696,0.4345470368862152,0.5653299689292908,0.42889460921287537,0.6523813605308533,0.44596290588378906,0.47611474990844727,0.4495091736316681,0.588272750377655,0.4058775007724762,0.4857138693332672,0.41194993257522583,0.5852547883987427,0.49127604166666666,0.6527777777777778,0.22734375,0.3611111111111111,1.1192307692307693,0.6819657683372498,0.8235294117647058,75.68316011356099,88.62475958970221,96.58478186716184,69.51274871826172,62.833168029785156,78.86002349853516,85.10186767578125,1796.4064474854997,-651.5718347886029,119.5684814453125,16.338505506004267,ABNOR_H,H11H21H31
FD_In_H11H21H31_0005_20201013_16.mp4,7668,0,0.6071850657463074,0.5930355191230774,0.7054390907287598,0.5863128304481506,0.7071803212165833,0.5949801206588745,0.7172936201095581,0.5764739513397217,0.7105699777603149,0.5906499028205872,0.7386080026626587,0.5410734415054321,0.6515054702758789,0.5479289293289185,0.7815549969673157,0.5022114515304565,0.6040164232254028,0.5411571860313416,0.8186527490615845,0.4934625029563904,0.5631606578826904,0.5769790410995483,0.7890893220901489,0.4549606442451477,0.6238939166069031,0.45094549655914307,0.6816774010658264,0.45251426100730896,0.5305886268615723,0.4516933560371399,0.5806552171707153,0.4062552750110626,0.5262053608894348,0.4102572798728943,0.565880537033081,0.4979166666666667,0.6597222222222222,0.23958333333333334,0.35,1.216931216931217,0.6664822101593018,0.7058823529411765,68.6113912591009,84.64616297324656,97.04207997625988,95.71967315673828,100.58724212646484,102.89278411865234,119.32910919189453,896.5037692416373,2875.4161487926135,113.73138427734375,7.071768854460089,ABNOR_H,H11H21H31
FD_In_H11H21H31_0005_20201013_16.mp4,7669,0,0.558768093585968,0.6017945408821106,0.7890284061431885,0.5991647839546204,0.7860434651374817,0.6048105955123901,0.7937384843826294,0.5911738872528076,0.7607396841049194,0.5942163467407227,0.7819634079933167,0.5507835149765015,0.6823251247406006,0.5471027493476868,0.8078471422195435,0.5619961023330688,0.624072790145874,0.5160304307937622,0.7931073307991028,0.594164252281189,0.6281511783599854,0.4845477044582367,0.720061719417572,0.44923239946365356,0.6433058381080627,0.44259023666381836,0.6961163282394409,0.4635847508907318,0.5621472001075745,0.45560476183891296,0.6183130741119385,0.4053526222705841,0.5191599130630493,0.403897762298584,0.5740158557891846,0.5022135416666667,0.6671296296296296,0.24973958333333332,0.35833333333333334,1.2390180878552972,0.6460460424423218,0.7647058823529411,67.63242673523801,92.98421134720235,102.60385911448172,95.09770202636719,99.16771697998047,84.74327850341797,104.45927429199219,696.4754505794668,1107.8454219933712,257.7254638671875,0.978964523862885,ABNOR_H,H11H21H31
FD_In_H11H21H31_0005_20201013_16.mp4,7670,0,0.6509709358215332,0.6068548560142517,0.813740074634552,0.6092221140861511,0.8156336545944214,0.61138516664505,0.8135024905204773,0.6049808263778687,0.7977136373519897,0.6037620902061462,0.7919700145721436,0.5600575804710388,0.7309975624084473,0.5538344979286194,0.7698294520378113,0.5620461702346802,0.6614760160446167,0.4921407997608185,0.6366267204284668,0.5989043712615967,0.6936810612678528,0.43263494968414307,0.6028499603271484,0.4633440375328064,0.6945115923881531,0.4563363194465637,0.7057399153709412,0.48032572865486145,0.6408675312995911,0.4925581216812134,0.6368775367736816,0.4071173071861267,0.5553377866744995,0.419852077960968,0.5506024360656738,0.50703125,0.6736111111111112,0.26510416666666664,0.375,1.2567901234567902,0.7121232748031616,0.8235294117647058,73.75919875459596,105.90236804500354,137.97225947494772,93.94190979003906,80.64262390136719,72.61101531982422,67.21245574951172,682.3592798894224,1932.225844439338,245.406982421875,6.126772019357944,ABNOR_H,H11H21H31
FD_In_H11H21H31_0005_20201013_16.mp4,7671,0,0.39274001121520996,0.42103949189186096,0.5922620892524719,0.4144955575466156,0.5847349166870117,0.4177336096763611,0.5900317430496216,0.4117344915866852,0.5828565359115601,0.41630813479423523,0.6000221967697144,0.40977343916893005,0.608476459980011,0.4184454381465912,0.652036190032959,0.46226271986961365,0.5763423442840576,0.48193424940109253,0.5821846723556519,0.41521206498146057,0.5546237230300903,0.41961050033569336,0.5476309657096863,0.4574543237686157,0.6980304718017578,0.4584295153617859,0.7416492700576782,0.5406789779663086,0.7113534212112427,0.5408439040184021,0.7641724348068237,0.6151416897773743,0.7493523359298706,0.6074219346046448,0.8053012490272522,0.507421875,0.6953703703703704,0.27265625,0.37037037037037035,1.30875,0.6099897623062134,0.7058823529411765,-138.98152181530872,70.50987216142418,87.72390734016858,169.12942504882812,169.57786560058594,138.57212829589844,137.16159057617188,1424.9675781274523,1290.3793797348485,-275.5679931640625,212.74072056990468,ABNOR_H,H11H21H31
WD_in_W11W22_0003_20201023_14.mp4,1317,0,0.935019850730896,0.7897846698760986,0.3750126361846924,0.7880626320838928,0.3636420667171478,0.797423243522644,0.3647218346595764,0.7870472073554993,0.36881545186042786,0.8284426331520081,0.37008246779441833,0.7658436298370361,0.4241112768650055,0.8542879223823547,0.44346967339515686,0.7459470629692078,0.5232349634170532,0.8682013154029846,0.55569988489151,0.7625519633293152,0.5128809809684753,0.8425913453102112,0.5521312952041626,0.7644281387329102,0.6391077637672424,0.8187723159790039,0.647674560546875,0.7344785928726196,0.7222298383712769,0.7875279784202576,0.7434195876121521,0.7220802903175354,0.8400558829307556,0.7535320520401001,0.8411733508110046,0.7936197916666666,0.5863425925925926,0.17994791666666668,0.5726851851851852,0.5586095392077607,0.7269999384880066,0.8235294117647058,171.098650395454,7.018822795892177,5.067292940891058,157.9541473388672,178.39317321777344,148.02906799316406,167.06153869628906,0.0,0.0,-579.6976318359375,0.0,ABNOR_W,W11W22
WD_in_W11W22_0003_20201023_14.mp4,1410,0,0.9325439929962158,0.7602365612983704,0.36447873711586,0.7605099081993103,0.35138773918151855,0.7658065557479858,0.35199594497680664,0.7740206122398376,0.3461262285709381,0.8020469546318054,0.3466262221336365,0.7590023279190063,0.40870779752731323,0.8404806852340698,0.4209323525428772,0.7466699481010437,0.517857551574707,0.8574674725532532,0.5333889722824097,0.7311809659004211,0.5007340312004089,0.8298333883285522,0.524024486541748,0.7626221776008606,0.6198514699935913,0.8138580322265625,0.6285738348960876,0.7314774990081787,0.7098100185394287,0.7819214463233948,0.7393919229507446,0.7156665325164795,0.7936094403266907,0.7545047998428345,0.8355684280395508,0.784375,0.569212962962963,0.17291666666666666,0.5689814814814815,0.5402766476810414,0.7814311981201172,0.8235294117647058,174.42282947553684,4.82400565586032,5.469956884132836,166.9309539794922,179.74742126464844,146.6424560546875,165.7127227783203,16.519398456401376,-13.345875690892798,-561.0252685546875,3.3241790800828426,ABNOR_W,W11W22
WD_in_W11W22_0003_20201023_14.mp4,1503,0,0.929559588432312,0.7512081861495972,0.3697080910205841,0.7520710229873657,0.35683542490005493,0.7558342218399048,0.35674676299095154,0.7682082653045654,0.3512832522392273,0.7915540933609009,0.35039570927619934,0.7552496790885925,0.4110046327114105,0.8344679474830627,0.4190880060195923,0.7445359826087952,0.5199512243270874,0.8525369763374329,0.5339843034744263,0.7247145771980286,0.5048463344573975,0.8340545892715454,0.5151752233505249,0.760814368724823,0.6209012269973755,0.8114321231842041,0.6278254985809326,0.7303947806358337,0.7127439975738525,0.7798042893409729,0.7401095032691956,0.7154528498649597,0.795167863368988,0.7544358968734741,0.8368222117424011,0.78203125,0.5712962962962963,0.16875,0.5648148148148148,0.5311475409836065,0.8158730864524841,0.8823529411764706,175.75683528241075,3.2850047312538617,4.400083927574401,167.37245178222656,178.40074157714844,146.8109588623047,164.50010681152344,3.242766967047713,0.10489864269456976,-550.0553588867188,1.334005806873904,ABNOR_W,W11W22
WD_in_W11W22_0003_20201023_14.mp4,1596,0,0.9304706454277039,0.7507836222648621,0.37022629380226135,0.7514808773994446,0.3575115501880646,0.7557764649391174,0.3574521243572235,0.7669998407363892,0.35225507616996765,0.791831910610199,0.35131263732910156,0.7533931136131287,0.41055214405059814,0.8330643177032471,0.4190066158771515,0.739223062992096,0.518773078918457,0.8499756455421448,0.5355141758918762,0.719464898109436,0.5029183626174927,0.8332947492599487,0.5153203010559082,0.7576665282249451,0.6229414343833923,0.8092432022094727,0.630086362361908,0.7296925187110901,0.7106007933616638,0.7804413437843323,0.7380086779594421,0.7161771655082703,0.794822096824646,0.7549779415130615,0.8351452350616455,0.7811197916666667,0.5722222222222222,0.16640625,0.5648148148148148,0.5237704918032787,0.8061694502830505,0.8823529411764706,175.3086158453075,3.4159897899299376,4.455686710956,166.3553466796875,179.60533142089844,148.3839569091797,165.96275329589844,1.2991069526745969,1.4970037501510634,-553.5812377929688,0.44821943710326195,ABNOR_W,W11W22
WD_in_W11W22_0003_20201023_14.mp4,1689,0,0.9358034133911133,0.7521385550498962,0.3716987073421478,0.751196563243866,0.36021363735198975,0.7593472599983215,0.3595704734325409,0.75868159532547,0.3584960103034973,0.7954438924789429,0.3552495241165161,0.7454856634140015,0.4098397195339203,0.8281494379043579,0.4171929359436035,0.7322944402694702,0.5139297246932983,0.8469594717025757,0.5305476188659668,0.7180981040000916,0.4943263828754425,0.8248304128646851,0.5258005857467651,0.75187748670578,0.6220420598983765,0.8043838739395142,0.627479612827301,0.7263513803482056,0.7065682411193848,0.7805519104003906,0.7360621690750122,0.7163035869598389,0.7973091006278992,0.7559435963630676,0.8336005806922913,0.779296875,0.5722222222222222,0.16171875,0.562962962962963,0.5106907894736842,0.7649781703948975,0.8235294117647058,175.8187399277258,2.864475616391177,3.333850661536574,162.90640258789062,177.15798950195312,148.70468139648438,170.04507446289062,2.2558814050918463,-1.2203097305027393,-546.6141967773438,0.5101240824183151,ABNOR_W,W11W22
WD_in_W11W22_0003_20201023_14.mp4,1782,0,0.9084485769271851,0.3342420756816864,0.44872361421585083,0.327837198972702,0.44228753447532654,0.33358845114707947,0.4452972412109375,0.3051878809928894,0.4528859853744507,0.3264310956001282,0.46167314052581787,0.3012307584285736,0.48451200127601624,0.328178733587265,0.5277197957038879,0.3378915786743164,0.49350082874298096,0.3705598711967468,0.5708251595497131,0.3511388599872589,0.49423128366470337,0.37427523732185364,0.5213886499404907,0.3495323061943054,0.5779739618301392,0.36683082580566406,0.6021395921707153,0.41110488772392273,0.5562402606010437,0.4262530207633972,0.573040246963501,0.4361688792705536,0.6460457444190979,0.45701974630355835,0.6636523604393005,0.3854166666666667,0.5435185185185185,0.2046875,0.28425925925925927,1.280130293159609,0.8000175356864929,0.8823529411764706,-137.36136639065688,42.047313528787086,38.16032341749917,105.15894317626953,105.7158203125,121.3456802368164,117.31684112548828,487.8408670431388,-24.157510278611422,-305.2796630859375,313.1801063183827,ABNOR_W,W11W22
WD_in_W11W22_0003_20201023_14.mp4,1875,0,0.9363496899604797,0.7371839284896851,0.31445935368537903,0.737797737121582,0.3053426146507263,0.7428725957870483,0.30474257469177246,0.7467489242553711,0.30734390020370483,0.77339768409729,0.30341216921806335,0.7356842160224915,0.3567412495613098,0.8046898245811462,0.3587990999221802,0.7272500991821289,0.44443562626838684,0.822335422039032,0.449493944644928,0.7126120924949646,0.42805880308151245,0.7989851236343384,0.4443046450614929,0.7432919144630432,0.5392012000083923,0.7877727746963501,0.5415000319480896,0.7179871797561646,0.6170230507850647,0.7658714652061462,0.644185483455658,0.7089123129844666,0.7110400795936584,0.7423152923583984,0.7352972030639648,0.7618489583333333,0.5055555555555555,0.14192708333333334,0.5037037037037037,0.5009191176470589,0.784086287021637,0.8235294117647058,177.4049845041144,0.9610202865932815,1.6651569615313595,159.70620727539062,176.0805206298828,145.72994995117188,168.5823974609375,466.58845332062236,-34.600501593719784,-487.92510986328125,314.7663508947713,ABNOR_W,W11W22
WD_in_W11W22_0003_20201023_14.mp4,1968,0,0.9382725358009338,0.7227522730827332,0.31925612688064575,0.7240793704986572,0.3090701699256897,0.7261225581169128,0.30813172459602356,0.7388870120048523,0.30645057559013367,0.755739152431488,0.3024244010448456,0.7347191572189331,0.35418379306793213,0.7957833409309387,0.35149121284484863,0.7315689325332642,0.44065019488334656,0.8181257843971252,0.4410269856452942,0.7089747190475464,0.43052539229393005,0.7908362150192261,0.4482177793979645,0.7468268275260925,0.5385538935661316,0.7890068292617798,0.5380228161811829,0.71815425157547,0.6186804175376892,0.7639253735542297,0.6406631469726562,0.7093670964241028,0.7107700109481812,0.7423931360244751,0.7323929071426392,0.7583333333333333,0.5083333333333333,0.13958333333333334,0.49722222222222223,0.49906890130353815,0.834084689617157,0.8823529411764706,-178.53627778209258,-1.4208179987221248,-0.4057671440426622,157.16477966308594,179.17030334472656,140.87808227539062,160.21414184570312,4.760968966385484,-1.4355358599540766,-473.10955810546875,355.941262286207,ABNOR_W,W11W22
WD_in_W11W22_0003_20201023_14.mp4,2061,0,0.9363753199577332,0.7235891222953796,0.31936511397361755,0.7250982522964478,0.3091502785682678,0.7273033261299133,0.30806463956832886,0.7398077845573425,0.30728480219841003,0.7572464346885681,0.3026236295700073,0.7332189679145813,0.358872652053833,0.7968744039535522,0.3552326560020447,0.730694055557251,0.4484986364841461,0.8198856115341187,0.44765183329582214,0.7099173665046692,0.43812090158462524,0.7984011769294739,0.4566871225833893,0.7455161213874817,0.5441818237304688,0.7888263463973999,0.5439079999923706,0.7177964448928833,0.6201163530349731,0.7643760442733765,0.6432613134384155,0.7097026705741882,0.7102066874504089,0.7433261275291443,0.7333570718765259,0.7592447916666667,0.5069444444444444,0.13984375,0.5018518518518519,0.49538745387453875,0.8321013450622559,0.8823529411764706,-178.84287359381028,-1.8422951189153263,-0.20375249485956776,156.0919647216797,178.92642211914062,140.28919982910156,160.7071075439453,1.485585636044616,4.007155688547373,-485.308349609375,0.306595811717699,ABNOR_W,W11W22
WD_in_W11W22_0003_20201023_14.mp4,2154,0,0.9392073154449463,0.7403810620307922,0.3083302676677704,0.7391858696937561,0.299772709608078,0.7466064691543579,0.2997457683086395,0.7393608689308167,0.30393514037132263,0.7731731534004211,0.30123773217201233,0.7238782048225403,0.35511910915374756,0.7975367903709412,0.3599689304828644,0.7088452577590942,0.43772298097610474,0.8124399185180664,0.45042404532432556,0.7253015637397766,0.4370339512825012,0.7939931750297546,0.4460512101650238,0.7307581305503845,0.5362673997879028,0.7771852612495422,0.540436863899231,0.7128893136978149,0.6179275512695312,0.7616037726402283,0.6450601816177368,0.7087675333023071,0.711669921875,0.7415441870689392,0.7374544143676758,0.7576822916666667,0.5027777777777778,0.13151041666666666,0.5074074074074074,0.4607664233576642,0.7434043884277344,0.8235294117647058,176.21092142720087,2.1210483814936496,2.8918913478203274,163.21286010742188,173.72439575195312,154.88059997558594,176.50686645507812,3.4858697474676017,-3.9627414498066384,-496.84722900390625,355.0537950210112,ABNOR_W,W11W22
WD_in_W11W22_0003_20201023_14.mp4,2247,0,0.9341195821762085,0.870160698890686,0.32466891407966614,0.8681450486183167,0.3079313635826111,0.8713787794113159,0.3161754608154297,0.8439304828643799,0.292114794254303,0.8639976382255554,0.30948615074157715,0.8069046139717102,0.31203901767730713,0.846673846244812,0.34893953800201416,0.777871310710907,0.38954368233680725,0.8216820359230042,0.4272890090942383,0.8254316449165344,0.4123261570930481,0.8485978841781616,0.433430552482605,0.7605224847793579,0.45771118998527527,0.7912185192108154,0.47823554277420044,0.7585249543190002,0.5422204732894897,0.7937613129615784,0.5776972770690918,0.7490658164024353,0.6226857900619507,0.7719964385032654,0.6630120277404785,0.8104166666666667,0.46967592592592594,0.14166666666666666,0.43472222222222223,0.5793397231096912,0.7484112977981567,0.8235294117647058,146.63833698610503,27.56116827118015,20.611544127650777,170.60198974609375,153.0017547607422,152.89431762695312,140.07241821289062,69.207922255743,-48.990705110855416,-309.5376281738281,29.57258444109584,ABNOR_W,W11W22
WD_in_W11W22_0003_20201023_14.mp4,2340,0,0.931170642375946,0.8009222745895386,0.29568564891815186,0.8015878796577454,0.2864406406879425,0.8065300583839417,0.28723663091659546,0.8087177276611328,0.2864832878112793,0.834372341632843,0.28625738620758057,0.7940951585769653,0.3262302875518799,0.8586351275444031,0.3347964882850647,0.7779195308685303,0.3981460630893707,0.8708361387252808,0.42139723896980286,0.7892922163009644,0.39297792315483093,0.8522323966026306,0.42184609174728394,0.794346809387207,0.48514512181282043,0.8363962173461914,0.49274563789367676,0.7686982750892639,0.5552178025245667,0.8169418573379517,0.5843958258628845,0.7582921981811523,0.6379650235176086,0.791858434677124,0.6683610677719116,0.8130208333333333,0.4650462962962963,0.13541666666666666,0.45231481481481484,0.5322415557830092,0.736738383769989,0.8235294117647058,172.96749468634604,4.2697219010318115,5.805485069541375,159.54957580566406,172.70262145996094,146.78599548339844,173.37803649902344,4.556100394243218,14.593920756861106,-417.44097900390625,26.329157700241012,ABNOR_W,W11W22
WD_in_W11W22_0003_20201023_14.mp4,2433,0,0.9222272038459778,0.7747145295143127,0.3059048354625702,0.7763023376464844,0.2948055863380432,0.7746984362602234,0.2929702699184418,0.7935014367103577,0.2856709361076355,0.7993722558021545,0.2814047336578369,0.8006426692008972,0.33059602975845337,0.8432846665382385,0.3175906538963318,0.8061792850494385,0.4061800539493561,0.8678389191627502,0.38955920934677124,0.7761685252189636,0.4008609652519226,0.8417465686798096,0.406350702047348,0.8164854049682617,0.4909957945346832,0.849869966506958,0.4859740734100342,0.7807453870773315,0.5690625905990601,0.8181677460670471,0.5746837854385376,0.7680248618125916,0.6634214520454407,0.8009330630302429,0.6657707095146179,0.8110677083333333,0.46620370370370373,0.12630208333333334,0.45925925925925926,0.4889112903225806,0.8551375865936279,0.8823529411764706,-173.0853846703769,-9.734710022110534,-4.836363432946947,154.3355712890625,166.16287231445312,130.89901733398438,143.59396362304688,2.547758346896857,-0.3205181666431679,-394.37298583984375,346.05287935672294,ABNOR_W,W11W22
WD_in_W11W22_0003_20201023_14.mp4,2526,0,0.925139307975769,0.7752599716186523,0.3105813264846802,0.7766105532646179,0.2994239628314972,0.775347888469696,0.29761072993278503,0.7934169769287109,0.2897065579891205,0.8003877401351929,0.28553909063339233,0.8010565638542175,0.3329499065876007,0.8443769812583923,0.3209598660469055,0.8068211078643799,0.4081036150455475,0.8714880347251892,0.39284747838974,0.7751632928848267,0.4042024314403534,0.845897376537323,0.4100950360298157,0.8181732892990112,0.49211543798446655,0.851844072341919,0.4873169958591461,0.7812265157699585,0.5699752569198608,0.8193517923355103,0.5750079154968262,0.7682521343231201,0.663414478302002,0.8013728857040405,0.6656235456466675,0.812109375,0.4689814814814815,0.12786458333333334,0.4546296296296296,0.5,0.8560813069343567,0.8823529411764706,-172.35321744924437,-8.849125613086128,-4.583146766422868,153.7151336669922,166.05516052246094,129.02540588378906,142.0637664794922,2.323913164978401,0.8571082609067837,-386.931396484375,0.7321672211325279,ABNOR_W,W11W22
WD_in_W11W22_0003_20201023_14.mp4,2619,0,0.9240360260009766,0.7776333689689636,0.31242090463638306,0.7783922553062439,0.301545649766922,0.7782241702079773,0.2994530200958252,0.7941526174545288,0.29074451327323914,0.8044017553329468,0.2860356569290161,0.8022028207778931,0.33494696021080017,0.8473164439201355,0.3234773278236389,0.8066490292549133,0.41176706552505493,0.8735353350639343,0.39916297793388367,0.7750474810600281,0.40342482924461365,0.8557710647583008,0.41227537393569946,0.8169750571250916,0.49620017409324646,0.8512364029884338,0.49174267053604126,0.7812629342079163,0.5705249905586243,0.8197987079620361,0.5778309106826782,0.7682363390922546,0.6635758876800537,0.8015340566635132,0.666193962097168,0.8126302083333333,0.4689814814814815,0.13046875,0.4546296296296296,0.5101832993890021,0.8573941588401794,0.8823529411764706,-174.24140501061856,-8.13862859965274,-4.185599674650212,153.47174072265625,167.18472290039062,130.24598693847656,144.63641357421875,0.6445375443119561,2.9620441973996936,-392.14910888671875,1.8881875613741954,ABNOR_W,W11W22
WD_in_W11W22_0003_20201023_14.mp4,2712,0,0.9235280156135559,0.7957091927528381,0.29757124185562134,0.7952221035957336,0.2894654870033264,0.8010353446006775,0.28918060660362244,0.7974599599838257,0.2904386520385742,0.8258854746818542,0.28788071870803833,0.7887464761734009,0.32624468207359314,0.8505457639694214,0.33289650082588196,0.7759500741958618,0.39424845576286316,0.8659635782241821,0.4153141677379608,0.7790189385414124,0.38599693775177,0.8570677042007446,0.41558167338371277,0.7943582534790039,0.48586997389793396,0.8350194692611694,0.48820778727531433,0.7722291946411133,0.5590503215789795,0.8179715871810913,0.5747935771942139,0.769422709941864,0.659025251865387,0.794974684715271,0.6615965962409973,0.8108072916666667,0.4685185185185185,0.12786458333333334,0.44722222222222224,0.5082815734989649,0.7356410026550293,0.8235294117647058,176.7967512091769,3.4647499738290692,1.8523520491004395,154.59523010253906,174.0714111328125,148.16192626953125,170.78607177734375,2.278784341561545,-4.825750628172333,-409.25006103515625,351.0381562197955,ABNOR_W,W11W22
WD_in_W11W22_0003_20201023_14.mp4,2805,0,0.914536714553833,0.8753425478935242,0.27313846349716187,0.8717228770256042,0.26082950830459595,0.8761021494865417,0.26640743017196655,0.8514940142631531,0.250603049993515,0.8759819269180298,0.2637748718261719,0.8226475119590759,0.2775767743587494,0.8770742416381836,0.3044995367527008,0.7957460284233093,0.32935696840286255,0.8743183016777039,0.378380686044693,0.8215511441230774,0.34427332878112793,0.8615053296089172,0.36068591475486755,0.8072443008422852,0.4235822260379791,0.8423126339912415,0.44006800651550293,0.7901493310928345,0.498513787984848,0.8316599726676941,0.5266159176826477,0.77782142162323,0.5771275162696838,0.8111650347709656,0.6067788004875183,0.83046875,0.41967592592592595,0.125,0.4125,0.5387205387205387,0.7107742428779602,0.8235294117647058,162.4256352233215,15.549046709284982,14.811900701195805,173.5009002685547,167.90011596679688,168.54576110839844,167.8369598388672,41.8087067097542,-38.43432766677409,-342.76318359375,14.371115985855397,ABNOR_W,W11W22
WD_in_W11W22_0003_20201023_14.mp4,2898,0,0.927052915096283,0.7976169586181641,0.2854550778865814,0.7972728610038757,0.2745453715324402,0.7968016862869263,0.27310910820961,0.8113654851913452,0.2604348361492157,0.8194149136543274,0.2575400471687317,0.8227701783180237,0.3009602725505829,0.8575647473335266,0.28747880458831787,0.8286091089248657,0.3733122944831848,0.8836295008659363,0.35405972599983215,0.800023078918457,0.37725213170051575,0.8610445261001587,0.3674531877040863,0.8390995860099792,0.4455009698867798,0.8656969666481018,0.4400767982006073,0.8033632040023804,0.5135208368301392,0.8351625204086304,0.5168459415435791,0.7924795150756836,0.6032647490501404,0.8193134665489197,0.6007369756698608,0.8283854166666667,0.4233796296296296,0.12135416666666667,0.4125,0.5230078563411896,0.8547571301460266,0.8823529411764706,-171.6736679059524,-12.29509023599421,-6.5440475707574945,149.12094116210938,163.30126953125,125.5978012084961,139.32376098632812,3.6460549464984724,7.631882751445174,-339.8410339355469,334.09930312927395,ABNOR_W,W11W22
WD_in_W11W22_0003_20201023_14.mp4,2991,0,0.9288470149040222,0.7840194702148438,0.28843119740486145,0.7838366031646729,0.2769967019557953,0.7827017903327942,0.2758348882198334,0.7985933423042297,0.263992041349411,0.8042845129966736,0.26094871759414673,0.8120192289352417,0.3013349771499634,0.8434768915176392,0.28336217999458313,0.8258154392242432,0.37730488181114197,0.8591013550758362,0.35425177216529846,0.7952020764350891,0.38202670216560364,0.8152620196342468,0.36883971095085144,0.8383119702339172,0.43987563252449036,0.8629106879234314,0.4308551549911499,0.8024398684501648,0.5127809643745422,0.8328608274459839,0.5096372961997986,0.7925409078598022,0.6066363453865051,0.819592297077179,0.5974019765853882,0.8231770833333333,0.42569444444444443,0.11354166666666667,0.4097222222222222,0.49265536723163844,0.8414799571037292,0.8823529411764706,-164.13465626351004,-17.816096304902626,-11.654990257802263,149.44259643554688,160.90272521972656,120.17875671386719,132.6754608154297,6.643740937186046,-5.167492427942716,-317.3778381347656,7.539011642442375,ABNOR_W,W11W22
WD_in_W11W22_0003_20201023_14.mp4,3084,0,0.9260610342025757,0.7887056469917297,0.2874643802642822,0.7883910536766052,0.27684494853019714,0.7884652018547058,0.2750336527824402,0.8019134402275085,0.26489830017089844,0.8113939762115479,0.26063108444213867,0.8140708804130554,0.30067041516304016,0.8493436574935913,0.2868340313434601,0.8246538639068604,0.3737742006778717,0.8769785761833191,0.3509347140789032,0.795793354511261,0.37982821464538574,0.8454998731613159,0.3690737783908844,0.8358932733535767,0.4434735178947449,0.8625206351280212,0.4369836151599884,0.8020570874214172,0.5154885649681091,0.8340772390365601,0.5152391195297241,0.7928798794746399,0.6051326394081116,0.8198264837265015,0.5977888703346252,0.8248697916666666,0.425462962962963,0.11484375,0.40925925925925927,0.498868778280543,0.8414484262466431,0.8823529411764706,-168.00897484098874,-12.442978433816526,-7.806479881905714,150.44326782226562,164.19219970703125,124.92974090576172,138.26324462890625,2.100935354560957,3.3852481626903397,-329.97064208984375,3.8743185774787037,ABNOR_W,W11W22
WD_in_W11W22_0003_20201023_14.mp4,3177,0,0.9276348948478699,0.8686577081680298,0.2701972424983978,0.8649593591690063,0.26040130853652954,0.8707551956176758,0.26391398906707764,0.8543049693107605,0.25623568892478943,0.8811249136924744,0.2647864520549774,0.8369197845458984,0.2829567790031433,0.8927927613258362,0.3028607666492462,0.8137404322624207,0.3454093039035797,0.8985853791236877,0.3740255832672119,0.8341169953346252,0.34276822209358215,0.8768457770347595,0.3737483620643616,0.8293159604072571,0.4246954917907715,0.8645592331886292,0.4366745054721832,0.8059284687042236,0.4899982511997223,0.8467415571212769,0.5204466581344604,0.7916429042816162,0.5753934979438782,0.8187591433525085,0.6005194187164307,0.8459635416666667,0.4199074074074074,0.13098958333333333,0.39444444444444443,0.5903755868544601,0.7171430587768555,0.8235294117647058,166.98130821427043,11.331029142186324,10.823792822683805,164.0779571533203,168.8612823486328,152.96337890625,179.84803771972656,26.388676888088003,-6.643272544966564,-346.653564453125,334.99028305525917,ABNOR_W,W11W22
WD_in_W11W22_0003_20201023_14.mp4,3270,0,0.9368177652359009,0.964458167552948,0.2972679138183594,0.9643091559410095,0.2830342948436737,0.9662274122238159,0.2885388135910034,0.9471614956855774,0.2658781409263611,0.9596559405326843,0.27586105465888977,0.913446307182312,0.2719288468360901,0.9357616305351257,0.3034086227416992,0.8779067993164062,0.33646851778030396,0.9002493619918823,0.35952842235565186,0.9227964878082275,0.3637881278991699,0.9323111176490784,0.374105840921402,0.859656035900116,0.3815375864505768,0.8802459836006165,0.3995378315448761,0.8534324765205383,0.4659942090511322,0.8771650195121765,0.49269136786460876,0.8394216299057007,0.5407482385635376,0.8573166728019714,0.567814826965332,0.9057291666666667,0.4099537037037037,0.15260416666666668,0.35324074074074074,0.7680209698558322,0.7910504937171936,0.8823529411764706,136.63455939075905,38.43221907126787,26.18572790949817,169.03530883789062,158.2052001953125,146.36062622070312,137.61058044433594,74.26059299048693,-27.93755482152565,-201.46273803710938,30.346748823511376,ABNOR_W,W11W22
WD_in_W11W22_0003_20201023_14.mp4,3363,0,0.9199613928794861,0.9175102114677429,0.3068864941596985,0.9211825132369995,0.30197885632514954,0.9163916110992432,0.30007219314575195,0.9214649200439453,0.2910090386867523,0.9055914282798767,0.2826084494590759,0.912077009677887,0.2983938455581665,0.8751398921012878,0.28255200386047363,0.9124433398246765,0.3268931210041046,0.8422116041183472,0.3040620684623718,0.9222997426986694,0.35320845246315,0.8492168188095093,0.33436593413352966,0.8787443041801453,0.38054996728897095,0.8529243469238281,0.37398460507392883,0.8737440705299377,0.45085397362709045,0.8393542170524597,0.44830289483070374,0.8477268218994141,0.5176735520362854,0.8277114629745483,0.5274421572685242,0.8798177083333333,0.4011574074074074,0.12369791666666667,0.32546296296296295,0.6756756756756757,0.8692609667778015,0.8823529411764706,150.36495273318104,-166.4366370974503,-171.86023931289282,152.5150909423828,176.67279052734375,151.4038848876953,174.6222686767578,32.64512671920421,-9.237542061739646,-152.02252197265625,13.73039334242199,ABNOR_W,W11W22
WD_in_W11W22_0003_20201023_14.mp4,3456,0,0.9156325459480286,0.9224280118942261,0.3051024377346039,0.9256986975669861,0.29984554648399353,0.9215442538261414,0.2983195185661316,0.9245968461036682,0.28950440883636475,0.910574734210968,0.28208425641059875,0.9147574305534363,0.29868730902671814,0.8787192106246948,0.2850041389465332,0.9127962589263916,0.32793062925338745,0.8453666567802429,0.3088153600692749,0.9218747019767761,0.3542737662792206,0.8545896410942078,0.3383645713329315,0.8813429474830627,0.38165584206581116,0.8556877374649048,0.37558019161224365,0.8755310773849487,0.45125648379325867,0.8416158556938171,0.4480849504470825,0.84857577085495,0.5152632594108582,0.8287857174873352,0.52788907289505,0.8815104166666666,0.40069444444444446,0.12604166666666666,0.3282407407407407,0.6826516220028209,0.8617914915084839,0.8823529411764706,149.96229441778857,-167.94429239825718,-172.41228801891862,151.6224822998047,176.91458129882812,152.84214782714844,174.7108154296875,2.1193919493983087,0.9402423530404044,-158.79367065429688,0.4026583153924719,ABNOR_W,W11W22
WD_in_W11W22_0003_20201023_14.mp4,3549,0,0.9189958572387695,0.927132248878479,0.308828204870224,0.9306865930557251,0.30394160747528076,0.9267568588256836,0.3011717200279236,0.9288872480392456,0.29580339789390564,0.9152920246124268,0.2855057418346405,0.9152902960777283,0.30350029468536377,0.8825080990791321,0.29031601548194885,0.914262592792511,0.3289822041988373,0.8464235067367554,0.31630903482437134,0.9231377243995667,0.353974848985672,0.8607542514801025,0.3411767780780792,0.8801588416099548,0.3806194067001343,0.8561023473739624,0.37476539611816406,0.8755649924278259,0.45036959648132324,0.8419100046157837,0.4487483501434326,0.8486613035202026,0.5161095261573792,0.8281887173652649,0.5283200144767761,0.8829427083333333,0.4046296296296296,0.12838541666666667,0.32037037037037036,0.7124277456647399,0.864624559879303,0.8823529411764706,145.8977314217066,-167.25284296677992,-172.2056950406322,150.64056396484375,178.212158203125,147.67544555664062,169.76260375976562,3.2627226444274227,-0.6443211773384627,-148.74667358398438,4.064562996081975,ABNOR_W,W11W22
WD_in_W11W22_0003_20201023_14.mp4,3642,0,0.9251665472984314,0.9339014291763306,0.31307753920555115,0.9359690546989441,0.30663493275642395,0.9348117709159851,0.3063111901283264,0.9303270578384399,0.29577282071113586,0.9241873621940613,0.29104021191596985,0.9119516611099243,0.29913952946662903,0.8852519989013672,0.29427751898765564,0.9049575924873352,0.32792291045188904,0.8454450964927673,0.32256022095680237,0.9192959666252136,0.3520205318927765,0.863944411277771,0.34716397523880005,0.8741856217384338,0.37581443786621094,0.852656364440918,0.37577980756759644,0.8711071610450745,0.4490242898464203,0.8401743173599243,0.4549921751022339,0.8485210537910461,0.5183743238449097,0.8282694220542908,0.5314877033233643,0.8858072916666667,0.40694444444444444,0.13307291666666668,0.31666666666666665,0.7470760233918129,0.8393232226371765,0.8823529411764706,141.6628977360538,-174.15153955700583,-179.94818227870303,154.20468139648438,179.8154754638672,143.06854248046875,160.2368621826172,3.8939883898145573,-1.3193074557383981,-135.47427368164062,4.234833685652802,ABNOR_W,W11W22
WD_in_W11W22_0003_20201023_14.mp4,3735,0,0.8894965648651123,1.0,0.3136550188064575,1.0,0.3031947612762451,1.0,0.3093452453613281,0.9955397248268127,0.28898119926452637,1.0,0.302291601896286,0.9737779498100281,0.29592907428741455,0.9923689365386963,0.3217795789241791,0.9455299377441406,0.3576149046421051,0.9691839814186096,0.38479506969451904,0.9781734943389893,0.38313326239585876,0.9911786913871765,0.40288645029067993,0.9161524176597595,0.39617377519607544,0.9326385259628296,0.4084746539592743,0.9109898209571838,0.47977781295776367,0.9291692972183228,0.5063143968582153,0.8952025175094604,0.554698646068573,0.9039284586906433,0.5849693417549133,0.941796875,0.4375,0.11640625,0.3472222222222222,0.596,0.5692307949066162,0.6470588235294118,131.86108351069828,38.03067772315702,22.767860722881437,165.72817993164062,153.9022979736328,140.6427459716797,132.83641052246094,72.4789561609548,18.46552463719586,-191.52548217773438,9.801814225355514,ABNOR_W,W11W22
WD_in_W11W22_0003_20201023_14.mp4,3828,0,0.9421789050102234,0.9824607968330383,0.31914475560188293,0.986083984375,0.3148435950279236,0.9844900369644165,0.31016111373901367,0.9851455688476562,0.3083100914955139,0.9783670902252197,0.29345664381980896,0.9674317240715027,0.31702184677124023,0.9421520233154297,0.29962608218193054,0.9549330472946167,0.3456096649169922,0.900259792804718,0.32253384590148926,0.9740610122680664,0.36280035972595215,0.9215023517608643,0.35126793384552,0.926936149597168,0.38371872901916504,0.9038408994674683,0.3765038549900055,0.9226612448692322,0.46515944600105286,0.8872782588005066,0.4604570269584656,0.8952513337135315,0.5380760431289673,0.8686472177505493,0.5394473671913147,0.9303385416666666,0.412962962962963,0.13932291666666666,0.31666666666666665,0.7821637426900585,0.8177601099014282,0.8823529411764706,135.70156845842155,-158.83983472147742,-170.03358232511917,151.5771484375,176.57821655273438,138.14468383789062,157.788330078125,22.199149338439604,-15.462419889144577,-131.687744140625,3.8404849477232688,ABNOR_W,W11W22
WD_in_W11W22_0003_20201023_14.mp4,3921,0,0.9374099373817444,0.9749141931533813,0.3155468702316284,0.9787437915802002,0.31170889735221863,0.974966824054718,0.3070264160633087,0.9772464632987976,0.30439451336860657,0.9636452198028564,0.28934600949287415,0.9642242789268494,0.3172961175441742,0.9296232461929321,0.2915441393852234,0.9580968618392944,0.34390929341316223,0.8960984945297241,0.31643205881118774,0.9707731008529663,0.3617831766605377,0.9067085385322571,0.34544405341148376,0.9296553134918213,0.39139559864997864,0.9034817218780518,0.379653662443161,0.9228798151016235,0.464452862739563,0.8862900137901306,0.45285189151763916,0.896976113319397,0.5355949401855469,0.8690156936645508,0.5357903242111206,0.9294270833333333,0.41064814814814815,0.13802083333333334,0.32222222222222224,0.7614942528735632,0.8570738434791565,0.8823529411764706,146.36119778808055,-157.28373979035777,-165.83725720299174,156.44708251953125,177.65597534179688,149.69113159179688,174.8528289794922,1.9668958452680796,3.7682275406360777,-151.1519775390625,10.659629329658998,ABNOR_W,W11W22
WD_in_W11W22_0003_20201023_14.mp4,4014,0,0.9290575385093689,0.968378484249115,0.3157157599925995,0.971566379070282,0.31174442172050476,0.9679278135299683,0.30854567885398865,0.9705570936203003,0.30450013279914856,0.9578010439872742,0.29324519634246826,0.9624961614608765,0.31544172763824463,0.9264110922813416,0.2919776439666748,0.9591864347457886,0.3412392735481262,0.8951327204704285,0.3114517331123352,0.9695644378662109,0.3614674210548401,0.9001089930534363,0.3418683409690857,0.9300445914268494,0.38834452629089355,0.9033903479576111,0.37720561027526855,0.9242293238639832,0.46303167939186096,0.8860944509506226,0.4517216086387634,0.8975151777267456,0.5353556871414185,0.8693522214889526,0.5347693562507629,0.9263020833333333,0.4115740740740741,0.13177083333333334,0.3194444444444444,0.7333333333333333,0.8511930704116821,0.8823529411764706,148.05047844605957,-159.90939375101794,-166.77159256003364,154.58987426757812,177.29432678222656,149.52455139160156,176.77297973632812,3.920568823911195,-1.9139822475225587,-144.84808349609375,1.689280657979026,ABNOR_W,W11W22
WD_in_W11W22_0003_20201023_14.mp4,4107,0,0.9359809756278992,0.976950466632843,0.3302081525325775,0.9807117581367493,0.3269323706626892,0.97795170545578,0.3223191201686859,0.9799917936325073,0.3191154897212982,0.9697105288505554,0.30423644185066223,0.9660981893539429,0.32573962211608887,0.934731662273407,0.3026963174343109,0.9619673490524292,0.3455685079097748,0.899084746837616,0.3220660388469696,0.9734155535697937,0.36433055996894836,0.9102926254272461,0.35152319073677063,0.9284849762916565,0.3927733898162842,0.9039634466171265,0.38280126452445984,0.9233067035675049,0.46370816230773926,0.8859216570854187,0.4579278230667114,0.8969947695732117,0.5357871055603027,0.8685482144355774,0.5382335186004639,0.930078125,0.4166666666666667,0.13828125,0.3111111111111111,0.7901785714285714,0.8442345857620239,0.8823529411764706,140.43627510049254,-157.54769727189353,-167.11521719459157,154.41221618652344,177.9175567626953,142.46536254882812,168.79251098632812,5.865380187947565,3.489035465930148,-124.3709716796875,7.614203345567034,ABNOR_W,W11W22
WD_in_W11W22_0003_20201023_14.mp4,4200,0,0.9271022081375122,0.9536285400390625,0.25834259390830994,0.9505335092544556,0.24878519773483276,0.9546182751655579,0.25315141677856445,0.9347462058067322,0.2435288280248642,0.9570773839950562,0.2540646195411682,0.9129436612129211,0.265034556388855,0.9615669846534729,0.2870894968509674,0.8901197910308838,0.30861935019493103,0.9630207419395447,0.34662821888923645,0.897791862487793,0.3170262575149536,0.9479500651359558,0.3351006805896759,0.8984238505363464,0.3846116364002228,0.9304648041725159,0.3976733088493347,0.88125079870224,0.44914084672927856,0.9197184443473816,0.4741443693637848,0.8705765604972839,0.5245248675346375,0.897016167640686,0.548950731754303,0.9194010416666667,0.3905092592592593,0.11588541666666667,0.35694444444444445,0.5771725032425421,0.7328381538391113,0.8235294117647058,160.58819145899884,14.313226463291922,12.915016962875372,168.8099822998047,165.67918395996094,166.86192321777344,167.4615936279297,22.48990563262871,2.334771697054204,-286.84771728515625,20.1519163585063,ABNOR_W,W11W22
WD_in_W11W22_0003_20201023_14.mp4,4293,0,0.9270778894424438,0.8796967267990112,0.21714596450328827,0.8796619772911072,0.2102498561143875,0.8831831812858582,0.2091728299856186,0.8856506943702698,0.21068769693374634,0.9030100107192993,0.20748338103294373,0.885478675365448,0.23989255726337433,0.9249078631401062,0.2412189096212387,0.8777923583984375,0.29012003540992737,0.9381265640258789,0.2964537441730499,0.8634349703788757,0.2869115173816681,0.9239120483398438,0.2983204126358032,0.8906058073043823,0.35746756196022034,0.9168831706047058,0.3572654724121094,0.8671116232872009,0.4079103469848633,0.8984796404838562,0.41514232754707336,0.8590189814567566,0.48517733812332153,0.8799858689308167,0.48610228300094604,0.8921875,0.34328703703703706,0.10260416666666666,0.33564814814814814,0.543448275862069,0.7689407467842102,0.8235294117647058,178.73688555491185,1.0840150143537104,-0.2478646978926034,150.92233276367188,175.38055419921875,135.94178771972656,157.5293426513672,47.06034505041347,-23.511458165485013,-302.87640380859375,18.148694095913015,ABNOR_W,W11W22
WD_in_W11W22_0003_20201023_14.mp4,4386,0,0.8930164575576782,0.3858444094657898,0.4151819944381714,0.3812864422798157,0.40626102685928345,0.38340774178504944,0.40989989042282104,0.361665815114975,0.4132910966873169,0.3738258183002472,0.42358288168907166,0.35325366258621216,0.4540650248527527,0.36390894651412964,0.4896436333656311,0.37991923093795776,0.5094514489173889,0.38954243063926697,0.5462126731872559,0.4130183458328247,0.5397384762763977,0.4196508526802063,0.5484532117843628,0.35869085788726807,0.5727762579917908,0.36517533659935,0.5993026494979858,0.41800206899642944,0.546276867389679,0.42404451966285706,0.585257887840271,0.4234243631362915,0.6404736042022705,0.4318300187587738,0.6804386377334595,0.3946614583333333,0.537962962962963,0.13255208333333332,0.3388888888888889,0.6953551912568307,0.7507922053337097,0.8823529411764706,-177.01271353955372,61.96826107521252,66.51097642823876,81.73578643798828,90.63038635253906,80.54782104492188,83.53274536132812,630.4314025317218,159.17937278440218,-369.05218505859375,355.74959909446557,ABNOR_W,W11W22
WD_in_W11W22_0003_20201023_14.mp4,4479,0,0.9228160977363586,0.8574119806289673,0.24466222524642944,0.8564144372940063,0.23603342473506927,0.8558005094528198,0.2365291565656662,0.8642624616622925,0.22532178461551666,0.8655661344528198,0.22732670605182648,0.8935900330543518,0.2503453493118286,0.8805497884750366,0.24333925545215607,0.9179050326347351,0.2977232336997986,0.8820070624351501,0.276029109954834,0.8909069895744324,0.30967476963996887,0.8638878464698792,0.2767404615879059,0.9008198380470276,0.3551667332649231,0.8880258798599243,0.34654492139816284,0.8819066882133484,0.4094407856464386,0.8659937381744385,0.39353421330451965,0.8705336451530457,0.48568227887153625,0.8635509610176086,0.4563535153865814,0.8821614583333334,0.3451388888888889,0.08671875,0.3226851851851852,0.47776183644189385,0.84050452709198,0.8823529411764706,-172.83695753393624,-163.18447426130194,-159.23997520186833,163.0739288330078,144.1415252685547,141.23072814941406,132.84878540039062,618.038599567609,-163.71146425523182,-229.37820434570312,4.1757560056174725,ABNOR_W,W11W22
WD_in_W11W22_0003_20201023_14.mp4,4572,0,0.9212211966514587,0.8537752032279968,0.24190130829811096,0.8536873459815979,0.23361574113368988,0.8520908355712891,0.23333224654197693,0.8635152578353882,0.22373370826244354,0.861122727394104,0.22376994788646698,0.8906881809234619,0.2478070855140686,0.8772150278091431,0.23786456882953644,0.9157917499542236,0.2977185547351837,0.880064070224762,0.27044135332107544,0.8887733817100525,0.3067936599254608,0.8634051084518433,0.2740613520145416,0.9005022644996643,0.35054779052734375,0.8881874084472656,0.3415537476539612,0.8814897537231445,0.4087146520614624,0.8659507632255554,0.39213091135025024,0.8706649541854858,0.48542648553848267,0.863599956035614,0.4571893513202667,0.8815104166666666,0.3451388888888889,0.0859375,0.3236111111111111,0.4721030042918455,0.8461211323738098,0.8823529411764706,-169.85075391258593,-157.45687372655846,-157.66633590014183,163.92237854003906,145.66383361816406,140.2017364501953,131.33409118652344,0.8056719303899451,-3.3448072083719382,-224.96282958984375,2.986203621350313,ABNOR_W,W11W22
WD_in_W11W22_0003_20201023_14.mp4,4665,0,0.9151650667190552,0.8501165509223938,0.24153532087802887,0.8496295809745789,0.23302291333675385,0.8485899567604065,0.23232099413871765,0.8597591519355774,0.22333984076976776,0.8595230579376221,0.22240008413791656,0.8867462873458862,0.24552388489246368,0.8782759308815002,0.23347117006778717,0.911373496055603,0.2973215579986572,0.8869640231132507,0.27358880639076233,0.8795894384384155,0.300834983587265,0.8687135577201843,0.2825530171394348,0.9024116396903992,0.34704211354255676,0.8921729922294617,0.33760544657707214,0.8803904056549072,0.4072228670120239,0.8660768270492554,0.38968271017074585,0.8704919815063477,0.4861762225627899,0.8633575439453125,0.45712044835090637,0.8805989583333333,0.34467592592592594,0.08776041666666666,0.3226851851851852,0.4835007173601148,0.826743483543396,0.8823529411764706,-165.66464159986106,-141.32625679998333,-152.5959919609949,159.51991271972656,142.40394592285156,131.6145477294922,124.95697784423828,1.173076037589513,-2.594358030534966,-217.70306396484375,4.186112312724873,ABNOR_W,W11W22
WD_in_W11W22_0003_20201023_14.mp4,4758,0,0.9202502965927124,0.7706935405731201,0.22390185296535492,0.7699757218360901,0.2161620855331421,0.7699958682060242,0.2153281420469284,0.7786287069320679,0.20736655592918396,0.7829787731170654,0.20499010384082794,0.8013395071029663,0.2277311235666275,0.8028099536895752,0.21421122550964355,0.8222339749336243,0.2783292829990387,0.8117231130599976,0.26455825567245483,0.7958561182022095,0.2827739715576172,0.7890980839729309,0.2782210111618042,0.8263473510742188,0.32165220379829407,0.8262571096420288,0.3118211030960083,0.7962161898612976,0.38304468989372253,0.798771858215332,0.37032702565193176,0.7904148697853088,0.4628537893295288,0.7990329265594482,0.4393530488014221,0.8033854166666666,0.324537037037037,0.0875,0.30648148148148147,0.5075528700906344,0.8087183833122253,0.8823529411764706,-155.78390645551153,-79.0567226971738,-90.93465121304543,146.25782775878906,139.74697875976562,113.56354522705078,117.00751495361328,96.57556865247209,-17.811221074489403,-200.52316284179688,9.88073514434953,ABNOR_W,W11W22
WD_in_W11W22_0003_20201023_14.mp4,4851,0,0.8893777132034302,0.384032666683197,0.4187169373035431,0.3798500895500183,0.410370796918869,0.3814014494419098,0.413199782371521,0.3619614541530609,0.4179539978504181,0.37093448638916016,0.4264329969882965,0.35660305619239807,0.4570244550704956,0.36121636629104614,0.49288031458854675,0.38215741515159607,0.5123942494392395,0.3879292607307434,0.5504041910171509,0.41285496950149536,0.5407189726829529,0.41922301054000854,0.5505847930908203,0.36434441804885864,0.574242889881134,0.3667335510253906,0.6001653671264648,0.41871580481529236,0.5500056147575378,0.4233146607875824,0.586726725101471,0.4239790141582489,0.6434242129325867,0.4322044253349304,0.6798336505889893,0.39453125,0.5391203703703704,0.134375,0.3375,0.7078189300411523,0.7716032266616821,0.8823529411764706,-174.00643516898012,77.1161748351401,80.69483290624272,81.6431655883789,92.0239486694336,82.61980438232422,87.6139907836914,527.5503626039476,188.272557948583,-363.93231201171875,18.22252871346859,ABNOR_W,W11W22
WD_in_W11W22_0003_20201023_14.mp4,4944,0,0.8908244371414185,0.3839839696884155,0.41767606139183044,0.3792436420917511,0.40922850370407104,0.3816404342651367,0.41241464018821716,0.35934701561927795,0.4171121418476105,0.37214237451553345,0.42658206820487976,0.3539412319660187,0.45567023754119873,0.36295604705810547,0.49356111884117126,0.3798414170742035,0.5101056694984436,0.3891240060329437,0.5501615405082703,0.411795049905777,0.5393742322921753,0.41940435767173767,0.5505398511886597,0.36230307817459106,0.5728634595870972,0.36755579710006714,0.5996119976043701,0.41789063811302185,0.5480674505233765,0.4238882064819336,0.587244987487793,0.42333337664604187,0.6402304172515869,0.4318254888057709,0.6801688075065613,0.39401041666666664,0.5386574074074074,0.13489583333333333,0.3375,0.710562414266118,0.7642260789871216,0.8823529411764706,-174.10688279392596,67.07353530433396,70.75534505309123,81.90784454345703,91.59478759765625,83.1435775756836,87.36947631835938,0.7206148815661585,-0.6727242600406864,-364.0931396484375,0.10044762494584347,ABNOR_W,W11W22
WD_in_W11W22_0003_20201023_14.mp4,5037,0,0.8948994874954224,0.38395050168037415,0.417951375246048,0.37948840856552124,0.40945979952812195,0.38156405091285706,0.4124677777290344,0.36024540662765503,0.4169692099094391,0.3717743754386902,0.42587292194366455,0.3541228473186493,0.4565621316432953,0.36297807097435,0.49269798398017883,0.3803519904613495,0.5115271806716919,0.38913965225219727,0.54974764585495,0.41260644793510437,0.5405605435371399,0.41968947649002075,0.5505603551864624,0.3623512089252472,0.5737555027008057,0.36755383014678955,0.599677562713623,0.41790422797203064,0.5485574007034302,0.42404502630233765,0.5864425897598267,0.42370742559432983,0.6420010924339294,0.43252262473106384,0.6797230839729309,0.394921875,0.538425925925926,0.13411458333333334,0.337037037037037,0.7074175824175825,0.7663384675979614,0.8823529411764706,-174.20195091351556,66.45962890523701,70.36331574299219,81.98711395263672,91.67044830322266,82.80168914794922,86.84090423583984,1.1393921707807726,0.33332315752900415,-364.53277587890625,0.09506811958959815,ABNOR_W,W11W22
WD_in_W11W22_0003_20201023_14.mp4,5130,0,0.8867870569229126,0.38475891947746277,0.42278358340263367,0.38033244013786316,0.41346460580825806,0.38271912932395935,0.4167310893535614,0.360385000705719,0.41876131296157837,0.3720811903476715,0.42803245782852173,0.35306528210639954,0.45804908871650696,0.3603690266609192,0.4954806864261627,0.3820335566997528,0.512171745300293,0.39062899351119995,0.5504216551780701,0.41322702169418335,0.5416951775550842,0.4205549657344818,0.5518434047698975,0.36292141675949097,0.573172390460968,0.3670860230922699,0.6004027128219604,0.4178122580051422,0.549967885017395,0.423193097114563,0.5880047082901001,0.42288610339164734,0.6411065459251404,0.4316492974758148,0.6803615093231201,0.39296875,0.5372685185185185,0.1375,0.34120370370370373,0.7164179104477612,0.7608389854431152,0.8823529411764706,-172.37364158244304,70.86913129968424,74.78938310140884,82.27629852294922,92.15986633300781,85.27816009521484,89.40770721435547,2.546937548460357,0.04941409396142075,-354.24859619140625,1.8283093310725178,ABNOR_W,W11W22
WD_in_W11W22_0003_20201023_14.mp4,5223,0,0.8941947221755981,0.3846445679664612,0.4216720163822174,0.3801344037055969,0.412617951631546,0.3824906349182129,0.4157293438911438,0.3602272868156433,0.4189390540122986,0.37223848700523376,0.4279786944389343,0.35441988706588745,0.4581603407859802,0.3608957529067993,0.4959337115287781,0.38251760601997375,0.5134127736091614,0.38976922631263733,0.5512983798980713,0.41345304250717163,0.543163537979126,0.4199628233909607,0.5522562265396118,0.36340904235839844,0.5739217400550842,0.36700350046157837,0.6008492112159729,0.41808995604515076,0.5491358637809753,0.423259437084198,0.5867226719856262,0.42265599966049194,0.6417161822319031,0.43173885345458984,0.6797895431518555,0.393359375,0.5381944444444444,0.13567708333333334,0.33935185185185185,0.7107776261937244,0.7703394889831543,0.8823529411764706,-173.0656807987679,73.04971602068738,76.65011817219214,80.70684814453125,91.1606674194336,83.55592346191406,87.8688735961914,0.8056719303899451,0.4162113781018369,-357.94110107421875,0.6920392163248437,ABNOR_W,W11W22
WD_in_W11W22_0003_20201023_14.mp4,5316,0,0.8834011554718018,0.3876729905605316,0.42721083760261536,0.38397762179374695,0.4172860383987427,0.38564205169677734,0.42078813910484314,0.3651253581047058,0.4202527701854706,0.374821275472641,0.4295707643032074,0.3556331992149353,0.4575444459915161,0.36152929067611694,0.49409744143486023,0.3823387026786804,0.5131033658981323,0.3899732530117035,0.5506848096847534,0.4133579134941101,0.5426645874977112,0.4204544126987457,0.5519624948501587,0.3626459836959839,0.5746209025382996,0.365744948387146,0.6018298268318176,0.418047159910202,0.5500436425209045,0.42269060015678406,0.5873845219612122,0.4235215187072754,0.6420994997024536,0.43208953738212585,0.6794405579566956,0.39375,0.5386574074074074,0.13541666666666666,0.3375,0.7133058984910837,0.7606093883514404,0.8823529411764706,-174.92579081969313,73.9992196210285,78.55348143733795,82.0235595703125,92.16722869873047,82.06702423095703,85.85881042480469,0.5809782912446002,0.5846432321040123,-347.7913818359375,1.860110020925248,ABNOR_W,W11W22
WD_in_W11W22_0003_20201023_14.mp4,5409,0,0.8867688179016113,0.41473913192749023,0.4481993019580841,0.4105449616909027,0.4373120665550232,0.4135129153728485,0.4421931803226471,0.38823598623275757,0.4354848265647888,0.4028734266757965,0.4479394555091858,0.3690495491027832,0.46567994356155396,0.3858932852745056,0.5110018253326416,0.3999541699886322,0.5047935247421265,0.40526342391967773,0.5715784430503845,0.42631998658180237,0.5255936980247498,0.42982590198516846,0.5490794777870178,0.35699692368507385,0.5838959217071533,0.3677511215209961,0.6130605340003967,0.4213380217552185,0.5296118855476379,0.42829373478889465,0.5737149119377136,0.4239870011806488,0.6349062919616699,0.43240997195243835,0.6843913197517395,0.400390625,0.5439814814814815,0.12057291666666667,0.3277777777777778,0.653954802259887,0.735500693321228,0.7647058823529411,166.304306330299,56.54704401309693,56.75350257777585,67.17294311523438,73.70247650146484,54.338626861572266,52.382015228271484,9.01488928823678,7.137021978478488,-324.60247802734375,341.23009714999216,ABNOR_W,W11W22
WD_in_W11W22_0003_20201023_14.mp4,5502,0,0.8939588665962219,0.40314167737960815,0.43448376655578613,0.39758893847465515,0.4241841733455658,0.4024633467197418,0.4294540286064148,0.37352895736694336,0.4256601333618164,0.39564287662506104,0.4392077922821045,0.35798099637031555,0.464684396982193,0.3818550109863281,0.5037205815315247,0.38187554478645325,0.5182597041130066,0.3997388780117035,0.5597699284553528,0.4175320565700531,0.5425193309783936,0.4259291887283325,0.5545116662979126,0.35162433981895447,0.5851779580116272,0.36748287081718445,0.612503707408905,0.4174501299858093,0.5318288803100586,0.42699024081230164,0.5762486457824707,0.423265278339386,0.6323941946029663,0.43298226594924927,0.6836423873901367,0.39895833333333336,0.5425925925925926,0.12395833333333334,0.3296296296296296,0.6685393258426966,0.6999950408935547,0.7647058823529411,170.8690471503598,42.605934071302826,44.10510781135143,71.36189270019531,76.74779510498047,60.134647369384766,57.8653678894043,2.0190080705996887,0.25242157916733804,-355.01129150390625,4.564740820060791,ABNOR_W,W11W22
WD_in_W11W22_0003_20201023_14.mp4,5595,0,0.9133259057998657,0.7995990514755249,0.17512622475624084,0.7960119843482971,0.17017793655395508,0.8008436560630798,0.16995714604854584,0.7862555384635925,0.170723095536232,0.8040085434913635,0.17160050570964813,0.776279091835022,0.19881169497966766,0.8159258365631104,0.20321358740329742,0.7643029093742371,0.23596081137657166,0.8253854513168335,0.24857261776924133,0.7735112905502319,0.23387913405895233,0.81584632396698,0.25171950459480286,0.7758527994155884,0.29548394680023193,0.802409827709198,0.29619336128234863,0.7666441202163696,0.35376647114753723,0.7965571880340576,0.3588642477989197,0.7617133855819702,0.4149967133998871,0.7847220301628113,0.42509323358535767,0.7920572916666667,0.293287037037037,0.07994791666666666,0.29768518518518516,0.4774494556765163,0.7269972562789917,0.8235294117647058,172.5539892804819,3.573657318907956,0.8608684062432009,172.4574737548828,171.80177307128906,164.75961303710938,174.93650817871094,516.4926417430723,-210.9199939448719,-260.73883056640625,1.6849421301220957,ABNOR_W,W11W22
WD_in_W11W22_0003_20201023_14.mp4,5688,0,0.9064169526100159,0.7840793132781982,0.16746830940246582,0.7827953100204468,0.16267022490501404,0.7876083254814148,0.16181005537509918,0.7824315428733826,0.16266335546970367,0.7993507385253906,0.1616990864276886,0.7758318185806274,0.1885906159877777,0.8131788969039917,0.19044746458530426,0.7655051350593567,0.2287815660238266,0.8222933411598206,0.2371116578578949,0.7680338621139526,0.22853253781795502,0.8079441785812378,0.2509990930557251,0.7786466479301453,0.28026461601257324,0.8036047220230103,0.2797311544418335,0.7695735692977905,0.3412562906742096,0.7975419163703918,0.344170480966568,0.7679373025894165,0.40395593643188477,0.7885738611221313,0.4110925495624542,0.7919270833333333,0.2814814814814815,0.07291666666666667,0.29074074074074074,0.445859872611465,0.7288418412208557,0.8235294117647058,176.20085999743506,1.6019518364687402,-0.6888411492007355,167.843017578125,176.0953369140625,162.06214904785156,178.70230102539062,8.21943328704921,-11.026759244455969,-243.06390380859375,3.646870716953174,ABNOR_W,W11W22
WD_in_W11W22_0003_20201023_14.mp4,5781,0,0.8953757286071777,0.40181609988212585,0.44818973541259766,0.3964272439479828,0.4381351172924042,0.4003833830356598,0.4430508017539978,0.3726081848144531,0.4395127594470978,0.39118167757987976,0.45260298252105713,0.35480889678001404,0.4752209186553955,0.38196083903312683,0.5145806074142456,0.38271182775497437,0.5214096307754517,0.40336307883262634,0.5650099515914917,0.41881340742111206,0.5445660352706909,0.4276304244995117,0.5566841959953308,0.3509732484817505,0.5910140872001648,0.36921149492263794,0.6176368594169617,0.416270911693573,0.5353166460990906,0.4275454878807068,0.5764939188957214,0.42323657870292664,0.638270378112793,0.43377983570098877,0.6831860542297363,0.398828125,0.5483796296296296,0.12578125,0.31805555555555554,0.7030567685589519,0.7098177075386047,0.7647058823529411,172.3270251956231,39.19399029501046,39.389203290981506,71.22696685791016,74.29093933105469,60.99811553955078,55.956478118896484,520.7351312402361,225.76460744579336,-337.253173828125,3.8738348018119666,ABNOR_W,W11W22
WD_in_W11W22_0003_20201023_14.mp4,5874,0,0.9013007283210754,0.3992782533168793,0.4361219108104706,0.39373883605003357,0.42641890048980713,0.3984862267971039,0.43133386969566345,0.3696313798427582,0.42879241704940796,0.3910539746284485,0.44157230854034424,0.3532099723815918,0.46483850479125977,0.38071340322494507,0.5023271441459656,0.37652331590652466,0.5183749794960022,0.39884820580482483,0.5583667159080505,0.4153651297092438,0.5403499007225037,0.42585861682891846,0.5552772879600525,0.34921273589134216,0.5859591960906982,0.36773714423179626,0.6121112108230591,0.4148940443992615,0.5348761677742004,0.4271507263183594,0.5774944424629211,0.4217016398906708,0.6342353224754333,0.4334886968135834,0.6824567914009094,0.398046875,0.5449074074074074,0.12682291666666667,0.32407407407407407,0.6957142857142857,0.7044078707695007,0.7647058823529411,172.5546648120789,37.47801608205315,38.45360103457298,73.31631469726562,77.98131561279297,63.01390838623047,59.98728561401367,2.603205675379231,-3.6825658888575568,-351.8927001953125,0.22763961645580366,ABNOR_W,W11W22
WD_in_W11W22_0003_20201023_14.mp4,5967,0,0.900457501411438,0.39879143238067627,0.43374061584472656,0.3933939039707184,0.42432039976119995,0.3978597819805145,0.428967148065567,0.36985406279563904,0.4274635314941406,0.3902537226676941,0.43962928652763367,0.3543833792209625,0.4642834961414337,0.3799258768558502,0.5012997388839722,0.37858420610427856,0.5183353424072266,0.39943429827690125,0.5583556294441223,0.41577595472335815,0.540142834186554,0.4264863133430481,0.5551133751869202,0.3506857454776764,0.5849725008010864,0.3675900399684906,0.610980212688446,0.41641226410865784,0.5342482328414917,0.42724475264549255,0.5776228308677673,0.42273810505867004,0.6335336565971375,0.43311041593551636,0.6823452711105347,0.39817708333333335,0.5449074074074074,0.12708333333333333,0.32592592592592595,0.6931818181818182,0.7118698954582214,0.7647058823529411,172.9465796343706,39.186059218230895,40.873608460170985,72.99623107910156,78.226318359375,63.41630172729492,61.23271179199219,0.16113438607798902,-0.7370442603428133,-354.749267578125,0.39191482229171015,ABNOR_W,W11W22
WD_in_W11W22_0003_20201023_14.mp4,6060,0,0.8765197992324829,0.3796687126159668,0.4156546890735626,0.3753509521484375,0.406502366065979,0.37758371233940125,0.4101843237876892,0.35653483867645264,0.41110900044441223,0.3667956590652466,0.4211767315864563,0.34698209166526794,0.4467353820800781,0.356110155582428,0.4924338459968567,0.38288190960884094,0.507672131061554,0.39403036236763,0.5639562010765076,0.41418617963790894,0.5424346327781677,0.4218434691429138,0.5800849795341492,0.3623802065849304,0.5628485083580017,0.36715731024742126,0.5936918258666992,0.4174763560295105,0.5451974272727966,0.4212825894355774,0.5858325958251953,0.42244482040405273,0.6438143253326416,0.42871400713920593,0.6771679520606995,0.39010416666666664,0.5377314814814815,0.14114583333333333,0.34120370370370373,0.7354138398914518,0.7731236219406128,0.8823529411764706,-167.79584819706758,70.44989187038162,74.60531191946538,84.90265655517578,93.56120300292969,93.05013275146484,96.30702209472656,11.16593223300475,-13.713069797791157,-351.24945068359375,340.7424278314382,ABNOR_W,W11W22
WD_in_W11W22_0003_20201023_14.mp4,6153,0,0.8784958720207214,0.45316287875175476,0.4449094235897064,0.44894447922706604,0.43451231718063354,0.45093584060668945,0.44032731652259827,0.4271509051322937,0.4336370825767517,0.4398718774318695,0.448679119348526,0.4081054627895355,0.4575014114379883,0.4243229329586029,0.5001145005226135,0.43478700518608093,0.5091536641120911,0.4339391589164734,0.5665999054908752,0.45700520277023315,0.5381690859794617,0.45701220631599426,0.5595125555992126,0.38407212495803833,0.5696547031402588,0.3958701193332672,0.5976446270942688,0.45108646154403687,0.540388822555542,0.4588185250759125,0.5836552381515503,0.4512120485305786,0.6299072504043579,0.46533092856407166,0.6837686896324158,0.43359375,0.5497685185185185,0.1265625,0.32546296296296295,0.6913229018492176,0.7156109809875488,0.8235294117647058,156.01101539220411,55.918621434017474,53.15398720492822,76.34150695800781,89.47119903564453,55.343727111816406,55.461612701416016,54.46723619245994,3.744643540525298,-299.67889404296875,323.8068635892717,ABNOR_W,W11W22
WD_in_W11W22_0003_20201023_14.mp4,6246,0,0.9308516383171082,0.8578776121139526,0.23776286840438843,0.8604141473770142,0.23232464492321014,0.8587621450424194,0.2308133989572525,0.8577808141708374,0.22497597336769104,0.8522939682006836,0.21796299517154694,0.8425804972648621,0.2259293496608734,0.8250072598457336,0.22439071536064148,0.8384325504302979,0.2440149337053299,0.793611466884613,0.24748119711875916,0.8504582047462463,0.26281917095184326,0.815176784992218,0.266073614358902,0.8122276663780212,0.29073989391326904,0.7980276346206665,0.2918618321418762,0.8105611801147461,0.3531978130340576,0.7924882173538208,0.35818272829055786,0.7964199185371399,0.4130506217479706,0.778250515460968,0.4175460934638977,0.82265625,0.31203703703703706,0.10260416666666666,0.25925925925925924,0.7035714285714286,0.848892331123352,0.8823529411764706,142.38536959437644,-177.18045540731507,177.45527953972407,159.93185424804688,165.3533935546875,142.93539428710938,153.03775024414062,509.1151278110109,-203.50414378159743,-115.64205932617188,13.625645797827673,ABNOR_W,W11W22
WD_in_W11W22_0003_20201023_14.mp4,6339,0,0.9096440076828003,0.9346227645874023,0.2900265157222748,0.9367424249649048,0.2836117446422577,0.9348381757736206,0.2839497923851013,0.9328559637069702,0.2734920084476471,0.925942063331604,0.27060624957084656,0.9172207713127136,0.27232101559638977,0.892489492893219,0.2713683247566223,0.9106525778770447,0.29239240288734436,0.8556082248687744,0.2896575927734375,0.9169101715087891,0.30984172224998474,0.8720234036445618,0.31497588753700256,0.8747482895851135,0.3343348503112793,0.8554760217666626,0.3342943787574768,0.874118447303772,0.4020971655845642,0.8464950919151306,0.40785419940948486,0.8542701601982117,0.4674311578273773,0.8353157043457031,0.47805193066596985,0.8901041666666667,0.36712962962962964,0.1265625,0.2814814814814815,0.7993421052631579,0.835946261882782,0.8823529411764706,131.48203690905103,-178.75868921428201,-179.93233239028882,152.57400512695312,176.43800354003906,130.34310913085938,145.96624755859375,91.85621108637855,29.9418944525711,-95.66229248046875,10.90333268532541,ABNOR_W,W11W22
WD_in_W11W22_0003_20201023_14.mp4,6432,0,0.9257551431655884,0.902682900428772,0.2754490375518799,0.9066950082778931,0.2715980112552643,0.901492714881897,0.26897627115249634,0.911080002784729,0.2639356255531311,0.895720362663269,0.25457563996315,0.9081352949142456,0.2717251181602478,0.8708316683769226,0.25363820791244507,0.9095596075057983,0.29280102252960205,0.8447358012199402,0.26975682377815247,0.9131708741188049,0.3094717860221863,0.8502330780029297,0.2951756715774536,0.8775529861450195,0.3425097167491913,0.852953314781189,0.33397364616394043,0.8761737942695618,0.4027547240257263,0.8421581387519836,0.39444106817245483,0.854547917842865,0.4670886695384979,0.831279993057251,0.46814051270484924,0.8747395833333333,0.3574074074074074,0.10416666666666667,0.2824074074074074,0.6557377049180327,0.8589709997177124,0.9411764705882353,150.31290405244943,-164.74462101742927,-168.95544226936963,151.4680633544922,177.0943603515625,144.8032989501953,176.02308654785156,20.18236327663703,2.7336295174276906,-135.63211059570312,18.830867143398393,ABNOR_W,W11W22
WD_in_W11W22_0003_20201023_14.mp4,6525,0,0.9266595840454102,0.9082978963851929,0.282769113779068,0.9120228290557861,0.2785177528858185,0.9072663187980652,0.27601584792137146,0.9143720865249634,0.2688608169555664,0.8994739651679993,0.25949180126190186,0.9065723419189453,0.27363964915275574,0.8734691739082336,0.25793692469596863,0.9069560766220093,0.29231134057044983,0.8471977710723877,0.27310648560523987,0.9144889712333679,0.3103853464126587,0.8525953888893127,0.2988881766796112,0.8767167925834656,0.3434745967388153,0.853740930557251,0.3363858759403229,0.8761835694313049,0.4031866192817688,0.8429237604141235,0.39647176861763,0.8550882935523987,0.4673483967781067,0.8318042755126953,0.4687637388706207,0.876171875,0.35856481481481484,0.10651041666666666,0.2800925925925926,0.6760330578512397,0.8658183813095093,0.9411764705882353,149.27023764252763,-165.06006111908079,-170.1545115317495,150.60313415527344,177.54615783691406,143.6736602783203,173.65927124023438,1.9469941949072787,1.17541358350286,-123.468017578125,1.042666409921793,ABNOR_W,W11W22
WD_in_W11W22_0003_20201023_14.mp4,6618,0,0.9191592931747437,0.9146556854248047,0.28374192118644714,0.9176799654960632,0.27856144309043884,0.9146126508712769,0.2777511775493622,0.9177294373512268,0.2675887942314148,0.9078180193901062,0.26218464970588684,0.9072479009628296,0.26752808690071106,0.8787860870361328,0.26037389039993286,0.9014276266098022,0.29150277376174927,0.847934901714325,0.2824118733406067,0.9149286150932312,0.30726948380470276,0.8596667051315308,0.304523229598999,0.8739103078842163,0.3369094729423523,0.8537569642066956,0.33375227451324463,0.87282794713974,0.40127241611480713,0.8444422483444214,0.3994028866291046,0.8533007502555847,0.4674295485019684,0.831859290599823,0.47072771191596985,0.8805989583333333,0.3597222222222222,0.11432291666666666,0.2796296296296296,0.7268211920529801,0.8417952656745911,0.8823529411764706,143.9889376723013,-171.9522624807607,-174.9640532873411,154.02471923828125,176.74374389648438,141.20785522460938,162.92445373535156,5.5374928383627395,-3.2016214462314694,-111.43212890625,5.281299970226343,ABNOR_W,W11W22
WD_in_W11W22_0003_20201023_14.mp4,6711,0,0.9315540790557861,0.9704214334487915,0.34683534502983093,0.9739683270454407,0.3430033326148987,0.9711898565292358,0.3400876522064209,0.9746593236923218,0.3332224488258362,0.963927149772644,0.3226047158241272,0.9619547128677368,0.32902783155441284,0.9300771951675415,0.31823307275772095,0.9633859395980835,0.344259649515152,0.8950233459472656,0.335124135017395,0.9746220111846924,0.3671795725822449,0.9031037092208862,0.35968199372291565,0.9240016937255859,0.39412471652030945,0.8987816572189331,0.3888684809207916,0.9260338544845581,0.4704875648021698,0.8892189264297485,0.46578681468963623,0.8961343765258789,0.5371463298797607,0.876321017742157,0.5489926934242249,0.9330729166666667,0.4273148148148148,0.13125,0.3074074074074074,0.7590361445783133,0.8327964544296265,0.8823529411764706,137.7921757708797,-169.21543826503347,-173.31354784141485,138.72201538085938,177.05621337890625,131.2649383544922,154.2371368408203,80.191356706792,39.09699086254733,-96.46829223632812,6.196761901421581,ABNOR_W,W11W22
WD_in_W11W22_0003_20201023_14.mp4,6804,0,0.9222540259361267,0.9677728414535522,0.34580257534980774,0.9732052683830261,0.34388378262519836,0.9689062237739563,0.33734896779060364,0.9842084646224976,0.34667637944221497,0.9698495864868164,0.3283381164073944,0.9896447062492371,0.3633017838001251,0.9456945657730103,0.33187010884284973,0.9946293234825134,0.39060214161872864,0.9172329306602478,0.34482812881469727,0.9975921511650085,0.4134259521961212,0.9195013642311096,0.3767346739768982,0.9541891813278198,0.44800910353660583,0.9226939082145691,0.43014195561408997,0.9465261697769165,0.5200610160827637,0.9016885757446289,0.4952879250049591,0.9206962585449219,0.5857964754104614,0.8870347738265991,0.5786701440811157,0.9377604166666667,0.45393518518518516,0.12447916666666667,0.3375,0.6556927297668038,0.8071257472038269,0.9411764705882353,150.4058135330055,-158.08599260839298,-162.30191952752804,155.7703857421875,167.52833557128906,154.05323791503906,172.76968383789062,19.417194971480885,33.11971553171829,-201.4696044921875,12.61363776212579,ABNOR_W,W11W22
WD_in_W11W22_0004_20201023_14.mp4,485,0,0.901611328125,0.06839220970869064,0.19572792947292328,0.06962478160858154,0.18881481885910034,0.06709950417280197,0.19085679948329926,0.07834482192993164,0.17910178005695343,0.06800725311040878,0.1867295205593109,0.10024207085371017,0.1901300847530365,0.07148765027523041,0.20646023750305176,0.12090802937746048,0.2074967473745346,0.07041211426258087,0.23610231280326843,0.1167987659573555,0.2428264170885086,0.0677952915430069,0.2485252320766449,0.11013653129339218,0.268464058637619,0.09096109867095947,0.275070458650589,0.12114350497722626,0.32086825370788574,0.0983641967177391,0.3266673684120178,0.127682626247406,0.3727226257324219,0.10967898368835449,0.3792128562927246,0.09700520833333333,0.27361111111111114,0.07942708333333333,0.25462962962962965,0.5545454545454546,0.8428247570991516,0.8823529411764706,-160.43975672622747,162.28371873656957,169.03236413643293,172.1602020263672,173.36196899414062,172.1801300048828,167.5348663330078,0.0,0.0,-164.24493408203125,0.0,ABNOR_W,W11W22
WD_in_W11W22_0004_20201023_14.mp4,594,0,0.9130363464355469,0.09523317962884903,0.19102075695991516,0.09366659820079803,0.18477825820446014,0.09296805411577225,0.18509136140346527,0.07585237175226212,0.17207574844360352,0.09313686192035675,0.17558860778808594,0.0658586174249649,0.18797650933265686,0.09958693385124207,0.1922704130411148,0.05119263008236885,0.2157556414604187,0.111232690513134,0.22272555530071259,0.0667770728468895,0.24201448261737823,0.11392925679683685,0.248732328414917,0.07919470965862274,0.27546045184135437,0.10375919193029404,0.27762848138809204,0.09198212623596191,0.3324395418167114,0.11368437856435776,0.32664668560028076,0.10394883900880814,0.3882657289505005,0.11861412227153778,0.3817242980003357,0.09166666666666666,0.2761574074074074,0.08802083333333334,0.2708333333333333,0.5777777777777777,0.7651327848434448,0.7647058823529411,-169.791406003131,4.0960109988141085,2.8421697514466273,179.11000061035156,169.2440948486328,173.4125518798828,165.16934204101562,5.83584967742401,2.837169816082967,-184.73123168945312,9.351649276903515,ABNOR_W,W11W22
WD_in_W11W22_0004_20201023_14.mp4,703,0,0.9166708588600159,0.1040230318903923,0.19416682422161102,0.10355186462402344,0.1878683865070343,0.10282881557941437,0.1882016509771347,0.10105765610933304,0.1811915934085846,0.09479448944330215,0.18039719760417938,0.09670432657003403,0.19413872063159943,0.07339558750391006,0.1982465237379074,0.09896507859230042,0.22188080847263336,0.05325120687484741,0.2353666126728058,0.11070354282855988,0.2307056188583374,0.07727086544036865,0.252605676651001,0.09007629752159119,0.27472275495529175,0.07326599955558777,0.28287839889526367,0.10827623307704926,0.3233468234539032,0.08757002651691437,0.3403984010219574,0.11309781670570374,0.3768494427204132,0.09831111133098602,0.4021865427494049,0.08776041666666666,0.28425925925925927,0.08020833333333334,0.2814814814814815,0.506578947368421,0.8357874155044556,0.8823529411764706,175.8410980071706,174.33865194149445,164.73559221505803,155.46145629882812,173.32337951660156,138.0404510498047,155.99400329589844,6.337327782027006,1.339886979739483,-182.80889892578125,345.63250401030155,ABNOR_W,W11W22
WD_in_W11W22_0004_20201023_14.mp4,812,0,0.9179438948631287,0.10502050071954727,0.1957395374774933,0.10457517951726913,0.1895127147436142,0.10364244133234024,0.18973219394683838,0.10226012021303177,0.1829357147216797,0.09516192227602005,0.18185077607631683,0.09794996678829193,0.1950163096189499,0.07386450469493866,0.19838672876358032,0.10106394439935684,0.22309257090091705,0.05312700197100639,0.23509369790554047,0.11265444755554199,0.23223522305488586,0.07677391916513443,0.2537962794303894,0.09027405083179474,0.2711597979068756,0.07304632663726807,0.2789481282234192,0.10834546387195587,0.3196631669998169,0.08758380264043808,0.33656278252601624,0.11310160160064697,0.3758072853088379,0.0984058603644371,0.40111100673675537,0.08776041666666666,0.2849537037037037,0.08072916666666667,0.2800925925925926,0.512396694214876,0.8448227047920227,0.8823529411764706,174.49578332735373,175.4993139220288,165.73232554712985,155.04531860351562,172.4374542236328,136.32046508789062,154.80587768554688,0.41242782513060217,-2.2250981261384726,-171.31915283203125,1.3453146798168518,ABNOR_W,W11W22
WD_in_W11W22_0004_20201023_14.mp4,921,0,0.5701609253883362,0.10114896297454834,0.1976013332605362,0.09735927730798721,0.19256235659122467,0.10163354873657227,0.19283312559127808,0.0848674327135086,0.18925009667873383,0.10186345875263214,0.18921305239200592,0.07456578314304352,0.2113470733165741,0.11337199807167053,0.20454376935958862,0.06395144760608673,0.24013374745845795,0.12843753397464752,0.24046637117862701,0.07812872529029846,0.25878632068634033,0.12914341688156128,0.25147873163223267,0.09499672055244446,0.30870527029037476,0.12008176743984222,0.30587735772132874,0.10366116464138031,0.35956788063049316,0.13302847743034363,0.3509983420372009,0.1184312105178833,0.41517335176467896,0.14237479865550995,0.4171319603919983,0.106640625,0.29930555555555555,0.09661458333333334,0.28564814814814815,0.6012965964343598,0.7526031136512756,0.8235294117647058,-166.35056071112513,-5.631986584938484,-3.6284274713808444,171.57113647460938,167.0769805908203,176.3894500732422,159.68736267089844,21.679829602691292,19.14563938127234,-236.93035888671875,340.84634403847883,ABNOR_W,W11W22
WD_in_W11W22_0004_20201023_14.mp4,1030,0,0.929596483707428,0.11939049512147903,0.21489104628562927,0.11840815842151642,0.20686204731464386,0.11720021814107895,0.2104136198759079,0.11036060750484467,0.2027638852596283,0.10544464737176895,0.2090947926044464,0.10738339275121689,0.2225188910961151,0.07905783504247665,0.22938920557498932,0.10871284455060959,0.24843446910381317,0.057735614478588104,0.25935688614845276,0.12444274872541428,0.25744739174842834,0.07941237092018127,0.28499871492385864,0.10655231773853302,0.3107795715332031,0.08724896609783173,0.32380667328834534,0.1274186670780182,0.34562793374061584,0.10260043293237686,0.3782360851764679,0.13204455375671387,0.415693998336792,0.11540006101131439,0.44525182247161865,0.10091145833333333,0.31805555555555554,0.09973958333333334,0.3074074074074074,0.5768072289156626,0.8485523462295532,0.8823529411764706,-175.90312325765248,172.23091291389198,159.21272620733086,139.90505981445312,172.12501525878906,132.25173950195312,162.13796997070312,12.67241866273988,5.940036390848398,-221.1884765625,9.552562546527355,ABNOR_W,W11W22
WD_in_W11W22_0004_20201023_14.mp4,1139,0,0.8788175582885742,0.13109901547431946,0.21389690041542053,0.1315760314464569,0.20551596581935883,0.13065078854560852,0.2076752930879593,0.12383858859539032,0.19798673689365387,0.12136588245630264,0.19996066391468048,0.11084089428186417,0.21588215231895447,0.09397021681070328,0.22282575070858002,0.1064363494515419,0.2527275085449219,0.07215168327093124,0.2664177417755127,0.12619537115097046,0.25771191716194153,0.10295114666223526,0.2818325459957123,0.10282409936189651,0.30639132857322693,0.09055809676647186,0.31809160113334656,0.1211656853556633,0.35480085015296936,0.10719917714595795,0.3773273825645447,0.1321437507867813,0.4199616611003876,0.1199750006198883,0.44307073950767517,0.10833333333333334,0.3162037037037037,0.08541666666666667,0.3101851851851852,0.48955223880597015,0.8359180092811584,0.8823529411764706,173.7584146527603,166.9649524434929,151.7839292717824,162.7105712890625,172.51971435546875,137.08827209472656,149.8177032470703,7.912931774076524,-3.0001539891651774,-212.42428588867188,349.6615379104128,ABNOR_W,W11W22
WD_in_W11W22_0004_20201023_14.mp4,1248,0,0.9079296588897705,0.1293857842683792,0.21223551034927368,0.12977942824363708,0.20417697727680206,0.12893496453762054,0.2057487666606903,0.1219291016459465,0.19802826642990112,0.1190185546875,0.19839246571063995,0.11125576496124268,0.21724939346313477,0.09016789495944977,0.22008726000785828,0.10834357887506485,0.2531474530696869,0.06975619494915009,0.26337891817092896,0.12534986436367035,0.2586783766746521,0.09839271008968353,0.2804211378097534,0.10399442166090012,0.30517521500587463,0.08817654103040695,0.3154809772968292,0.12310624122619629,0.3503791093826294,0.10531289875507355,0.3753550350666046,0.13284540176391602,0.4173966646194458,0.1182398796081543,0.4448866844177246,0.10690104166666667,0.3164351851851852,0.08723958333333333,0.31157407407407406,0.49777117384843983,0.8486143350601196,0.8823529411764706,174.87259183801035,175.67110620022396,159.87295907876202,157.5560760498047,171.32196044921875,134.71804809570312,150.90711975097656,1.5184714073669592,-1.1363497532951266,-211.87997436523438,1.1141771852500426,ABNOR_W,W11W22
WD_in_W11W22_0004_20201023_14.mp4,1357,0,0.8394176959991455,0.13427147269248962,0.21224363148212433,0.13549214601516724,0.2047465443611145,0.13330093026161194,0.20571428537368774,0.12988539040088654,0.19819888472557068,0.12203940004110336,0.19698643684387207,0.11813412606716156,0.21775859594345093,0.09455433487892151,0.21988171339035034,0.11857430636882782,0.24904480576515198,0.07277724891901016,0.259166955947876,0.13391010463237762,0.25623318552970886,0.10111158341169357,0.27857348322868347,0.11000363528728485,0.3045831620693207,0.09251897037029266,0.31456059217453003,0.12605705857276917,0.3510647118091583,0.10565199702978134,0.37764450907707214,0.13182096183300018,0.41545578837394714,0.11730692535638809,0.44514739513397217,0.109375,0.31666666666666665,0.08385416666666666,0.3111111111111111,0.4791666666666667,0.8617660403251648,0.8823529411764706,174.31370027212336,177.10061543831523,162.20421219835055,157.4923095703125,176.75404357910156,138.9986114501953,157.5016326904297,2.615658178504323,-0.44911268945903215,-210.22903442382812,0.5588915658869951,ABNOR_W,W11W22
WD_in_W11W22_0004_20201023_14.mp4,1466,0,0.7795040011405945,0.2018752247095108,0.20202133059501648,0.20161589980125427,0.1955128163099289,0.20152148604393005,0.19536751508712769,0.19157305359840393,0.18746699392795563,0.193533793091774,0.18735110759735107,0.18482884764671326,0.20279178023338318,0.171767920255661,0.20593711733818054,0.18539448082447052,0.24438855051994324,0.15558470785617828,0.24976730346679688,0.20332318544387817,0.2578423321247101,0.18778540194034576,0.2616637051105499,0.17116688191890717,0.2923702597618103,0.1619143784046173,0.29809269309043884,0.18754710257053375,0.35182031989097595,0.1821347326040268,0.3616871237754822,0.19086480140686035,0.4162842631340027,0.18624630570411682,0.42878833413124084,0.17942708333333332,0.30416666666666664,0.07760416666666667,0.2953703703703704,0.4670846394984326,0.8030118942260742,0.8823529411764706,167.04528251667685,172.2856077048115,160.81769748867828,159.1307830810547,156.73912048339844,138.73280334472656,139.7596435546875,74.33368789974556,-8.516711784910298,-201.33392333984375,7.268417755446507,ABNOR_W,W11W22
WD_in_W11W22_0004_20201023_14.mp4,1575,0,0.8629722595214844,0.202944815158844,0.20215801894664764,0.20523014664649963,0.1953175812959671,0.2013172209262848,0.19597014784812927,0.20583419501781464,0.18789181113243103,0.19545690715312958,0.18751539289951324,0.2066371589899063,0.19256672263145447,0.17215657234191895,0.20365223288536072,0.2240118533372879,0.23123237490653992,0.15599972009658813,0.2556076645851135,0.23419007658958435,0.26307356357574463,0.18976110219955444,0.26122134923934937,0.17980289459228516,0.28468087315559387,0.1627476066350937,0.29268887639045715,0.1864595115184784,0.3476710319519043,0.18364658951759338,0.3605939447879791,0.18723560869693756,0.4090821146965027,0.1891736537218094,0.4273318946361542,0.19075520833333334,0.30092592592592593,0.10286458333333333,0.30185185185185187,0.6058282208588958,0.8136600852012634,0.8823529411764706,160.42035596751126,169.7492058281611,165.20537558863748,170.64691162109375,159.69061279296875,141.98046875,140.6750946044922,12.114275144382846,-3.887999867357197,-186.89801025390625,6.624926549165593,ABNOR_W,W11W22
WD_in_W11W22_0004_20201023_14.mp4,1684,0,0.8532932996749878,0.20200690627098083,0.20392337441444397,0.20476631820201874,0.19705051183700562,0.20029155910015106,0.19734492897987366,0.20584875345230103,0.18923479318618774,0.19388726353645325,0.18770043551921844,0.2049059122800827,0.19463180005550385,0.17041392624378204,0.20492172241210938,0.2226555347442627,0.23177498579025269,0.15344437956809998,0.25656402111053467,0.23297119140625,0.2619338631629944,0.18851642310619354,0.26101991534233093,0.17941968142986298,0.2860221862792969,0.1613151729106903,0.2940658926963806,0.18793964385986328,0.348075807094574,0.18219876289367676,0.36134228110313416,0.1896049976348877,0.41053804755210876,0.18792852759361267,0.42710328102111816,0.18984375,0.3013888888888889,0.10260416666666666,0.30092592592592593,0.6061538461538462,0.830975353717804,0.8823529411764706,161.19277116028877,170.47398417513517,165.9683607322348,168.9966583251953,159.9129638671875,139.9119873046875,140.82330322265625,1.0008399627825844,0.807201269074787,-186.0206298828125,0.7724151927775154,ABNOR_W,W11W22
WD_in_W11W22_0004_20201023_14.mp4,1793,0,0.8639057874679565,0.21378198266029358,0.2044743150472641,0.21471582353115082,0.196719229221344,0.2124893218278885,0.19801732897758484,0.20783276855945587,0.1901150643825531,0.2021501511335373,0.1906793862581253,0.2023579180240631,0.1980380117893219,0.1739456057548523,0.20730812847614288,0.21859142184257507,0.23574095964431763,0.15514631569385529,0.2560548484325409,0.23134180903434753,0.26492592692375183,0.18989697098731995,0.26159587502479553,0.17760814726352692,0.28407442569732666,0.16226746141910553,0.2924657166004181,0.18765488266944885,0.34497037529945374,0.1826547533273697,0.3593108654022217,0.18886522948741913,0.408112496137619,0.18837210536003113,0.4263109862804413,0.19049479166666666,0.3025462962962963,0.09973958333333334,0.2986111111111111,0.5937984496124031,0.8324680328369141,0.8823529411764706,159.278940746313,169.60038607131068,162.89764230056795,165.6052703857422,160.1592559814453,136.5679931640625,137.831787109375,0.9721017063328946,-1.0535486917230892,-180.99884033203125,1.9138304139757736,ABNOR_W,W11W22
WD_in_W11W22_0004_20201023_14.mp4,1902,0,0.7985588312149048,0.26024070382118225,0.20584508776664734,0.2604922354221344,0.19858713448047638,0.25979313254356384,0.19894452393054962,0.24690239131450653,0.1893608570098877,0.2506564259529114,0.19149449467658997,0.23461565375328064,0.20214568078517914,0.2293166220188141,0.20842714607715607,0.2274482399225235,0.24016641080379486,0.2121354043483734,0.2474420666694641,0.24233679473400116,0.2495165467262268,0.23433606326580048,0.2631547152996063,0.2140444815158844,0.2818996012210846,0.20956608653068542,0.28822582960128784,0.2320937216281891,0.34125545620918274,0.22968602180480957,0.35292986035346985,0.23237666487693787,0.4044281840324402,0.2285504788160324,0.42158594727516174,0.229296875,0.2988425925925926,0.07786458333333333,0.27824074074074073,0.49750415973377704,0.8286075592041016,0.8823529411764706,155.806786362959,146.305230551146,141.52950729975248,152.0607452392578,149.38169860839844,126.97077941894531,127.31604766845703,41.02683820310097,-1.9048355685704221,-171.11007690429688,3.4721543833539954,ABNOR_W,W11W22
WD_in_W11W22_0004_20201023_14.mp4,2011,0,0.9109933376312256,0.2541004717350006,0.19573207199573517,0.2550087869167328,0.18857941031455994,0.25413528084754944,0.18931835889816284,0.2409033477306366,0.1768447458744049,0.2469170093536377,0.18038436770439148,0.2276853621006012,0.1875547617673874,0.22681042551994324,0.1975560039281845,0.21846505999565125,0.23416069149971008,0.21348921954631805,0.2458752989768982,0.23594509065151215,0.25511491298675537,0.2370038628578186,0.2532667815685272,0.2091357707977295,0.277633935213089,0.20839792490005493,0.28582292795181274,0.22695909440517426,0.3389545977115631,0.2277921885251999,0.35258248448371887,0.22740261256694794,0.40100160241127014,0.2277373969554901,0.418989896774292,0.226171875,0.29259259259259257,0.07421875,0.287962962962963,0.45819935691318325,0.7895204424858093,0.8823529411764706,159.7740257664917,98.84005766012154,99.10036708009412,153.40150451660156,152.60140991210938,132.56631469726562,132.33839416503906,4.966288663235756,-1.9802274958327606,-185.75210571289062,3.9672394035326874,ABNOR_W,W11W22
WD_in_W11W22_0004_20201023_14.mp4,2120,0,0.9183030128479004,0.2520361840724945,0.19600902497768402,0.25294968485832214,0.18931816518306732,0.2521856129169464,0.18977081775665283,0.24032039940357208,0.17816373705863953,0.24544139206409454,0.18057046830654144,0.22848959267139435,0.1884915679693222,0.22490626573562622,0.1962079405784607,0.2204221785068512,0.23393835127353668,0.21214939653873444,0.2427048236131668,0.23545870184898376,0.25719213485717773,0.2364214062690735,0.2531994879245758,0.21047234535217285,0.27724266052246094,0.20799298584461212,0.2843305170536041,0.22694699466228485,0.3386605978012085,0.22754499316215515,0.350837379693985,0.2268444150686264,0.4013691246509552,0.22759239375591278,0.41892504692077637,0.22565104166666666,0.2923611111111111,0.07317708333333334,0.28935185185185186,0.4496,0.7888227105140686,0.8823529411764706,160.65430168643846,129.5418061909784,121.87634019399641,154.33840942382812,152.47752380371094,134.6602783203125,133.56661987304688,0.5668278286524142,-0.559351881487146,-183.11953735351562,0.8802759199467687,ABNOR_W,W11W22
WD_in_W11W22_0004_20201023_14.mp4,2229,0,0.9084652066230774,0.25234782695770264,0.19577068090438843,0.25322800874710083,0.18880048394203186,0.25193673372268677,0.1891123503446579,0.24003180861473083,0.17935818433761597,0.24310851097106934,0.18155039846897125,0.22789768874645233,0.19223611056804657,0.2227180004119873,0.19962221384048462,0.22127549350261688,0.23638826608657837,0.2069680243730545,0.2452830821275711,0.2356845587491989,0.25074315071105957,0.23231594264507294,0.25281837582588196,0.20978671312332153,0.2774398922920227,0.20622187852859497,0.28449079394340515,0.2259870171546936,0.33956605195999146,0.22668291628360748,0.35152366757392883,0.22660963237285614,0.40285322070121765,0.227468341588974,0.420583039522171,0.22408854166666667,0.2935185185185185,0.07421875,0.28703703703703703,0.4596774193548387,0.8242939114570618,0.8823529411764706,160.11239454529618,141.2665492647537,131.94973939671166,156.13040161132812,152.67196655273438,134.42755126953125,132.45101928710938,1.7871872422326094,0.1061612313548254,-184.02044677734375,0.5419071411422749,ABNOR_W,W11W22
WD_in_W11W22_0004_20201023_14.mp4,2338,0,0.8492540717124939,0.28979983925819397,0.21860018372535706,0.2894715666770935,0.21207912266254425,0.28726062178611755,0.21177949011325836,0.28753331303596497,0.20510423183441162,0.276372492313385,0.20287320017814636,0.2850538194179535,0.21960033476352692,0.2554430663585663,0.21826155483722687,0.28809815645217896,0.24712134897708893,0.23604854941368103,0.24613811075687408,0.29455074667930603,0.2612438201904297,0.24825501441955566,0.2645210325717926,0.2746613621711731,0.29829296469688416,0.2540835440158844,0.30194002389907837,0.2863837480545044,0.35069048404693604,0.25998958945274353,0.36274629831314087,0.28589409589767456,0.41142842173576355,0.26454418897628784,0.4273715615272522,0.266796875,0.30787037037037035,0.07526041666666666,0.28703703703703703,0.4661290322580645,0.8545128107070923,0.8823529411764706,172.667981184289,-178.54315220134959,174.30682059802697,157.4899139404297,177.34457397460938,145.09835815429688,168.5486602783203,45.890614275010954,11.37379312502148,-176.07522583007812,12.555586638992821,ABNOR_W,W11W22
WD_in_W11W22_0004_20201023_14.mp4,2447,0,0.8572402596473694,0.2972272038459778,0.2164841741323471,0.29673558473587036,0.20993982255458832,0.29725444316864014,0.21013696491718292,0.2821551263332367,0.20076480507850647,0.2897210419178009,0.20219561457633972,0.2711431086063385,0.2143115997314453,0.26679372787475586,0.21939608454704285,0.2617682218551636,0.2577211260795593,0.24717716872692108,0.2624555826187134,0.279753714799881,0.2671997845172882,0.2759666442871094,0.27092695236206055,0.2537307143211365,0.30550068616867065,0.2497987300157547,0.312085896730423,0.27578797936439514,0.3654526472091675,0.26923295855522156,0.3780296742916107,0.27635735273361206,0.427641898393631,0.2689498960971832,0.4458593726158142,0.26653645833333334,0.31203703703703706,0.07317708333333334,0.3,0.43364197530864196,0.7822969555854797,0.8823529411764706,161.59990919935834,146.6723436338194,136.70884655696761,147.74490356445312,151.92361450195312,128.0619354248047,134.2947235107422,2.489795198827995,5.153115843887476,-199.3876953125,11.068071984930668,ABNOR_W,W11W22
WD_in_W11W22_0004_20201023_14.mp4,2556,0,0.8332985043525696,0.29510498046875,0.20257945358753204,0.29411354660987854,0.19564850628376007,0.2957284152507782,0.19661098718643188,0.27391764521598816,0.1843632161617279,0.2919445335865021,0.19011889398097992,0.25913384556770325,0.19893498718738556,0.2783607840538025,0.21045616269111633,0.25382405519485474,0.25045156478881836,0.27125731110572815,0.264697402715683,0.28133097290992737,0.25687506794929504,0.2921113073825836,0.26585280895233154,0.24070951342582703,0.30059099197387695,0.2538316249847412,0.3079008460044861,0.2620820999145508,0.3705095946788788,0.2755306661128998,0.37936434149742126,0.26737111806869507,0.4351118206977844,0.2717200219631195,0.45027831196784973,0.26731770833333335,0.3104166666666667,0.07578125,0.30972222222222223,0.4349775784753363,0.7217966914176941,0.8823529411764706,159.01652244570866,18.626975241260112,17.39825691946329,159.7602081298828,146.18284606933594,133.61976623535156,127.53083801269531,1.267465556405401,-2.700667214780382,-219.59954833984375,2.583386753649677,ABNOR_W,W11W22
WD_in_W11W22_0004_20201023_14.mp4,2665,0,0.7448117733001709,0.2948736548423767,0.20600730180740356,0.29434114694595337,0.1987648457288742,0.2954908013343811,0.19974158704280853,0.27417466044425964,0.18708229064941406,0.2915264666080475,0.19283455610275269,0.25883036851882935,0.20194420218467712,0.2771851122379303,0.2133200466632843,0.25500908493995667,0.2523767054080963,0.267877459526062,0.2661173641681671,0.28349632024765015,0.2604982554912567,0.2896808385848999,0.2689526379108429,0.2389521598815918,0.3030053675174713,0.2514989376068115,0.3102959990501404,0.26155003905296326,0.3719143569469452,0.27370816469192505,0.38016027212142944,0.267843633890152,0.4356474280357361,0.270639032125473,0.44958600401878357,0.26588541666666665,0.30995370370370373,0.078125,0.3087962962962963,0.4497751124437781,0.7359256148338318,0.8823529411764706,157.75393272902315,19.219793313310486,18.10029378865232,159.71481323242188,146.0338134765625,130.48406982421875,125.31254577636719,1.5370277546740376,1.4281840582683187,-217.38970947265625,1.2625897166855111,ABNOR_W,W11W22
WD_in_W11W22_0004_20201023_14.mp4,2774,0,0.7913726568222046,0.29709869623184204,0.21404144167900085,0.2976388931274414,0.20698383450508118,0.29716816544532776,0.20713116228580475,0.2793601155281067,0.19484646618366241,0.29072389006614685,0.19820038974285126,0.2650820016860962,0.20769226551055908,0.27344200015068054,0.21545758843421936,0.25749439001083374,0.2561679482460022,0.26104724407196045,0.2656489908695221,0.282112181186676,0.2601551115512848,0.2872466742992401,0.270160973072052,0.2426217496395111,0.3017103374004364,0.24840207397937775,0.3074619472026825,0.2635476589202881,0.37069594860076904,0.27119237184524536,0.378390371799469,0.2680484652519226,0.43479955196380615,0.2700677812099457,0.4504636228084564,0.2654947916666667,0.31319444444444444,0.08098958333333334,0.3013888888888889,0.47772657450076805,0.7607290148735046,0.8823529411764706,155.58436458258885,27.586446630814834,29.23599406152433,158.77841186523438,148.6750030517578,128.6526641845703,124.4443359375,1.968355933912064,-1.226123624166552,-195.57656860351562,2.169568146434301,ABNOR_W,W11W22
WD_in_W11W22_0004_20201023_14.mp4,2883,0,0.9025245904922485,0.3443814814090729,0.22740750014781952,0.34404799342155457,0.22150731086730957,0.34428703784942627,0.22077281773090363,0.33867156505584717,0.21376971900463104,0.3366110920906067,0.21026381850242615,0.32934609055519104,0.22415395081043243,0.31071004271507263,0.22454683482646942,0.3288285434246063,0.2608415484428406,0.2877136170864105,0.2670069634914398,0.34009531140327454,0.26694589853286743,0.31431829929351807,0.27905064821243286,0.31075945496559143,0.30515432357788086,0.296090692281723,0.31093350052833557,0.32479149103164673,0.36373111605644226,0.3071061074733734,0.38243943452835083,0.3204488158226013,0.42148473858833313,0.3090614378452301,0.45182210206985474,0.31640625,0.3224537037037037,0.0765625,0.3023148148148148,0.450229709035222,0.8343291878700256,0.8823529411764706,160.57367305432646,179.32060598624213,167.50450491822502,149.31849670410156,167.55238342285156,134.74021911621094,147.9399871826172,54.03364178713593,2.053555270161706,-174.17465209960938,4.9893084717376155,ABNOR_W,W11W22
WD_in_W11W22_0004_20201023_14.mp4,2992,0,0.8057414293289185,0.3441646695137024,0.21698994934558868,0.34339436888694763,0.20884419977664948,0.3447888195514679,0.21102850139141083,0.3244413435459137,0.1944788247346878,0.34146371483802795,0.20322974026203156,0.30536720156669617,0.20883360505104065,0.32982614636421204,0.22616642713546753,0.29855090379714966,0.2574155032634735,0.3247184753417969,0.2817796766757965,0.32578355073928833,0.26934540271759033,0.3470121920108795,0.2785399556159973,0.2874671220779419,0.3138088881969452,0.3039817810058594,0.32431504130363464,0.30493029952049255,0.379515677690506,0.32265421748161316,0.3927733600139618,0.3097562789916992,0.44088032841682434,0.32136964797973633,0.4572688937187195,0.317578125,0.3199074074074074,0.08098958333333334,0.30925925925925923,0.4655688622754491,0.7137441039085388,0.7647058823529411,159.0501706205695,21.732998762479,19.689580647868294,162.66885375976562,152.1033477783203,137.84559631347656,129.04592895507812,1.9539002479449952,6.543582961360668,-220.47555541992188,1.5235024337569598,ABNOR_W,W11W22
WD_in_W11W22_0004_20201023_14.mp4,3101,0,0.9197478294372559,0.33970940113067627,0.20453844964504242,0.33714964985847473,0.1971585750579834,0.34077566862106323,0.19925032556056976,0.31887930631637573,0.18625737726688385,0.33874237537384033,0.1942807286977768,0.3000779151916504,0.20526467263698578,0.3311605155467987,0.21768677234649658,0.2858095169067383,0.2558765709400177,0.32976871728897095,0.2711562216281891,0.3027861416339874,0.26892900466918945,0.342189222574234,0.2676434814929962,0.28607815504074097,0.310141921043396,0.3062871992588043,0.31742697954177856,0.30230772495269775,0.37826821208000183,0.32430440187454224,0.3870975971221924,0.3080536723136902,0.4420209228992462,0.32068246603012085,0.4527219235897064,0.31341145833333334,0.31712962962962965,0.07421875,0.3138888888888889,0.42035398230088494,0.7016900777816772,0.7647058823529411,161.3380864070115,12.669582283710648,11.46261636608811,166.14962768554688,149.7058563232422,143.69664001464844,131.39990234375,4.698379843452037,-3.1342987572389673,-235.97137451171875,2.2879157864419994,ABNOR_W,W11W22
WD_in_W11W22_0004_20201023_14.mp4,3210,0,0.8995461463928223,0.3416207730770111,0.20922024548053741,0.34088292717933655,0.20153579115867615,0.342288076877594,0.2032655030488968,0.3218952715396881,0.18873877823352814,0.3388310968875885,0.1962684690952301,0.30409136414527893,0.2051030844449997,0.3268364369869232,0.2187519520521164,0.29770001769065857,0.25809603929519653,0.321154922246933,0.27400481700897217,0.32202303409576416,0.26833370327949524,0.33899644017219543,0.2741701602935791,0.2860044836997986,0.30892977118492126,0.3015972077846527,0.31741195917129517,0.30327892303466797,0.3769412040710449,0.3213525414466858,0.3872676491737366,0.30781009793281555,0.4411541819572449,0.31997278332710266,0.45408934354782104,0.31276041666666665,0.31666666666666665,0.0765625,0.3111111111111111,0.4375,0.7333308458328247,0.8823529411764706,159.17364139217426,18.651851767754465,17.013626863673036,162.84902954101562,151.20628356933594,138.4913330078125,128.85296630859375,0.7403306031254473,-0.36439851053409406,-224.53335571289062,2.1644450148372414,ABNOR_W,W11W22
WD_in_W11W22_0004_20201023_14.mp4,3319,0,0.5859849452972412,0.21250244975090027,0.1761900633573532,0.21382877230644226,0.17043034732341766,0.20890018343925476,0.17246142029762268,0.21653851866722107,0.17091339826583862,0.2037893831729889,0.17609426379203796,0.22369863092899323,0.19260452687740326,0.20222227275371552,0.20049011707305908,0.22950583696365356,0.2252892404794693,0.20473837852478027,0.23741669952869415,0.23459848761558533,0.25413039326667786,0.21175774931907654,0.26976531744003296,0.22710253298282623,0.24885821342468262,0.21228520572185516,0.2532745897769928,0.23586346209049225,0.2771376669406891,0.2124175727367401,0.28261303901672363,0.23893308639526367,0.2944873571395874,0.2140776365995407,0.2982575297355652,0.22057291666666667,0.2199074074074074,0.04791666666666667,0.13518518518518519,0.6301369863013698,0.7791867256164551,0.8823529411764706,-167.61632017215368,168.33044178270615,170.4825509217149,168.61631774902344,169.7766571044922,157.29595947265625,161.737060546875,113.06172910445015,-36.893745984705895,-161.73291015625,326.78996156432794,ABNOR_W,W11W22
WD_in_W11W22_0004_20201023_14.mp4,3428,0,0.9001538753509521,0.3454093039035797,0.268881231546402,0.3467435836791992,0.26266980171203613,0.34368810057640076,0.26314327120780945,0.35888558626174927,0.2506552040576935,0.34930938482284546,0.25258806347846985,0.38630548119544983,0.2574790418148041,0.35507869720458984,0.2583302855491638,0.4109750986099243,0.29220953583717346,0.3520194888114929,0.2805554270744324,0.39470139145851135,0.31378164887428284,0.3435739576816559,0.29633042216300964,0.39651891589164734,0.3466865122318268,0.3735256791114807,0.34459125995635986,0.3966585099697113,0.41402769088745117,0.3652438521385193,0.40636131167411804,0.39571818709373474,0.47660911083221436,0.3682456910610199,0.4691018760204315,0.3734375,0.35625,0.08697916666666666,0.2986111111111111,0.517829457364341,0.8455092906951904,0.8823529411764706,-163.80797081442864,179.12150945248544,-177.06575372940398,178.2586212158203,161.7315673828125,168.70631408691406,145.777587890625,180.5701880854503,56.16622224167411,-165.79653930664062,3.808349357725035,ABNOR_W,W11W22
WD_in_W11W22_0004_20201023_14.mp4,3537,0,0.9122516512870789,0.3362993001937866,0.24938136339187622,0.3358224034309387,0.24213743209838867,0.33543193340301514,0.24125485122203827,0.3445839285850525,0.23293770849704742,0.3453177511692047,0.23156636953353882,0.37549543380737305,0.2505868673324585,0.3587132692337036,0.24128969013690948,0.40203535556793213,0.2961171567440033,0.3642520010471344,0.2705223858356476,0.3735073506832123,0.31844425201416016,0.3552408516407013,0.28327521681785583,0.40017127990722656,0.3440951406955719,0.3840675950050354,0.3384985327720642,0.39461851119995117,0.41232892870903015,0.3772551417350769,0.40235334634780884,0.39835643768310547,0.47661828994750977,0.38151636719703674,0.46137017011642456,0.3690104166666667,0.3474537037037037,0.0953125,0.31157407407407406,0.5438335809806835,0.8277525305747986,0.8823529411764706,-154.99760034783307,-162.6918958397346,-168.93879419405525,165.8665771484375,161.94598388671875,146.63494873046875,144.38406372070312,7.009925094298577,-2.5787311561297086,-198.53738403320312,8.810370466595572,ABNOR_W,W11W22
WD_in_W11W22_0004_20201023_14.mp4,3646,0,0.921768307685852,0.3359074592590332,0.2561275064945221,0.3350815773010254,0.24946218729019165,0.3351544439792633,0.2478826493024826,0.34274476766586304,0.24016807973384857,0.3456362187862396,0.2371237576007843,0.3736371099948883,0.2539602220058441,0.3598315119743347,0.2442656308412552,0.40087369084358215,0.2971567213535309,0.37041664123535156,0.2787913382053375,0.3739067614078522,0.32080933451652527,0.36346957087516785,0.3015177547931671,0.4021986424922943,0.34212565422058105,0.38773155212402344,0.33602645993232727,0.3951417803764343,0.4118858277797699,0.37845927476882935,0.4010857343673706,0.3982946276664734,0.4777517318725586,0.3809606432914734,0.4624832570552826,0.37005208333333334,0.3509259259259259,0.09635416666666667,0.3055555555555556,0.5606060606060606,0.8061752319335938,0.8823529411764706,-150.8439958958826,-158.4459766557808,-166.65903749941697,164.94100952148438,161.63955688476562,139.8666229248047,137.38934326171875,2.3370910090734123,-1.318909815782238,-179.16885375976562,4.153604451950457,ABNOR_W,W11W22
WD_in_W11W22_0004_20201023_14.mp4,3755,0,0.9107557535171509,0.3327481150627136,0.259895920753479,0.3333119750022888,0.25236332416534424,0.3314589262008667,0.2527198791503906,0.3449048101902008,0.2411230057477951,0.3392844498157501,0.24312414228916168,0.3739515244960785,0.2521727681159973,0.3516623377799988,0.25451427698135376,0.4020199775695801,0.29096364974975586,0.3537497818470001,0.281669020652771,0.3771684467792511,0.3142283856868744,0.34669315814971924,0.29334983229637146,0.3966219127178192,0.34286320209503174,0.37783676385879517,0.3416382968425751,0.3947499096393585,0.41237133741378784,0.3737592101097107,0.4030235707759857,0.39861926436424255,0.47560521960258484,0.38140469789505005,0.4603721499443054,0.36744791666666665,0.3523148148148148,0.09479166666666666,0.30092592592592593,0.56,0.8356925249099731,0.8823529411764706,-153.9715580928869,176.61823233001414,-177.89941122808332,171.05029296875,159.9317169189453,153.29833984375,145.1587677001953,2.870581938111232,1.8854442782083447,-177.88644409179688,3.127562197004295,ABNOR_W,W11W22
WD_in_W11W22_0004_20201023_14.mp4,3864,0,0.9442793130874634,0.37025830149650574,0.3048454225063324,0.3743587136268616,0.29746392369270325,0.36389485001564026,0.3006647229194641,0.38038721680641174,0.27537623047828674,0.35203665494918823,0.28174954652786255,0.38707393407821655,0.27480629086494446,0.338453471660614,0.2803017497062683,0.3973911702632904,0.29827505350112915,0.3244358003139496,0.3117498755455017,0.39923015236854553,0.3314882218837738,0.3297789990901947,0.34578365087509155,0.3787247836589813,0.38332971930503845,0.35023579001426697,0.38664117455482483,0.3871577978134155,0.4503189027309418,0.34823864698410034,0.45522868633270264,0.3849998414516449,0.51689213514328,0.3558844327926636,0.5207427740097046,0.362890625,0.3921296296296296,0.09296875,0.32685185185185184,0.5056657223796034,0.876682698726654,0.9411764705882353,-178.37292150062248,176.3621435009425,176.2591479020769,164.08717346191406,165.3156280517578,159.5971221923828,165.89349365234375,24.13045463358331,25.37996860070972,-173.10244750976562,24.401363407735573,ABNOR_W,W11W22
WD_in_W11W22_0004_20201023_14.mp4,3973,0,0.9248345494270325,0.33681419491767883,0.27137309312820435,0.3356796205043793,0.26458311080932617,0.3368198275566101,0.2613700330257416,0.34426194429397583,0.2561272084712982,0.3511911630630493,0.2489309012889862,0.3779345452785492,0.2723718285560608,0.36633720993995667,0.2576576769351959,0.4043554365634918,0.33012568950653076,0.3834565579891205,0.3117888569831848,0.3728252351284027,0.3398038148880005,0.3693207800388336,0.32503101229667664,0.41156819462776184,0.3598380386829376,0.39813292026519775,0.35117459297180176,0.399987131357193,0.44269469380378723,0.3859369456768036,0.4271099865436554,0.4023225009441376,0.5187349915504456,0.3883751928806305,0.49519309401512146,0.37721354166666665,0.37754629629629627,0.10755208333333334,0.34120370370370373,0.5603799185888738,0.7888646125793457,0.8823529411764706,-147.27089231136003,-144.4855641100475,-160.0634459069436,162.92025756835938,160.42152404785156,131.68844604492188,132.913818359375,17.426939707521584,-17.507541038716663,-181.72775268554688,31.102029189262453,ABNOR_W,W11W22
WD_in_W11W22_0004_20201023_14.mp4,4082,0,0.9229429364204407,0.33724936842918396,0.2758340835571289,0.33594486117362976,0.2687463164329529,0.3369944989681244,0.2658735513687134,0.3441305458545685,0.26062074303627014,0.35137373208999634,0.2543547749519348,0.3787943720817566,0.2772234380245209,0.36903542280197144,0.26536306738853455,0.4081038534641266,0.33081871271133423,0.3895547091960907,0.31795912981033325,0.3770780861377716,0.3447260558605194,0.3752020001411438,0.3394852578639984,0.4134661853313446,0.36429309844970703,0.4008106291294098,0.35583797097206116,0.4006853401660919,0.4448510408401489,0.3871222138404846,0.426259309053421,0.4027615785598755,0.519118070602417,0.3888351023197174,0.4931515157222748,0.37890625,0.37939814814814815,0.10989583333333333,0.3375,0.578875171467764,0.7953210473060608,0.8823529411764706,-146.36248089719294,-145.64251718689215,-159.40355761581034,161.40350341796875,158.33030700683594,128.95315551757812,128.9576416015625,2.0984791754844303,2.7076987601388507,-181.93991088867188,0.9084114141670909,ABNOR_W,W11W22
WD_in_W11W22_0004_20201023_14.mp4,4191,0,0.9232202172279358,0.33531060814857483,0.28058743476867676,0.33411988615989685,0.27328771352767944,0.33457162976264954,0.2704678773880005,0.342736154794693,0.26376885175704956,0.3482288420200348,0.25771740078926086,0.3757161498069763,0.27819088101387024,0.36835581064224243,0.26496919989585876,0.40518465638160706,0.33189254999160767,0.3909691870212555,0.31609925627708435,0.37447062134742737,0.3434843420982361,0.37528371810913086,0.3349396586418152,0.4123688042163849,0.36254844069480896,0.4004659056663513,0.35393357276916504,0.40043509006500244,0.444268137216568,0.3858852684497833,0.4262225031852722,0.4027464985847473,0.5194286108016968,0.3883051872253418,0.4940877854824066,0.37747395833333336,0.3814814814814815,0.10963541666666667,0.3314814814814815,0.5879888268156425,0.7941320538520813,0.8823529411764706,-144.80448189319162,-134.70243753823763,-157.84799695513917,162.3172149658203,156.64614868164062,127.76300048828125,127.58680725097656,1.9539002479449952,-1.083579599644281,-167.73171997070312,1.5579990040013172,ABNOR_W,W11W22
WD_in_W11W22_0004_20201023_14.mp4,4300,0,0.9244030117988586,0.4368235468864441,0.28379952907562256,0.43856680393218994,0.2763634920120239,0.43589678406715393,0.2762620747089386,0.43208611011505127,0.2688997983932495,0.4220888018608093,0.2655368447303772,0.41858166456222534,0.2801804840564728,0.3868328332901001,0.28238919377326965,0.4172305166721344,0.30959030985832214,0.36007222533226013,0.32820311188697815,0.424296110868454,0.3207494914531708,0.3866831362247467,0.3499147295951843,0.39299821853637695,0.3613312542438507,0.37063607573509216,0.3681222200393677,0.4018504321575165,0.42445001006126404,0.37742191553115845,0.446153849363327,0.3963037431240082,0.49102234840393066,0.38062095642089844,0.5174522995948792,0.39791666666666664,0.38425925925925924,0.09375,0.3296296296296296,0.5056179775280899,0.8617896437644958,0.8823529411764706,156.00731692822518,177.75903811959552,170.3062719318182,157.57452392578125,175.77223205566406,136.7311248779297,152.6465301513672,21.646677328772597,3.8518520184260723,-174.80279541015625,300.8117988214168,ABNOR_W,W11W22
WD_in_W11W22_0004_20201023_14.mp4,4409,0,0.9347380995750427,0.5037045478820801,0.25235265493392944,0.5034487843513489,0.24062007665634155,0.5045856237411499,0.24599525332450867,0.48815545439720154,0.22854439914226532,0.49903634190559387,0.23819534480571747,0.4625296890735626,0.24173612892627716,0.4818840026855469,0.2657608985900879,0.4385390281677246,0.2978554964065552,0.4645170569419861,0.324221134185791,0.4681716859340668,0.31356897950172424,0.49156802892684937,0.3249727189540863,0.4307783246040344,0.3463779389858246,0.44614431262016296,0.3588891625404358,0.4436325430870056,0.422646164894104,0.46229323744773865,0.4333621561527252,0.442746639251709,0.49141037464141846,0.4583389461040497,0.5087533593177795,0.46705729166666665,0.36203703703703705,0.09505208333333333,0.32592592592592595,0.5184659090909091,0.7690826654434204,0.8823529411764706,148.7554358309189,34.924238403611874,24.607600041671336,162.00836181640625,153.59130859375,134.97665405273438,124.614501953125,74.1831442384669,-7.182094268756874,-216.60675048828125,7.251881097306267,ABNOR_W,W11W22
WD_in_W11W22_0004_20201023_14.mp4,4518,0,0.7316684722900391,0.44126206636428833,0.22347450256347656,0.44213077425956726,0.21668794751167297,0.4446362853050232,0.21642018854618073,0.4493255615234375,0.2157464325428009,0.46435293555259705,0.21288219094276428,0.44590187072753906,0.24908876419067383,0.4870026707649231,0.2433943897485733,0.4383092224597931,0.2999809980392456,0.5011459589004517,0.29440054297447205,0.4311477839946747,0.29856646060943604,0.493569016456604,0.30407363176345825,0.4578707814216614,0.363831490278244,0.4859795570373535,0.360697865486145,0.450452983379364,0.4269595742225647,0.4827912449836731,0.4232313334941864,0.4514724612236023,0.49916812777519226,0.4790732264518738,0.492415189743042,0.46484375,0.3523148148148148,0.08541666666666667,0.337037037037037,0.45054945054945056,0.7771072387695312,0.8235294117647058,-175.20645415429564,-4.45620033576657,-3.5882670749708656,166.76304626464844,179.72303771972656,157.6951904296875,175.70913696289062,6.229040835418857,5.719885250549904,-299.7867736816406,323.96188998521455,ABNOR_W,W11W22
WD_in_W11W22_0004_20201023_14.mp4,4627,0,0.5405001640319824,0.21786166727542877,0.168584406375885,0.21919581294059753,0.163202702999115,0.21468839049339294,0.1645757108926773,0.22175812721252441,0.16450877487659454,0.20971719920635223,0.1678963601589203,0.22787730395793915,0.18734200298786163,0.20733217895030975,0.19156533479690552,0.2345765084028244,0.21881167590618134,0.2090849131345749,0.225535050034523,0.23490238189697266,0.24310946464538574,0.22151847183704376,0.2480531483888626,0.2297045737504959,0.2351408302783966,0.2159622758626938,0.2378222495317459,0.240047425031662,0.2602182924747467,0.21852898597717285,0.2615665793418884,0.24441967904567719,0.28768259286880493,0.22558610141277313,0.28872251510620117,0.22513020833333333,0.2199074074074074,0.05078125,0.14907407407407408,0.6055900621118012,0.9059898853302002,1.0,-168.81912571474103,173.40419559846768,173.73654372300408,159.55288696289062,166.08123779296875,147.63832092285156,172.52854919433594,265.02798024839774,-74.70211000733563,-146.65782165527344,6.387328439554608,ABNOR_W,W11W22
WD_in_W11W22_0004_20201023_14.mp4,4736,0,0.7824900150299072,0.4482209086418152,0.22314830124378204,0.44768238067626953,0.2180543690919876,0.45208418369293213,0.21636080741882324,0.45126447081565857,0.2180391103029251,0.4683533012866974,0.21430256962776184,0.4470224678516388,0.2485150694847107,0.48739808797836304,0.24516119062900543,0.43882226943969727,0.29788026213645935,0.5034379363059998,0.2936290502548218,0.43763267993927,0.29842808842658997,0.49393826723098755,0.3076457977294922,0.45895349979400635,0.3536718785762787,0.48562178015708923,0.35094377398490906,0.45064738392829895,0.4239013195037842,0.4823915660381317,0.42118141055107117,0.4517382085323334,0.49809348583221436,0.4792603552341461,0.4918321371078491,0.46783854166666666,0.35324074074074074,0.08203125,0.3333333333333333,0.4375,0.7610597014427185,0.8235294117647058,-175.1083710096396,-2.6752108474544234,-3.2933082609496696,166.62867736816406,179.8309783935547,156.72207641601562,177.0359344482422,268.2110172876885,68.78878174163759,-278.9845886230469,6.2892452948985635,ABNOR_W,W11W22
WD_in_W11W22_0004_20201023_14.mp4,4845,0,0.9112388491630554,0.45389577746391296,0.19984190165996552,0.4514152705669403,0.19488589465618134,0.45740023255348206,0.19428850710391998,0.4476301074028015,0.1959308683872223,0.4658123254776001,0.19548813998699188,0.4389449954032898,0.22692176699638367,0.47696390748023987,0.22778524458408356,0.4298870265483856,0.27225351333618164,0.4880495071411133,0.27582964301109314,0.42971229553222656,0.27997997403144836,0.4802477955818176,0.2868351638317108,0.4457089304924011,0.3207564055919647,0.47100830078125,0.3202390670776367,0.44120684266090393,0.3846875727176666,0.4712740182876587,0.38440123200416565,0.4430958926677704,0.4529501497745514,0.4646676182746887,0.4506187438964844,0.4576822916666667,0.32060185185185186,0.07317708333333334,0.3060185185185185,0.42511346444780634,0.7411093711853027,0.8235294117647058,-179.55802626630341,0.7319363042747878,-0.659033411805481,170.047607421875,169.52040100097656,165.56150817871094,173.04513549804688,22.1524041825611,-18.89189121517992,-260.6166076660156,4.449655256663817,ABNOR_W,W11W22
WD_in_W11W22_0004_20201023_14.mp4,4954,0,0.9092216491699219,0.442304790019989,0.1876068264245987,0.4413699209690094,0.1828044056892395,0.4458955228328705,0.18150724470615387,0.444135844707489,0.18147248029708862,0.460038959980011,0.17888301610946655,0.44268476963043213,0.20699848234653473,0.47561922669410706,0.20438173413276672,0.43627485632896423,0.24992147088050842,0.4887954592704773,0.24611884355545044,0.4313753545284271,0.2532722055912018,0.4797385632991791,0.25569814443588257,0.45194873213768005,0.296135812997818,0.47392791509628296,0.2938663959503174,0.44155827164649963,0.3565983474254608,0.4690397381782532,0.3565833270549774,0.4396989941596985,0.4207650125026703,0.46364015340805054,0.421843558549881,0.4578125,0.2965277777777778,0.06927083333333334,0.28564814814814815,0.43111831442463533,0.7580951452255249,0.8235294117647058,-175.68986366767137,-2.5589925278676606,-3.324020943587725,165.9603729248047,179.52151489257812,152.54344177246094,174.03575134277344,14.298158864612082,-15.142349020806124,-231.97164916992188,3.86816259863204,ABNOR_W,W11W22
WD_in_W11W22_0004_20201023_14.mp4,5063,0,0.9109060764312744,0.4249749183654785,0.18785130977630615,0.4247170388698578,0.18226797878742218,0.42694416642189026,0.18096445500850677,0.4298039674758911,0.18003171682357788,0.4429793655872345,0.1758001148700714,0.43353530764579773,0.2063939869403839,0.4625539779663086,0.19748587906360626,0.43273529410362244,0.25357088446617126,0.4776698052883148,0.23693661391735077,0.4201812744140625,0.2517530918121338,0.47485923767089844,0.2475752979516983,0.4527367949485779,0.2928586006164551,0.4725845754146576,0.28784212470054626,0.4396974444389343,0.354976087808609,0.46628257632255554,0.3526352047920227,0.44099801778793335,0.42308682203292847,0.4647696912288666,0.4182456433773041,0.4484375,0.2953703703703704,0.075,0.29074074074074074,0.4585987261146497,0.7885167598724365,0.8823529411764706,-163.62182218439077,-9.796969146611271,-8.091530539588772,157.59115600585938,172.5373077392578,137.991455078125,159.0257568359375,9.922106448042964,-2.762054787384864,-221.39797973632812,12.06804148328061,ABNOR_W,W11W22
WD_in_W11W22_0004_20201023_14.mp4,5172,0,0.9101276397705078,0.4272192120552063,0.186085045337677,0.42675524950027466,0.1807272583246231,0.4295591413974762,0.17937958240509033,0.4308187663555145,0.17981207370758057,0.44555991888046265,0.17566576600074768,0.43302711844444275,0.2067890167236328,0.4646606743335724,0.19940707087516785,0.4308388829231262,0.2518336772918701,0.4788658320903778,0.24002736806869507,0.42152920365333557,0.24965758621692657,0.47429174184799194,0.25082916021347046,0.4506964683532715,0.29365554451942444,0.47231072187423706,0.2890447974205017,0.43965715169906616,0.3569852113723755,0.46686071157455444,0.35416632890701294,0.440940797328949,0.4244469404220581,0.46518605947494507,0.4185466468334198,0.4490885416666667,0.2951388888888889,0.07317708333333334,0.29212962962962963,0.44532488114104596,0.7600664496421814,0.8235294117647058,-165.69331939274477,-7.478113542316684,-6.8423065506769305,160.84471130371094,174.18519592285156,142.90139770507812,162.91018676757812,0.7009925094298577,0.5937796029737764,-227.3726806640625,2.0714972083540033,ABNOR_W,W11W22
WD_in_W11W22_0004_20201023_14.mp4,5281,0,0.6817750334739685,0.21859125792980194,0.16829130053520203,0.21932952105998993,0.16358184814453125,0.21557436883449554,0.16453979909420013,0.22037601470947266,0.16533763706684113,0.20944015681743622,0.1677604615688324,0.22488141059875488,0.18651483952999115,0.20504999160766602,0.1915007382631302,0.23184165358543396,0.2151002436876297,0.2083115577697754,0.22524164617061615,0.2337677925825119,0.23868702352046967,0.22209453582763672,0.2465902864933014,0.22693902254104614,0.23438915610313416,0.21313662827014923,0.2380300760269165,0.23935967683792114,0.2549073398113251,0.2203935831785202,0.25757208466529846,0.24253909289836884,0.28528186678886414,0.22639551758766174,0.2872709631919861,0.2234375,0.21921296296296297,0.051041666666666666,0.14675925925925926,0.6182965299684543,0.8746153116226196,0.9411764705882353,-169.1848965887231,171.9505692601372,171.55997043249047,143.44012451171875,166.33016967773438,137.2681121826172,163.73764038085938,242.47548912969037,-32.74776111568171,-146.70355224609375,3.491577195978323,ABNOR_W,W11W22
WD_in_W11W22_0004_20201023_14.mp4,5390,0,0.905979573726654,0.429282009601593,0.18796759843826294,0.42872458696365356,0.18281462788581848,0.4318455755710602,0.18156343698501587,0.43201735615730286,0.18135224282741547,0.44703158736228943,0.17764431238174438,0.4323830008506775,0.2078743875026703,0.4644545614719391,0.20102135837078094,0.42794761061668396,0.2519512474536896,0.4764929711818695,0.2403411567211151,0.4209204614162445,0.2500658631324768,0.47137269377708435,0.24901577830314636,0.44707632064819336,0.29570144414901733,0.46919482946395874,0.2914082407951355,0.4386860728263855,0.357203871011734,0.46644821763038635,0.3538062572479248,0.4411996006965637,0.42377540469169617,0.46507614850997925,0.4175095856189728,0.448046875,0.2962962962962963,0.07005208333333333,0.28888888888888886,0.4310897435897436,0.7502675652503967,0.8235294117647058,-169.0287087570049,-6.853755749337945,-6.230944000458451,162.5273895263672,177.7184295654297,149.803955078125,170.19903564453125,241.52429822007747,34.05709695383386,-228.06842041015625,0.15618783171819928,ABNOR_W,W11W22
WD_in_W11W22_0004_20201023_14.mp4,5499,0,0.8825023770332336,0.4311982989311218,0.18549712002277374,0.4306432604789734,0.18049407005310059,0.43394893407821655,0.17936761677265167,0.4333840608596802,0.18027378618717194,0.449014276266098,0.1769331395626068,0.4331720471382141,0.20771805942058563,0.4649486839771271,0.20239876210689545,0.4279042184352875,0.25086653232574463,0.4747655987739563,0.2433810830116272,0.4205218255519867,0.24769987165927887,0.4678461253643036,0.25097107887268066,0.4465467631816864,0.29612594842910767,0.46859532594680786,0.2923913300037384,0.438726544380188,0.3582346737384796,0.4664163887500763,0.3546748161315918,0.44102993607521057,0.4239702820777893,0.46510952711105347,0.4181095063686371,0.447265625,0.2965277777777778,0.06744791666666666,0.2884259259259259,0.4157303370786517,0.7242079377174377,0.8235294117647058,-170.3731728167834,-5.379139441069346,-5.442550184708772,163.8181610107422,178.53858947753906,152.3292236328125,172.32078552246094,0.8362335070522711,0.4179825781464806,-234.92486572265625,1.3444640597785167,ABNOR_W,W11W22
WD_in_W11W22_0004_20201023_14.mp4,5608,0,0.9126119613647461,0.4405462443828583,0.18441390991210938,0.43859824538230896,0.17987188696861267,0.4435679316520691,0.17913013696670532,0.4367104470729828,0.1799158900976181,0.4536329209804535,0.17867033183574677,0.4315412640571594,0.20757989585399628,0.46607211232185364,0.20553408563137054,0.42161303758621216,0.24915742874145508,0.47507232427597046,0.24754919111728668,0.42353326082229614,0.2490915060043335,0.472730815410614,0.25432994961738586,0.4412963092327118,0.29714435338974,0.4644993245601654,0.2952956259250641,0.43685564398765564,0.3577595353126526,0.46493348479270935,0.3552103042602539,0.4395480453968048,0.4218582510948181,0.4646546542644501,0.4170718193054199,0.44830729166666666,0.29768518518518516,0.06848958333333334,0.2861111111111111,0.4255663430420712,0.7514963746070862,0.8235294117647058,-175.36253326762906,-1.9087318069808012,-2.5661420604936014,168.30894470214844,178.8028564453125,161.6209716796875,177.47755432128906,1.296945440205747,1.164845132814648,-241.50112915039062,4.989360450845652,ABNOR_W,W11W22
WD_in_W11W22_0004_20201023_14.mp4,5717,0,0.7943021059036255,0.5495445728302002,0.22667376697063446,0.5503442883491516,0.2210373431444168,0.5498798489570618,0.21949875354766846,0.536286473274231,0.2123202085494995,0.541519045829773,0.21012455224990845,0.5231069326400757,0.22320514917373657,0.5192385911941528,0.22160014510154724,0.5143164396286011,0.26420313119888306,0.5018518567085266,0.25627830624580383,0.5322256684303284,0.27443015575408936,0.525644838809967,0.2745211720466614,0.49325257539749146,0.29394760727882385,0.4916279911994934,0.2956405580043793,0.4964776039123535,0.3498937785625458,0.505928099155426,0.36041733622550964,0.4860575795173645,0.40236952900886536,0.5038611888885498,0.42716750502586365,0.5161458333333333,0.3111111111111111,0.08645833333333333,0.26481481481481484,0.5804195804195804,0.8226028680801392,0.8823529411764706,144.7929029250476,-166.86323818930504,149.6222081106202,154.70510864257812,155.42103576660156,137.26966857910156,125.02926635742188,72.06742726271844,-0.846839718088397,-147.139892578125,320.1554361926767,ABNOR_W,W11W22
WD_in_W11W22_0004_20201023_14.mp4,5826,0,0.8117372393608093,0.5627377033233643,0.23850643634796143,0.5637738108634949,0.2325710654258728,0.5625849962234497,0.23156464099884033,0.5559505224227905,0.22415174543857574,0.5542219877243042,0.22160479426383972,0.5426002740859985,0.2304871827363968,0.5322878956794739,0.2294428050518036,0.5341712832450867,0.2585296928882599,0.513038158416748,0.25707942247390747,0.5402528643608093,0.26735833287239075,0.5303298234939575,0.2765809893608093,0.5086941123008728,0.2899934947490692,0.4993594288825989,0.2915799617767334,0.5185190439224243,0.3458763062953949,0.5112612247467041,0.35614073276519775,0.5112452507019043,0.39993441104888916,0.5028152465820312,0.4196092486381531,0.5286458333333334,0.31689814814814815,0.0921875,0.25787037037037036,0.6355475763016158,0.8409749865531921,0.8823529411764706,135.67344543101302,-176.73956191616602,174.53909361194303,149.1902313232422,148.54425048828125,117.27412414550781,118.56189727783203,13.637862867684113,-2.3799515504708553,-112.92544555664062,9.119457494034577,ABNOR_W,W11W22
WD_in_W11W22_0004_20201023_14.mp4,5935,0,0.879393994808197,0.49282407760620117,0.2301017940044403,0.4942273497581482,0.22574344277381897,0.49303197860717773,0.22483813762664795,0.5038730502128601,0.21735121309757233,0.4953407347202301,0.21821913123130798,0.5237270593643188,0.2296718806028366,0.4999150335788727,0.22549837827682495,0.5414190292358398,0.25452011823654175,0.4957299530506134,0.24792549014091492,0.5274144411087036,0.27168887853622437,0.4848376214504242,0.2574461102485657,0.5240377187728882,0.30394047498703003,0.5071370005607605,0.2962813377380371,0.5195013284683228,0.35980668663978577,0.4962034225463867,0.33905860781669617,0.5138112306594849,0.418226033449173,0.4948447346687317,0.3923722207546234,0.5092447916666667,0.3104166666666667,0.07057291666666667,0.25324074074074077,0.4954296160877514,0.8563504815101624,0.8823529411764706,-174.72533512166666,-174.3695015586151,-165.6990022869319,178.390625,158.1575927734375,171.35946655273438,145.28256225585938,20.842459070637826,5.537593695761445,-151.21969604492188,310.3987805526797,ABNOR_W,W11W22
WD_in_W11W22_0004_20201023_14.mp4,6044,0,0.8589210510253906,0.4904838502407074,0.23342083394527435,0.4912806749343872,0.22895799577236176,0.4902474284172058,0.2288840413093567,0.49950823187828064,0.21933725476264954,0.492110937833786,0.2222408503293991,0.5198966264724731,0.22829900681972504,0.49624156951904297,0.22676946222782135,0.537266194820404,0.2537468373775482,0.491407573223114,0.2501552999019623,0.5242599844932556,0.2750217020511627,0.48252642154693604,0.2610305845737457,0.5231618881225586,0.30069372057914734,0.5062625408172607,0.29450327157974243,0.5189316272735596,0.3582689166069031,0.49493467807769775,0.33827880024909973,0.5138468742370605,0.4190627932548523,0.49492770433425903,0.391793817281723,0.505859375,0.3145833333333333,0.07109375,0.24583333333333332,0.5141242937853108,0.8458830714225769,0.8823529411764706,-170.43221655653147,-177.91699676304384,-168.3571336916628,178.98451232910156,155.30909729003906,167.97373962402344,140.5598602294922,4.34737099280778,-1.4921140631444185,-138.62374877929688,4.293118565135188,ABNOR_W,W11W22
WD_in_W11W22_0004_20201023_14.mp4,6153,0,0.877450168132782,0.4914836287498474,0.23087316751480103,0.4926515817642212,0.22615593671798706,0.49139338731765747,0.22582660615444183,0.5017099380493164,0.2172331064939499,0.49333783984184265,0.21948549151420593,0.5218195915222168,0.22865398228168488,0.4981035590171814,0.2272203266620636,0.5401302576065063,0.2537151873111725,0.4954609274864197,0.2516169548034668,0.5250585675239563,0.2735818922519684,0.486307829618454,0.2598153352737427,0.5240444540977478,0.30295196175575256,0.5071446895599365,0.2967420518398285,0.5191704034805298,0.35876739025115967,0.49566125869750977,0.33996158838272095,0.5139979124069214,0.4181362986564636,0.4950789511203766,0.3934243321418762,0.5092447916666667,0.3122685185185185,0.06901041666666667,0.24953703703703703,0.49165120593692024,0.8558690547943115,0.8823529411764706,-172.07197348350428,-178.05247714904684,-168.32179858568492,179.97201538085938,155.82537841796875,168.12828063964844,141.69825744628906,3.829636589822414,1.335381084921467,-148.98348999023438,1.639756926972808,ABNOR_W,W11W22
WD_in_W11W22_0004_20201023_14.mp4,6262,0,0.8659961819648743,0.49142324924468994,0.23409266769886017,0.4926697611808777,0.2290305644273758,0.4905385375022888,0.2291913479566574,0.5011160969734192,0.21933038532733917,0.49133580923080444,0.22273144125938416,0.5200151801109314,0.2296309620141983,0.4958941638469696,0.22940228879451752,0.5387716889381409,0.25216618180274963,0.4885724186897278,0.2500476837158203,0.5245436429977417,0.27520233392715454,0.4789346754550934,0.2582806944847107,0.5219031572341919,0.30252304673194885,0.5051229596138,0.297200083732605,0.5190877318382263,0.357896625995636,0.49450773000717163,0.3399529457092285,0.5138695240020752,0.4174899160861969,0.4943748414516449,0.39307811856269836,0.5053385416666667,0.3138888888888889,0.07369791666666667,0.2462962962962963,0.5319548872180451,0.873873233795166,0.9411764705882353,-172.0037896927824,-179.69446935228513,-169.88297728915774,176.31675720214844,156.43763732910156,172.19862365722656,142.57913208007812,4.235062359293199,0.008650982415967831,-142.06082153320312,0.06818379072188918,ABNOR_W,W11W22
WD_in_W11W22_0004_20201023_14.mp4,6371,0,0.9271435737609863,0.4612026512622833,0.25899407267570496,0.46237078309059143,0.25347357988357544,0.4602416157722473,0.25320833921432495,0.47113877534866333,0.2411443591117859,0.4609564244747162,0.24357545375823975,0.4930625855922699,0.25278475880622864,0.4659899175167084,0.24847061932086945,0.5112131237983704,0.28484395146369934,0.46115389466285706,0.2724258005619049,0.4965361952781677,0.307773232460022,0.45062056183815,0.28114479780197144,0.49564915895462036,0.3261089324951172,0.4766899049282074,0.317859023809433,0.49124374985694885,0.38982924818992615,0.46817150712013245,0.3642423152923584,0.48843851685523987,0.45737671852111816,0.474004864692688,0.41809219121932983,0.47825520833333335,0.3414351851851852,0.07734375,0.2726851851851852,0.5042444821731749,0.8515449166297913,0.8823529411764706,-170.60211456192098,-174.87788920380643,-166.24638526566537,177.2155303955078,151.0178680419922,169.40451049804688,146.58798217773438,32.944066445756825,13.138408938836093,-136.05819702148438,1.4016751308614062,ABNOR_W,W11W22
WD_in_W11W22_0004_20201023_14.mp4,6480,0,0.5569160580635071,0.21707893908023834,0.1798790544271469,0.21804995834827423,0.17374326288700104,0.21340028941631317,0.17632634937763214,0.22079221904277802,0.17401273548603058,0.2082536667585373,0.18045146763324738,0.22827205061912537,0.19478532671928406,0.20782923698425293,0.20424626767635345,0.23567144572734833,0.22519730031490326,0.21428342163562775,0.23786544799804688,0.23828673362731934,0.2540416419506073,0.22992998361587524,0.2567442059516907,0.23448367416858673,0.24644775688648224,0.2211436778306961,0.25233909487724304,0.24432925879955292,0.2705662250518799,0.22674475610256195,0.2787057161331177,0.24597737193107605,0.28825199604034424,0.2339901626110077,0.294216126203537,0.22591145833333334,0.2238425925925926,0.04869791666666667,0.13472222222222222,0.6426116838487973,0.8194946646690369,1.0,-160.81304194875867,165.40833308529034,166.0491792375269,153.4374542236328,160.98118591308594,156.0962677001953,174.48403930664062,275.429472485671,-43.11124367932877,-150.15103149414062,9.789072613162318,ABNOR_W,W11W22
WD_in_W11W22_0004_20201023_14.mp4,6589,0,0.9253624081611633,0.4136131703853607,0.2641737163066864,0.41387739777565,0.2579101622104645,0.41312092542648315,0.25656357407569885,0.42370209097862244,0.25148212909698486,0.4229300618171692,0.2485659271478653,0.4538559317588806,0.26399415731430054,0.4345077574253082,0.25648465752601624,0.4822770357131958,0.30726876854896545,0.43737080693244934,0.28719645738601685,0.4537857472896576,0.3259676992893219,0.4340282678604126,0.2975059449672699,0.478360652923584,0.341963529586792,0.4620976746082306,0.3343825340270996,0.46833544969558716,0.41438108682632446,0.4509057402610779,0.3958577513694763,0.466922402381897,0.48333537578582764,0.45058175921440125,0.46124088764190674,0.45026041666666666,0.3587962962962963,0.096875,0.3037037037037037,0.5670731707317073,0.819474458694458,0.8823529411764706,-149.28220474571052,-167.68442720622002,-165.30726823425513,168.2601776123047,162.57022094726562,136.9803009033203,129.86878967285156,250.13210839708188,52.740367725737414,-159.83853149414062,11.53083720304815,ABNOR_W,W11W22
WD_in_W11W22_0004_20201023_14.mp4,6698,0,0.9162238240242004,0.4163837432861328,0.2651342749595642,0.41718190908432007,0.25840288400650024,0.4147154688835144,0.2587166726589203,0.42773666977882385,0.2492598593235016,0.4209997057914734,0.2506139278411865,0.45497268438339233,0.26065826416015625,0.4322012960910797,0.2564695179462433,0.4826696813106537,0.3036734461784363,0.4290189743041992,0.2777861952781677,0.4580337405204773,0.322508841753006,0.42551612854003906,0.28584593534469604,0.47552490234375,0.3398652970790863,0.4581023156642914,0.3347436189651489,0.46846237778663635,0.4141601622104645,0.4491365849971771,0.3965549170970917,0.46765807271003723,0.4826042354106903,0.4509853720664978,0.4589707553386688,0.45091145833333335,0.3599537037037037,0.08984375,0.3013888888888889,0.5299539170506913,0.8477991819381714,0.8823529411764706,-152.3273648190993,-174.09260767870154,-170.61067456037983,171.60462951660156,162.5259552001953,145.6444854736328,135.0732879638672,0.9721017063328946,-0.5158452434398199,-155.8875732421875,3.045160073388786,ABNOR_W,W11W22
WD_in_W11W22_0004_20201023_14.mp4,6807,0,0.9245062470436096,0.34774428606033325,0.2928355634212494,0.3466361165046692,0.2836122214794159,0.34516584873199463,0.285798043012619,0.3562864065170288,0.2675761282444,0.3544301688671112,0.27322202920913696,0.3870354890823364,0.2810572385787964,0.3752399682998657,0.2739037275314331,0.41794952750205994,0.33090052008628845,0.38715171813964844,0.31362593173980713,0.390874981880188,0.35543689131736755,0.3716818392276764,0.3193603456020355,0.41901448369026184,0.36429595947265625,0.4057238698005676,0.3576004207134247,0.4058872163295746,0.4391467869281769,0.3907569944858551,0.41714826226234436,0.4110395610332489,0.5150426030158997,0.408145546913147,0.4778117537498474,0.3865885416666667,0.38425925925925924,0.10755208333333334,0.3138888888888889,0.6091445427728613,0.8362043499946594,0.8823529411764706,-146.36822508944715,-161.1638120293309,-164.17858393397796,155.80166625976562,128.9208984375,128.3504638671875,123.00041961669922,69.43025052331048,14.041920563071384,-147.12326049804688,5.959139729652151,ABNOR_W,W11W22
WD_in_W11W22_0004_20201023_14.mp4,6916,0,0.9278956055641174,0.28330814838409424,0.279433935880661,0.281380832195282,0.2718621492385864,0.2831980586051941,0.2669191360473633,0.28771883249282837,0.2624390423297882,0.29949072003364563,0.2501707971096039,0.31305375695228577,0.2844129800796509,0.3252282440662384,0.2548058331012726,0.33958959579467773,0.34408995509147644,0.34386375546455383,0.31506654620170593,0.31225502490997314,0.359769731760025,0.31273213028907776,0.3407217264175415,0.3636166453361511,0.3731256425380707,0.36963751912117004,0.3595730662345886,0.34510165452957153,0.4553031027317047,0.3501783311367035,0.43923357129096985,0.3549509048461914,0.537773609161377,0.3552211821079254,0.5169045329093933,0.32838541666666665,0.3875,0.11510416666666666,0.3472222222222222,0.5893333333333334,0.795976996421814,0.8823529411764706,-138.89055688100493,-53.8323117286831,-51.69854556694579,146.18496704101562,149.94203186035156,112.79423522949219,119.52545166015625,61.48187869603568,3.207727221954908,-187.73727416992188,7.477668208442225,ABNOR_W,W11W22
WD_In_W11W23_0003_20210101_12.mp4,169,0,0.9225195646286011,0.24692656099796295,0.11169454455375671,0.24339233338832855,0.1000676080584526,0.25455242395401,0.09128214418888092,0.25147128105163574,0.10787998139858246,0.2965177595615387,0.08414378762245178,0.28318071365356445,0.2098180204629898,0.33338725566864014,0.16985316574573517,0.31787368655204773,0.3299556374549866,0.3712426424026489,0.3007632791996002,0.3461257815361023,0.4280388653278351,0.37462979555130005,0.41863852739334106,0.3100096583366394,0.45688214898109436,0.3457314074039459,0.43697190284729004,0.3072497248649597,0.610790491104126,0.33843928575515747,0.5961993932723999,0.31857502460479736,0.7766702175140381,0.34213942289352417,0.746340811252594,0.3092447916666667,0.4081018518518518,0.15755208333333334,0.799537037037037,0.3503184713375796,0.7848507165908813,0.8235294117647058,-172.28677455292558,-24.12068645212446,-17.407286439511807,171.25352478027344,172.8367462158203,167.24745178222656,170.64881896972656,0.0,0.0,-724.1021423339844,0.0,ABNOR_W,W11W23
WD_In_W11W23_0003_20210101_12.mp4,325,0,0.9113748669624329,0.23301126062870026,0.09572649747133255,0.23144231736660004,0.08351512253284454,0.2420589178800583,0.07664439082145691,0.2463912069797516,0.09536230564117432,0.2875223159790039,0.07383640855550766,0.2735496461391449,0.20787401497364044,0.3257499635219574,0.16858091950416565,0.30184000730514526,0.3334967792034149,0.36224445700645447,0.2984902262687683,0.33388978242874146,0.4264824688434601,0.36096620559692383,0.4175128638744354,0.2999216318130493,0.4595966339111328,0.33713504672050476,0.4399610161781311,0.30612316727638245,0.612129271030426,0.3366866409778595,0.595180094242096,0.31872230768203735,0.7762576341629028,0.342428594827652,0.7475801706314087,0.29791666666666666,0.40555555555555556,0.15729166666666666,0.8027777777777778,0.34832756632064593,0.7813713550567627,0.8235294117647058,-172.68784941908186,-22.948496865155313,-16.531006752724313,176.36297607421875,175.8737335205078,173.5836181640625,175.44033813476562,16.844534205450444,2.3664547029569247,-764.7530059814453,0.40107486615627863,ABNOR_W,W11W23
WD_In_W11W23_0003_20210101_12.mp4,481,0,0.9163572192192078,0.23205195367336273,0.12295142561197281,0.22882409393787384,0.11016014963388443,0.23971787095069885,0.10165384411811829,0.23956304788589478,0.1097295954823494,0.28172609210014343,0.08543889969587326,0.26531392335891724,0.2111058533191681,0.3202948570251465,0.17094019055366516,0.29461392760276794,0.34126144647598267,0.3574168086051941,0.30586549639701843,0.3289443254470825,0.43067270517349243,0.3578694760799408,0.41723525524139404,0.29686596989631653,0.46121248602867126,0.3351854681968689,0.4423210024833679,0.30337047576904297,0.6139106154441833,0.33486229181289673,0.596803605556488,0.31910908222198486,0.7772345542907715,0.3424682915210724,0.7479662299156189,0.2923177083333333,0.4074074074074074,0.15963541666666667,0.7981481481481482,0.35556844547563804,0.779297947883606,0.8235294117647058,-171.0032960393401,-22.339113738616522,-15.499338244321502,174.60939025878906,174.67526245117188,171.68983459472656,174.2155303955078,8.40466092568372,1.650248006341276,-710.2411193847656,1.6845533797417431,ABNOR_W,W11W23
WD_In_W11W23_0003_20210101_12.mp4,637,0,0.9301195740699768,0.19363270699977875,0.1292858123779297,0.1897781491279602,0.1164197251200676,0.2001582682132721,0.10592447966337204,0.19964700937271118,0.11412686109542847,0.24349047243595123,0.08730155229568481,0.2302495688199997,0.20589548349380493,0.29011958837509155,0.16354922950267792,0.26770973205566406,0.3261634409427643,0.32900601625442505,0.29463183879852295,0.3062286376953125,0.4124002158641815,0.3369908928871155,0.40313154458999634,0.27539584040641785,0.4514906406402588,0.3130975663661957,0.4318830072879791,0.28529804944992065,0.6248522400856018,0.29277437925338745,0.5963699221611023,0.3199213147163391,0.7697396278381348,0.2894798219203949,0.7345332503318787,0.26223958333333336,0.4076388888888889,0.17604166666666668,0.7763888888888889,0.40310077519379844,0.7800267338752747,0.8235294117647058,-166.7399028906425,-21.695536547729418,-16.306345465235772,162.78097534179688,170.03890991210938,167.7008819580078,158.95556640625,44.372294370346474,-8.364442582777084,-674.7861938476562,4.263393148697617,ABNOR_W,W11W23
WD_In_W11W23_0003_20210101_12.mp4,793,0,0.9303179383277893,0.1463397890329361,0.1044677123427391,0.1420375555753708,0.0916968435049057,0.1535743921995163,0.08233430981636047,0.14634568989276886,0.08994369208812714,0.19111904501914978,0.06521812081336975,0.1681378185749054,0.18132485449314117,0.22999201714992523,0.1442476063966751,0.1957935392856598,0.30495530366897583,0.26577192544937134,0.2720024287700653,0.23173929750919342,0.39515697956085205,0.2664523720741272,0.3831706941127777,0.20175977051258087,0.42485496401786804,0.24331068992614746,0.40751156210899353,0.20978467166423798,0.5722259283065796,0.24164053797721863,0.5576336979866028,0.2261068969964981,0.7272201776504517,0.24520179629325867,0.7078920602798462,0.2015625,0.3787037037037037,0.15833333333333333,0.7546296296296297,0.37300613496932516,0.7788300514221191,0.8235294117647058,-170.64943957645855,-18.633036591009784,-13.213041124277115,174.92547607421875,176.45423889160156,171.73924255371094,173.72764587402344,92.71211250718133,-21.17129420427796,-673.3055877685547,3.9095366858160503,ABNOR_W,W11W23
WD_In_W11W23_0003_20210101_12.mp4,949,0,0.9104553461074829,0.11764951795339584,0.06819085031747818,0.12248838692903519,0.0509071983397007,0.12077876180410385,0.0494564063847065,0.15215834975242615,0.05823419243097305,0.15497006475925446,0.0493643656373024,0.1730949878692627,0.1652684062719345,0.2028851956129074,0.13693813979625702,0.2148832380771637,0.2780584692955017,0.23664209246635437,0.26692166924476624,0.24818859994411469,0.3629209101200104,0.25719887018203735,0.36076289415359497,0.20363478362560272,0.41143229603767395,0.23114748299121857,0.3991788625717163,0.20955833792686462,0.567797839641571,0.2298544943332672,0.5521791577339172,0.2265154868364334,0.7255289554595947,0.24457207322120667,0.7066513299942017,0.19440104166666666,0.381712962962963,0.15963541666666667,0.7532407407407408,0.37676705593116167,0.8464025855064392,0.8823529411764706,-168.3809067298168,-28.143814252364276,-14.064457441891795,173.03285217285156,169.5257110595703,171.4150848388672,168.29307556152344,10.855836458659079,-9.026426651639934,-728.1678161621094,2.2685328466417616,ABNOR_W,W11W23
WD_In_W11W23_0003_20210101_12.mp4,1105,0,0.9238987565040588,0.14105454087257385,0.07553009688854218,0.13967256247997284,0.06268124282360077,0.15029564499855042,0.0577792264521122,0.1493694931268692,0.07289937138557434,0.19122691452503204,0.055698566138744354,0.16465435922145844,0.17079615592956543,0.21974465250968933,0.14529283344745636,0.1962152123451233,0.2956918478012085,0.2529735267162323,0.27772754430770874,0.23316840827465057,0.38467469811439514,0.2588454484939575,0.37782207131385803,0.19583137333393097,0.41416770219802856,0.23502269387245178,0.40157318115234375,0.20609478652477264,0.5684592723846436,0.23691345751285553,0.5514194369316101,0.22479644417762756,0.7251064777374268,0.24693180620670319,0.7039406895637512,0.200390625,0.3800925925925926,0.13984375,0.7518518518518519,0.33066502463054187,0.7682061195373535,0.8235294117647058,-170.6145219351857,-14.595790344496871,-10.24642412840844,174.7615203857422,174.62460327148438,173.91452026367188,175.23529052734375,8.937679695836989,2.1283519391687475,-717.8551483154297,2.2336152053689204,ABNOR_W,W11W23
WD_In_W11W23_0003_20210101_12.mp4,1261,0,0.9290458559989929,0.12962858378887177,0.12383481860160828,0.12514063715934753,0.1103309616446495,0.1347871720790863,0.10172706097364426,0.1288311928510666,0.10009604692459106,0.168599471449852,0.07707856595516205,0.15247826278209686,0.1841375082731247,0.21404482424259186,0.14702636003494263,0.18710218369960785,0.3096179962158203,0.25724098086357117,0.28050497174263,0.22781401872634888,0.39019015431404114,0.2620677649974823,0.3794499635696411,0.1982457935810089,0.4282422661781311,0.24147114157676697,0.4102603495121002,0.20341549813747406,0.57889723777771,0.23835673928260803,0.5592437386512756,0.22569866478443146,0.7282202839851379,0.24657516181468964,0.7058951258659363,0.18932291666666667,0.3789351851851852,0.171875,0.7550925925925925,0.404659717964439,0.7884793281555176,0.8235294117647058,-165.61484169836578,-18.729965185034303,-13.170363024656524,168.6330108642578,172.1822052001953,165.05679321289062,167.37786865234375,16.36182394881476,9.447606502359964,-638.099609375,4.999680236819927,ABNOR_W,W11W23
WD_In_W11W23_0003_20210101_12.mp4,1417,0,0.931535005569458,0.12431994080543518,0.12402419745922089,0.11969146877527237,0.1116502583026886,0.13032406568527222,0.10061043500900269,0.12016730010509491,0.10830287635326385,0.16553087532520294,0.08156649023294449,0.14065523445606232,0.19561323523521423,0.21231190860271454,0.15157794952392578,0.16814012825489044,0.32261067628860474,0.25488099455833435,0.2821991741657257,0.2124687284231186,0.4027530550956726,0.2537905275821686,0.38798606395721436,0.19073019921779633,0.4342145323753357,0.2357082962989807,0.4159238934516907,0.19987039268016815,0.5982791185379028,0.2186560183763504,0.5813054442405701,0.22796455025672913,0.7290485501289368,0.21762318909168243,0.715566873550415,0.183984375,0.3821759259259259,0.17682291666666666,0.749537037037037,0.41939468807906116,0.7877047657966614,0.8235294117647058,-165.4418431493908,-19.068941328357358,-12.88440731918537,164.75271606445312,170.39627075195312,165.19566345214844,160.67083740234375,8.322005002856114,4.82776830895241,-650.2572326660156,0.1729985489749879,ABNOR_W,W11W23
WD_In_W11W23_0003_20210101_12.mp4,1573,0,0.9427662491798401,0.02102203294634819,0.1060120016336441,0.02216855250298977,0.08990272879600525,0.020590757951140404,0.08945422619581223,0.04365115612745285,0.07781562954187393,0.04083484411239624,0.07703378796577454,0.10237601399421692,0.14280621707439423,0.06659439951181412,0.14154307544231415,0.14989621937274933,0.23375245928764343,0.10897226631641388,0.23982083797454834,0.1797657161951065,0.3070344924926758,0.13777674734592438,0.3193536400794983,0.151976078748703,0.36746999621391296,0.11951427161693573,0.3697463572025299,0.1558343470096588,0.5184838175773621,0.12195273488759995,0.5158467888832092,0.18954654037952423,0.6558646559715271,0.1556004136800766,0.633316695690155,0.10690104166666667,0.3490740740740741,0.20338541666666668,0.6935185185185185,0.5213618157543392,0.7749326825141907,0.7647058823529411,-158.07753387475123,-178.86242149611505,177.7411477686049,159.03123474121094,154.7134246826172,161.17120361328125,159.29501342773438,117.0304135302296,-46.87005056957389,-567.2077026367188,7.364309274639567,ABNOR_W,W11W23
WD_In_W11W23_0003_20210101_12.mp4,1729,0,0.9007529020309448,0.19943928718566895,0.11641523241996765,0.20512554049491882,0.09895816445350647,0.1905905306339264,0.10203293710947037,0.20535288751125336,0.08510574698448181,0.16339881718158722,0.0906904861330986,0.2043025642633438,0.14320720732212067,0.12061484158039093,0.17041142284870148,0.20669446885585785,0.2215656340122223,0.09238085895776749,0.2811015546321869,0.23450908064842224,0.23198610544204712,0.11627189815044403,0.3341081738471985,0.1987597793340683,0.38878199458122253,0.1431729793548584,0.403720885515213,0.20666798949241638,0.5406565070152283,0.14551910758018494,0.5480989217758179,0.19889411330223083,0.6564347147941589,0.15140865743160248,0.6524361968040466,0.16380208333333332,0.3592592592592593,0.17239583333333333,0.7064814814814815,0.4338138925294889,0.8938285708427429,0.9411764705882353,-176.38562385649186,169.63788977383655,171.40361419252434,167.9041290283203,175.92430114746094,172.41331481933594,171.90151977539062,84.366023281036,22.93871404389166,-604.4461975097656,18.308089981740636,ABNOR_W,W11W23
WD_In_W11W23_0003_20210101_12.mp4,1885,0,0.8770427703857422,0.1970251202583313,0.07231748104095459,0.2029414176940918,0.05540195107460022,0.18546074628829956,0.056702613830566406,0.2067716270685196,0.062479909509420395,0.16009482741355896,0.06605523079633713,0.20394554734230042,0.1359410583972931,0.12444687634706497,0.16526760160923004,0.20268797874450684,0.22057148814201355,0.09081156551837921,0.280242919921875,0.22475047409534454,0.25346729159355164,0.1141788512468338,0.34481364488601685,0.1937415599822998,0.37821149826049805,0.14386820793151855,0.396955281496048,0.19153815507888794,0.528008222579956,0.14915993809700012,0.5399088263511658,0.18152236938476562,0.6439629197120667,0.15588784217834473,0.656518280506134,0.1515625,0.3560185185185185,0.1484375,0.7046296296296296,0.3745072273324573,0.8803086280822754,0.9411764705882353,-178.01987031066264,168.27733489749457,168.0632498106126,172.76783752441406,177.90855407714844,177.21588134765625,175.28904724121094,18.255250665411786,-7.192851303634027,-680.9743499755859,1.6342464541707784,ABNOR_W,W11W23
WD_In_W11W23_0003_20210101_12.mp4,2041,0,0.9088999032974243,0.372808575630188,0.1520761400461197,0.3760923743247986,0.13510221242904663,0.3667214512825012,0.1369926929473877,0.36462652683258057,0.12406425178050995,0.3349446952342987,0.12669388949871063,0.3413926959037781,0.1957617849111557,0.28994888067245483,0.21365047991275787,0.33358529210090637,0.3083135187625885,0.2511250674724579,0.32922667264938354,0.33585378527641296,0.4014074504375458,0.25119391083717346,0.40934687852859497,0.3245941400527954,0.4384092688560486,0.29235777258872986,0.4505966901779175,0.31368428468704224,0.5870664715766907,0.3204910159111023,0.599307656288147,0.28868550062179565,0.7154449224472046,0.3426361382007599,0.7617616653442383,0.312890625,0.42662037037037037,0.16328125,0.788425925925926,0.36817381092190254,0.8521260619163513,0.8823529411764706,176.9467228751337,168.93269891193404,167.99424397142457,168.33847045898438,175.03353881835938,179.5826873779297,162.44651794433594,245.1937441314289,47.25069930056807,-631.6419677734375,354.96659318579634,ABNOR_W,W11W23
WD_In_W11W23_0003_20210101_12.mp4,2197,0,0.9379404187202454,0.6455039978027344,0.2338947057723999,0.6456977725028992,0.21125586330890656,0.6445772051811218,0.21921348571777344,0.6219996809959412,0.1914447844028473,0.6185466647148132,0.20621435344219208,0.5814017057418823,0.2515455484390259,0.5544006824493408,0.2925015091896057,0.5531671047210693,0.3441545367240906,0.5156567692756653,0.40964701771736145,0.5486489534378052,0.38628309965133667,0.48518022894859314,0.4928264617919922,0.5569397211074829,0.5362206697463989,0.5293542742729187,0.5568737387657166,0.5637875199317932,0.7041968703269958,0.51926589012146,0.7187132239341736,0.5597274303436279,0.8383398056030273,0.49237117171287537,0.8559175729751587,0.5674479166666667,0.4997685185185185,0.20572916666666666,0.8134259259259259,0.4496300512236767,0.7613455653190613,0.7647058823529411,170.89269377817553,139.52859627826663,157.16205404275644,172.77479553222656,167.11131286621094,167.16920471191406,176.7633514404297,380.402219474711,84.67750974311491,-675.3294372558594,6.054029096958175,ABNOR_W,W11W23
WD_In_W11W23_0003_20210101_12.mp4,2353,0,0.9372046589851379,0.849974513053894,0.2693052589893341,0.8507851362228394,0.24510955810546875,0.8498029708862305,0.255461722612381,0.8242897391319275,0.21873487532138824,0.8218935132026672,0.23873361945152283,0.769976794719696,0.26610425114631653,0.7532110214233398,0.3096188008785248,0.714861273765564,0.3817492127418518,0.7020484805107117,0.4078049659729004,0.6688718795776367,0.47655996680259705,0.6635679006576538,0.4916391968727112,0.7174302339553833,0.5414928793907166,0.7017048597335815,0.5605711340904236,0.7152395844459534,0.7286159992218018,0.7044222950935364,0.7350991368293762,0.6932252049446106,0.8633443117141724,0.6631792187690735,0.8754669427871704,0.758984375,0.5268518518518519,0.24505208333333334,0.7944444444444444,0.5483682983682984,0.7705020308494568,0.8823529411764706,160.63596456112177,124.40967813286731,145.68912923291148,164.9944610595703,150.8341064453125,162.45455932617188,158.3685760498047,283.55988113270035,3.7229568751201003,-608.52978515625,10.25672921705376,ABNOR_W,W11W23
WD_In_W11W23_0003_20210101_12.mp4,2509,0,0.9333018064498901,0.8534107208251953,0.2454819530248642,0.8580473065376282,0.2254091501235962,0.8504114151000977,0.22873781621456146,0.8445448279380798,0.20450304448604584,0.8209854364395142,0.20863212645053864,0.8021847605705261,0.26204293966293335,0.7573562264442444,0.29674121737480164,0.7698625326156616,0.3627237379550934,0.7128375768661499,0.4124339520931244,0.755448579788208,0.44128820300102234,0.6839001178741455,0.5017580986022949,0.7582353353500366,0.5436411499977112,0.7268015146255493,0.5588919520378113,0.7316628694534302,0.7261866331100464,0.7117977142333984,0.732604444026947,0.7001287937164307,0.8578903675079346,0.6816079616546631,0.8764558434486389,0.773046875,0.5215277777777778,0.22161458333333334,0.8282407407407407,0.475684740078256,0.7562142014503479,0.7647058823529411,166.30994649077573,156.47229255662302,164.7351887124762,171.45162963867188,168.26904296875,179.00161743164062,177.02301025390625,21.21051058665262,0.19464188706540528,-660.4947509765625,5.673981929653962,ABNOR_W,W11W23
WD_In_W11W23_0003_20210101_12.mp4,2665,0,0.9349981546401978,0.8564180135726929,0.25355201959609985,0.858618974685669,0.2318258136510849,0.8546492457389832,0.23851126432418823,0.8380603790283203,0.20979425311088562,0.8260692358016968,0.22230058908462524,0.7894992232322693,0.2676437795162201,0.7611822485923767,0.3086359202861786,0.7359158396720886,0.38455405831336975,0.7141884565353394,0.42193496227264404,0.6992817521095276,0.4775060713291168,0.6829460859298706,0.5034008026123047,0.7478058338165283,0.5511850714683533,0.7257490158081055,0.5689940452575684,0.7286321520805359,0.7261332869529724,0.7110214233398438,0.73325514793396,0.7002103924751282,0.8596739172935486,0.6820676922798157,0.877520740032196,0.773046875,0.5263888888888889,0.22734375,0.8194444444444444,0.49322033898305084,0.7564828991889954,0.7647058823529411,165.85085864013547,140.84458687319275,155.57394091757408,170.30015563964844,169.42025756835938,176.37515258789062,175.45530700683594,4.033807145601229,7.321428437439972,-662.12109375,0.4590878506402589,ABNOR_W,W11W23
WD_In_W11W23_0003_20210101_12.mp4,2821,0,0.9324495196342468,0.6937053799629211,0.24760638177394867,0.7019777894020081,0.2318636178970337,0.6922397613525391,0.22735756635665894,0.7355085015296936,0.22702167928218842,0.7031043171882629,0.21503999829292297,0.7918058037757874,0.33134782314300537,0.7152706980705261,0.2931711971759796,0.8364675641059875,0.48209166526794434,0.7097881436347961,0.4066784381866455,0.7951070666313171,0.5142292380332947,0.6960089802742004,0.4943082332611084,0.772121787071228,0.5674241781234741,0.7226487994194031,0.5381134152412415,0.7490518689155579,0.7286934852600098,0.7006899118423462,0.6899347901344299,0.7393055558204651,0.8784612417221069,0.6982437968254089,0.832611083984375,0.7548177083333333,0.5256944444444445,0.20078125,0.8087962962962963,0.4413279908414425,0.8382153511047363,0.9411764705882353,177.3959183771754,-164.3268538884592,-161.56889482351002,172.33050537109375,167.3256378173828,174.162841796875,162.51455688476562,26.9085586410686,-6.077196852781515,-659.1508178710938,11.545059737039935,ABNOR_W,W11W23
WD_In_W11W23_0003_20210101_12.mp4,2977,0,0.9312662482261658,0.7061038613319397,0.21773695945739746,0.7064014077186584,0.20322635769844055,0.710367739200592,0.1952311247587204,0.7264630198478699,0.20234130322933197,0.7414914965629578,0.18260404467582703,0.7854379415512085,0.30454879999160767,0.7582283020019531,0.265256404876709,0.8095323443412781,0.44424399733543396,0.7661975622177124,0.39644503593444824,0.8312841653823853,0.5382139682769775,0.7654102444648743,0.49160343408584595,0.77464359998703,0.5733540654182434,0.7538915872573853,0.5469817519187927,0.7497844696044922,0.728846549987793,0.732765257358551,0.7071266174316406,0.7404480576515198,0.8893593549728394,0.7293893098831177,0.8502816557884216,0.7643229166666666,0.5131944444444444,0.17083333333333334,0.8319444444444445,0.36505286588759045,0.712557852268219,0.7647058823529411,177.20266420073045,-140.9135962129571,-144.44118138327622,170.03759765625,169.20196533203125,168.21726989746094,168.368896484375,17.441794536537664,6.139883480299174,-739.65087890625,0.19325417644495246,ABNOR_W,W11W23
WD_In_W11W23_0003_20210101_12.mp4,3133,0,0.9235257506370544,0.6011018753051758,0.11482565104961395,0.5982571840286255,0.10266399383544922,0.6098579168319702,0.09813544154167175,0.602827250957489,0.1137675791978836,0.6517904996871948,0.09806518256664276,0.6130637526512146,0.2140205055475235,0.6813592314720154,0.1926780343055725,0.6241136789321899,0.3460410237312317,0.7004639506340027,0.32607999444007874,0.6538991928100586,0.4460151195526123,0.6919006705284119,0.43399110436439514,0.6298164129257202,0.46193161606788635,0.6707746982574463,0.44612112641334534,0.6220199465751648,0.6210008263587952,0.6329189538955688,0.601414680480957,0.6330970525741577,0.7752565741539001,0.6201133728027344,0.7415947914123535,0.6502604166666667,0.4074074074074074,0.13177083333333334,0.7870370370370371,0.29764705882352943,0.7839932441711426,0.8235294117647058,-178.74701070102373,-9.96973844717795,-12.250642184799224,167.7449493408203,165.7940216064453,168.16978454589844,160.8157958984375,189.8618353290732,-88.11135552279497,-732.6735534667969,355.9496749017542,ABNOR_W,W11W23
WD_In_W11W23_0003_20210101_12.mp4,3289,0,0.9191691875457764,0.4328117370605469,0.07110673934221268,0.4300841689109802,0.05966152623295784,0.43915367126464844,0.05273505300283432,0.4362984895706177,0.06350547075271606,0.4762454330921173,0.0455380342900753,0.45892781019210815,0.15597912669181824,0.5043023824691772,0.1229296624660492,0.48211681842803955,0.2679624557495117,0.5295567512512207,0.2384783923625946,0.5100016593933105,0.340099036693573,0.5347940921783447,0.32923972606658936,0.48612865805625916,0.3645241856575012,0.514785885810852,0.35045212507247925,0.47827595472335815,0.512100875377655,0.48236021399497986,0.49154359102249146,0.515281081199646,0.6314524412155151,0.48051178455352783,0.6163891553878784,0.48268229166666665,0.3363425925925926,0.12682291666666667,0.6625,0.3403214535290007,0.767512321472168,0.8235294117647058,-171.26578680878922,-22.27929739134237,-15.440920226637749,145.73239135742188,159.28428649902344,161.54115295410156,153.09368896484375,254.15082922748707,-80.10854878610617,-618.5838470458984,7.48122389223451,ABNOR_W,W11W23
WD_In_W11W23_0003_20210101_12.mp4,3445,0,0.9190918207168579,0.33099135756492615,0.04179555922746658,0.32833337783813477,0.031167857348918915,0.33649682998657227,0.026426145806908607,0.33096644282341003,0.03361990302801132,0.36678916215896606,0.020771006122231483,0.3433040976524353,0.10823716223239899,0.3962570130825043,0.08820109814405441,0.36598697304725647,0.21717356145381927,0.4210070073604584,0.20245598256587982,0.3956032693386078,0.29256460070610046,0.41763585805892944,0.28740713000297546,0.3630293905735016,0.3109138011932373,0.3992462158203125,0.3023887574672699,0.35691800713539124,0.4394533932209015,0.4053975045681,0.43780484795570374,0.3549874722957611,0.5587631464004517,0.4137994945049286,0.5648301839828491,0.37604166666666666,0.29953703703703705,0.11614583333333334,0.5861111111111111,0.3522906793048973,0.7644522786140442,0.8235294117647058,-174.46706685325287,-12.015313353378222,-7.542437529303638,176.81634521484375,177.9103240966797,165.35247802734375,176.80438232421875,160.25572724321177,-42.185035614705384,-572.0883483886719,3.201280044463658,ABNOR_W,W11W23
WD_In_W11W23_0003_20210101_12.mp4,3601,0,0.9277709722518921,0.22151589393615723,0.024032549932599068,0.21834345161914825,0.014458953402936459,0.22580862045288086,0.010342195630073547,0.21737834811210632,0.01473821047693491,0.24842830002307892,0.0031616634223610163,0.2245440036058426,0.07615087181329727,0.2783408463001251,0.055068906396627426,0.24271483719348907,0.17775999009609222,0.30666008591651917,0.15911678969860077,0.2766053080558777,0.24606060981750488,0.3030299246311188,0.23573888838291168,0.2544283866882324,0.2641512453556061,0.2903997600078583,0.2543005347251892,0.2532367408275604,0.387246310710907,0.293683260679245,0.3736768066883087,0.2690388560295105,0.5046031475067139,0.3165135085582733,0.48704856634140015,0.26731770833333335,0.26458333333333334,0.12734375,0.5291666666666667,0.42782152230971127,0.7606618404388428,0.8235294117647058,-169.10046689258783,-12.431086032510292,-8.7570210873906,165.5519561767578,163.10208129882812,163.23403930664062,176.6578826904297,163.05600652046002,-39.369270858354156,-508.0176086425781,5.366599960665042,ABNOR_W,W11W23
WD_In_W11W23_0003_20210101_12.mp4,3757,0,0.9186174869537354,0.15105292201042175,0.0048539903946220875,0.14783267676830292,0.0,0.15516239404678345,0.0,0.14671453833580017,0.0004851447301916778,0.1756286323070526,0.0,0.15087123215198517,0.05396239086985588,0.20359043776988983,0.03507773205637932,0.1766366958618164,0.14372260868549347,0.23365168273448944,0.12583118677139282,0.21299795806407928,0.20526175200939178,0.23757344484329224,0.201572984457016,0.18775661289691925,0.23078152537345886,0.22420048713684082,0.22058622539043427,0.19141168892383575,0.34784266352653503,0.2187788039445877,0.33000999689102173,0.20963826775550842,0.4622047543525696,0.23146657645702362,0.4392023980617523,0.19296875,0.2423611111111111,0.1125,0.4837962962962963,0.4133971291866029,0.7225544452667236,0.7647058823529411,-164.2460236891686,-11.392232832476926,-8.94280742224166,167.3578338623047,163.2946014404297,162.82965087890625,163.7933349609375,111.22047959294626,-27.833555370305895,-476.9925537109375,4.854443203419237,ABNOR_W,W11W23
WD_In_W11W23_0003_20210101_12.mp4,3913,0,0.9023731350898743,0.12141476571559906,0.01283790823072195,0.12530943751335144,0.004551993682980537,0.11752136796712875,0.004849073477089405,0.13779349625110626,0.0,0.11360593140125275,0.0,0.16074714064598083,0.03404885530471802,0.10933093726634979,0.037135761231184006,0.19098606705665588,0.11201059818267822,0.1184798926115036,0.11482571810483932,0.19191141426563263,0.16026818752288818,0.12336669117212296,0.18327638506889343,0.17034755647182465,0.20938001573085785,0.13607364892959595,0.21192191541194916,0.17381300032138824,0.3211292624473572,0.14183355867862701,0.3202328085899353,0.1855713427066803,0.43224889039993286,0.15993933379650116,0.4197785258293152,0.15208333333333332,0.23564814814814813,0.109375,0.46944444444444444,0.41420118343195267,0.6690735220909119,0.7058823529411765,-169.54436956103496,178.0657904911546,177.61115149434886,172.50157165527344,167.48216247558594,177.59555053710938,170.1842041015625,60.594990081871316,-12.479279244706596,-427.27620697021484,5.29834587186636,ABNOR_W,W11W23
WD_In_W11W23_0003_20210101_12.mp4,4069,0,0.902385950088501,0.15887168049812317,0.0047526890411973,0.16224297881126404,0.0,0.15340843796730042,0.0,0.16990914940834045,0.0,0.14156676828861237,0.0,0.18793626129627228,0.0376415029168129,0.11880209296941757,0.03928876295685768,0.19467787444591522,0.1213817447423935,0.10983073711395264,0.1246524378657341,0.17742963135242462,0.15393733978271484,0.12079133838415146,0.18703080713748932,0.1818104237318039,0.2150297313928604,0.13920070230960846,0.22046756744384766,0.1875878870487213,0.33256593346595764,0.14804193377494812,0.3430165946483612,0.18243631720542908,0.42218154668807983,0.15997830033302307,0.4466935992240906,0.15299479166666666,0.24513888888888888,0.11276041666666667,0.4847222222222222,0.41356255969436484,0.6535359621047974,0.7058823529411765,-175.9522367701688,179.2321282069499,175.8940170245007,169.1707000732422,175.74130249023438,171.49269104003906,175.99008178710938,7.989486877866086,5.88974016609441,-460.07127380371094,6.407867209133855,ABNOR_W,W11W23
WD_In_W11W23_0003_20210101_12.mp4,4225,0,0.9120636582374573,0.11851108819246292,0.010239283554255962,0.1271170675754547,0.0,0.10956612229347229,0.0,0.1435980647802353,0.007130199111998081,0.09661529958248138,0.01081076730042696,0.16655883193016052,0.07847173511981964,0.07932532578706741,0.09261027723550797,0.18096718192100525,0.16710349917411804,0.07362546026706696,0.19735537469387054,0.17696622014045715,0.21139422059059143,0.10004866868257523,0.25801748037338257,0.16601350903511047,0.29056891798973083,0.11467918008565903,0.30376356840133667,0.18027596175670624,0.4105718731880188,0.1296607255935669,0.44099554419517517,0.17995409667491913,0.5094115138053894,0.15005913376808167,0.5430533289909363,0.128515625,0.2965277777777778,0.14140625,0.586574074074074,0.42857142857142855,0.746826708316803,0.7647058823529411,-171.68194444281468,174.79084315614122,171.77309078371775,167.7377471923828,171.42189025878906,167.8075408935547,174.40740966796875,55.8795467642135,65.90165480072572,-619.7622375488281,4.270292327354127,ABNOR_W,W11W23
WD_In_W11W23_0003_20210101_12.mp4,4381,0,0.9174493551254272,0.1900131106376648,0.10152113437652588,0.19721966981887817,0.08357997238636017,0.1796245276927948,0.08594533801078796,0.2023189514875412,0.07184851169586182,0.1551336944103241,0.07737189531326294,0.20902514457702637,0.13270731270313263,0.12451398372650146,0.1592147797346115,0.21442346274852753,0.21565666794776917,0.10407416522502899,0.26467376947402954,0.23862262070178986,0.2266807109117508,0.12458952516317368,0.3239237368106842,0.2079559862613678,0.3721133768558502,0.15190401673316956,0.38774245977401733,0.21916677057743073,0.5227669477462769,0.1592021882534027,0.538151204586029,0.22220131754875183,0.6539400219917297,0.17201609909534454,0.6403309106826782,0.17643229166666666,0.35717592592592595,0.17317708333333334,0.7097222222222223,0.4337899543378995,0.9117366075515747,0.9411764705882353,-174.28950004024813,169.9941785580186,171.086184908689,174.81903076171875,172.36209106445312,172.00906372070312,172.90185546875,86.80608428490764,68.70299683086328,-601.358642578125,2.6075555974334463,ABNOR_W,W11W23
WD_In_W11W23_0003_20210101_12.mp4,4537,0,0.9203510880470276,0.3314109146595001,0.14557814598083496,0.33575424551963806,0.12775331735610962,0.3235537111759186,0.13007321953773499,0.3315761983394623,0.11422839760780334,0.2931155562400818,0.11756740510463715,0.3118319511413574,0.1853189468383789,0.24937467277050018,0.20746663212776184,0.3046656548976898,0.2852480709552765,0.20949921011924744,0.3304165303707123,0.3122849464416504,0.36951276659965515,0.21761222183704376,0.39473140239715576,0.30467233061790466,0.4413149058818817,0.2593410909175873,0.4555443525314331,0.306479275226593,0.5969586372375488,0.26946964859962463,0.6087687015533447,0.29090335965156555,0.7193211913108826,0.2464362233877182,0.711734414100647,0.2708333333333333,0.40046296296296297,0.14895833333333333,0.7592592592592593,0.348780487804878,0.8220602869987488,0.9411764705882353,-179.43284481728207,168.7195116273418,169.98656963907376,166.06642150878906,151.6104278564453,175.9712371826172,177.3828887939453,143.8202564560039,56.843532308724306,-654.1592102050781,5.1433447770339455,ABNOR_W,W11W23
WD_In_W11W23_0003_20210101_12.mp4,4693,0,0.9238158464431763,0.4624294340610504,0.1798023283481598,0.4669609069824219,0.16163940727710724,0.45750418305397034,0.16169705986976624,0.4571051597595215,0.1481964886188507,0.42659005522727966,0.14534585177898407,0.42442619800567627,0.21804127097129822,0.37534523010253906,0.24328260123729706,0.40789663791656494,0.3245069086551666,0.3369317352771759,0.35982853174209595,0.41181716322898865,0.40419286489486694,0.325906366109848,0.4370797872543335,0.4124238193035126,0.4762899875640869,0.37702494859695435,0.4956071674823761,0.41370269656181335,0.6454240679740906,0.3872809410095215,0.6637716293334961,0.39716213941574097,0.7774335145950317,0.38399744033813477,0.8025396466255188,0.39791666666666664,0.45208333333333334,0.16979166666666667,0.8106481481481481,0.3723586521987436,0.77269446849823,0.7647058823529411,177.94152467412894,163.8657901919297,162.93580709698108,166.67208862304688,171.4031982421875,174.50656127929688,174.49005126953125,192.38121380403186,31.145628006251204,-661.2759094238281,357.374369491411,ABNOR_W,W11W23
WD_In_W11W23_0003_20210101_12.mp4,4849,0,0.919876754283905,0.46880969405174255,0.16545350849628448,0.4711478650569916,0.14598432183265686,0.4618385434150696,0.15040720999240875,0.4575781226158142,0.13528968393802643,0.42851608991622925,0.14364443719387054,0.43180593848228455,0.21787606179714203,0.38432130217552185,0.24413497745990753,0.42962220311164856,0.34232059121131897,0.3526611328125,0.37363943457603455,0.4345225393772125,0.45041537284851074,0.34492722153663635,0.4671475887298584,0.42544183135032654,0.48016616702079773,0.39243200421333313,0.4950430393218994,0.41696131229400635,0.6520970463752747,0.3923306465148926,0.6609396934509277,0.39991599321365356,0.7783740758895874,0.38503867387771606,0.8012875318527222,0.40716145833333334,0.45,0.15442708333333333,0.8222222222222222,0.3338963963963964,0.8207418322563171,0.8823529411764706,-179.65334856666016,162.72109583680663,165.77477945541784,171.51719665527344,174.7849578857422,177.4582977294922,176.64869689941406,13.747243438404062,1.374193763806185,-695.8463745117188,357.59487324078907,ABNOR_W,W11W23
WD_In_W11W23_0003_20210101_12.mp4,5005,0,0.9206203818321228,0.47170552611351013,0.16917923092842102,0.4741535186767578,0.15058614313602448,0.4660344123840332,0.1525418609380722,0.45872315764427185,0.14011023938655853,0.4328465461730957,0.14281150698661804,0.4314565658569336,0.2203414887189865,0.3860265612602234,0.24532803893089294,0.4263521134853363,0.3417527973651886,0.3544057011604309,0.37521132826805115,0.4310076832771301,0.44293713569641113,0.3451853394508362,0.463919997215271,0.42580655217170715,0.4881891906261444,0.3937886953353882,0.5025730729103088,0.41663631796836853,0.6562173366546631,0.3925915062427521,0.6654649972915649,0.4001616835594177,0.7778159379959106,0.3847831189632416,0.8014441728591919,0.40924479166666666,0.45023148148148145,0.15755208333333334,0.8208333333333333,0.34122955442752395,0.7939329147338867,0.8235294117647058,-179.5903007275313,162.80920507184598,165.81820656327181,171.99929809570312,174.91970825195312,176.60585021972656,176.1808319091797,3.079373711463964,6.453055031153957,-704.5960998535156,0.06304783912887046,ABNOR_W,W11W23
WD_In_W11W23_0003_20210101_12.mp4,5161,0,0.9200770854949951,0.4779241979122162,0.16867536306381226,0.47877731919288635,0.14885063469409943,0.47275277972221375,0.15346786379814148,0.4600647985935211,0.13746106624603271,0.4406370520591736,0.14634230732917786,0.4342106878757477,0.21733997762203217,0.39279690384864807,0.24582545459270477,0.4279637336730957,0.3425348401069641,0.36204612255096436,0.3717038631439209,0.43180352449417114,0.45301610231399536,0.3493003249168396,0.464525043964386,0.4263663589954376,0.48517122864723206,0.39619332551956177,0.5001371502876282,0.4168446660041809,0.6559779047966003,0.39422112703323364,0.663027286529541,0.4004839360713959,0.7789442539215088,0.38450202345848083,0.8002403974533081,0.4153645833333333,0.45069444444444445,0.159375,0.8189814814814815,0.34595816845675526,0.7875123023986816,0.8235294117647058,179.13237935448723,158.8484418216101,164.41079676430525,172.35189819335938,174.05596923828125,177.32086181640625,177.40692138671875,9.039687537539644,-2.263719352000865,-699.7942810058594,358.72268008201854,ABNOR_W,W11W23
WD_In_W11W23_0003_20210101_12.mp4,5317,0,0.9379258155822754,0.5972253680229187,0.21938006579875946,0.5948652625083923,0.1967272162437439,0.5972671508789062,0.204978346824646,0.5624709725379944,0.18148396909236908,0.5716543197631836,0.1979861855506897,0.5178210139274597,0.249003067612648,0.5048717856407166,0.27882277965545654,0.4698742926120758,0.371324747800827,0.4643586277961731,0.395326167345047,0.4277716875076294,0.46127980947494507,0.42993488907814026,0.47204890847206116,0.4927612543106079,0.5195732116699219,0.47155362367630005,0.5361660122871399,0.5110030770301819,0.6755074858665466,0.47024452686309814,0.6921147704124451,0.4954862594604492,0.8192047476768494,0.4528699219226837,0.835747480392456,0.510546875,0.4888888888888889,0.21380208333333334,0.8009259259259259,0.4745664739884393,0.8029999136924744,0.8823529411764706,168.87800599802435,127.6682114750955,156.245785548494,157.38478088378906,168.7183380126953,158.9014434814453,167.8930206298828,143.94744889370367,29.22214620900163,-666.3373718261719,10.254373356462878,ABNOR_W,W11W23
WD_In_W11W23_0003_20210101_12.mp4,5473,0,0.9358334541320801,0.7869892120361328,0.2125091552734375,0.7802610993385315,0.18907275795936584,0.7878233194351196,0.1998935341835022,0.7344675064086914,0.1771259307861328,0.7678951621055603,0.20368094742298126,0.6822960376739502,0.25662142038345337,0.709006667137146,0.29742303490638733,0.6463330984115601,0.40979674458503723,0.6512577533721924,0.3996557593345642,0.6079316735267639,0.5044952630996704,0.6180676817893982,0.47798681259155273,0.646723747253418,0.5383565425872803,0.6584326028823853,0.5577903985977173,0.6527435183525085,0.7055495381355286,0.6394633054733276,0.7240291833877563,0.6325856447219849,0.8513286113739014,0.5695520639419556,0.8453739285469055,0.6772135416666667,0.5064814814814815,0.26640625,0.8083333333333333,0.5859106529209622,0.778093159198761,0.8235294117647058,164.22449891444523,40.67057821920282,43.03372752192712,162.52662658691406,145.78118896484375,163.68634033203125,172.41665649414062,246.39782185949994,16.77186043788432,-724.8189086914062,4.653507083579115,ABNOR_W,W11W23
WD_In_W11W23_0003_20210101_12.mp4,5629,0,0.9153391122817993,0.8245254755020142,0.20884428918361664,0.8204910159111023,0.18480709195137024,0.8230370283126831,0.19387240707874298,0.7777888178825378,0.17016054689884186,0.7952858209609985,0.1916695237159729,0.7217957377433777,0.25437527894973755,0.7466135621070862,0.29292869567871094,0.6965411901473999,0.4141666889190674,0.6954379677772522,0.3977048993110657,0.6674000024795532,0.517546534538269,0.66997230052948,0.47901418805122375,0.6945701837539673,0.5465128421783447,0.7159711122512817,0.5656288266181946,0.6863120794296265,0.703522264957428,0.7053149342536926,0.7182639241218567,0.6677055954933167,0.8612781167030334,0.6805278658866882,0.8780388832092285,0.7444010416666667,0.5041666666666667,0.20182291666666666,0.8388888888888889,0.42770419426048567,0.8339338302612305,0.8823529411764706,169.67762104527023,41.14754760917796,26.67687528405607,173.4995880126953,171.65625,175.93446350097656,175.7781982421875,99.1350153915099,6.636324635936899,-750.0093688964844,5.453122130824994,ABNOR_W,W11W23
WD_In_W11W23_0003_20210101_12.mp4,5785,0,0.9127969741821289,0.8276330828666687,0.21388939023017883,0.8238398432731628,0.18985828757286072,0.8283845782279968,0.1985461711883545,0.78135085105896,0.17305094003677368,0.8069307208061218,0.19304803013801575,0.7259773015975952,0.25504982471466064,0.755379855632782,0.2912406921386719,0.6996281147003174,0.41389328241348267,0.7015048861503601,0.394226998090744,0.6688867211341858,0.5189796686172485,0.6745954751968384,0.47833675146102905,0.6968870162963867,0.5451422929763794,0.7219522595405579,0.5632680654525757,0.686269998550415,0.7035731077194214,0.7076615691184998,0.7170703411102295,0.6672983169555664,0.863053560256958,0.6811426877975464,0.8782220482826233,0.7494791666666667,0.5057870370370371,0.20833333333333334,0.8393518518518519,0.441257584114727,0.8105500340461731,0.8823529411764706,168.81566951971826,34.697477573738986,22.134977233643575,174.85267639160156,173.07289123535156,176.68563842773438,177.05648803710938,7.611069057302708,-1.5481545107208028,-735.0820922851562,0.861951525551973,ABNOR_W,W11W23
WD_In_W11W23_0003_20210101_12.mp4,5941,0,0.9300390481948853,0.6753280758857727,0.18128153681755066,0.6720359921455383,0.1661369353532791,0.6850079894065857,0.16533254086971283,0.6705721616744995,0.1706380844116211,0.7255285382270813,0.16520577669143677,0.6483194231987,0.2683349847793579,0.7581111192703247,0.27646392583847046,0.6340954303741455,0.4178015887737274,0.7728117108345032,0.43209245800971985,0.6670894622802734,0.5392053127288818,0.7396053671836853,0.5415807962417603,0.6598795652389526,0.5530151128768921,0.7298426032066345,0.556969940662384,0.6450985670089722,0.7218475341796875,0.7192791104316711,0.7373799681663513,0.649846613407135,0.8798530101776123,0.7003310322761536,0.9067423939704895,0.7026041666666667,0.5048611111111111,0.17447916666666666,0.8736111111111111,0.35506094329623744,0.7935813665390015,0.8235294117647058,176.9915461911968,2.384831702558767,1.8211848153778636,168.09542846679688,174.69369506835938,167.0242919921875,175.78546142578125,69.18182581406485,0.6536063004419678,-807.2157592773438,8.175876671478534,ABNOR_W,W11W23
WD_In_W11W23_0003_20210101_12.mp4,6097,0,0.9268122315406799,0.6597522497177124,0.18735995888710022,0.6601150631904602,0.17115873098373413,0.665990948677063,0.1657750904560089,0.6809331178665161,0.17593061923980713,0.7078865766525269,0.16032172739505768,0.7065047025680542,0.29018184542655945,0.7414249181747437,0.2549983263015747,0.7359464764595032,0.438904345035553,0.7652003169059753,0.4054414629936218,0.7638007998466492,0.5371368527412415,0.7821053862571716,0.5175740122795105,0.7087949514389038,0.5611234903335571,0.7367788553237915,0.5461351275444031,0.6985145211219788,0.7303656935691833,0.7222492694854736,0.7232667803764343,0.6950204968452454,0.9055696129798889,0.7232747673988342,0.8865195512771606,0.7184895833333333,0.5048611111111111,0.16041666666666668,0.8726851851851852,0.32679045092838194,0.7999747395515442,0.8823529411764706,179.57308736772265,-29.54199720205871,-16.766469083102546,175.86695861816406,171.06349182128906,172.9755401611328,173.328369140625,23.434498655397615,-1.1312255390414905,-791.1417846679688,2.5815411765258602,ABNOR_W,W11W23
WD_In_W11W23_0003_20210101_12.mp4,6253,0,0.921636164188385,0.5306292176246643,0.19276806712150574,0.527519166469574,0.17720413208007812,0.5352519750595093,0.16870921850204468,0.5400352478027344,0.17036570608615875,0.5767350792884827,0.15034469962120056,0.5766245126724243,0.26881080865859985,0.6156820058822632,0.2259400337934494,0.6055976152420044,0.40190041065216064,0.6476758718490601,0.3688766658306122,0.6376752853393555,0.48642492294311523,0.6596988439559937,0.4717392325401306,0.5888800024986267,0.522404134273529,0.621900200843811,0.5069291591644287,0.5605449080467224,0.6713321805000305,0.6096561551094055,0.6753125190734863,0.540344774723053,0.8343360424041748,0.6166855096817017,0.8341548442840576,0.5807291666666666,0.4666666666666667,0.17708333333333334,0.8148148148148148,0.38636363636363635,0.786104142665863,0.8823529411764706,-176.48444759203613,-31.691906057791282,-14.768145455612547,173.7367401123047,168.13575744628906,156.4018096923828,170.3811798095703,205.76267514742466,-32.34408215134992,-695.3009643554688,356.05753495975875,ABNOR_W,W11W23
WD_In_W11W23_0003_20210101_12.mp4,6409,0,0.9333113431930542,0.3716680407524109,0.14546194672584534,0.36865344643592834,0.13310979306697845,0.37857070565223694,0.12424100190401077,0.3781607449054718,0.13485200703144073,0.4198354184627533,0.11259231716394424,0.4055422842502594,0.23003028333187103,0.4592282176017761,0.1972372829914093,0.4369587004184723,0.35503077507019043,0.4933241903781891,0.3382069170475006,0.4718582034111023,0.4483281672000885,0.49838021397590637,0.4483482539653778,0.42671921849250793,0.47642606496810913,0.4685856103897095,0.4618416130542755,0.4210837483406067,0.6314387321472168,0.4659969210624695,0.6183844804763794,0.4261857867240906,0.7828018069267273,0.488042950630188,0.7658500075340271,0.43307291666666664,0.4203703703703704,0.15989583333333332,0.7824074074074074,0.3633136094674556,0.7752543091773987,0.8235294117647058,-173.93623627637902,-18.96231195677149,-11.08668958212174,172.87271118164062,163.43226623535156,167.61471557617188,174.71864318847656,221.18740459272905,-37.78366927133356,-699.1312866210938,2.548211315657113,ABNOR_W,W11W23
WD_In_W11W23_0003_20210101_12.mp4,6565,0,0.9232351779937744,0.3301459550857544,0.12473025918006897,0.3268888592720032,0.11248959600925446,0.3361383378505707,0.10461940616369247,0.3303499221801758,0.1115935668349266,0.37094730138778687,0.09169407188892365,0.3466924726963043,0.19222818315029144,0.41163626313209534,0.16467700898647308,0.37267595529556274,0.316386342048645,0.44706758856773376,0.2955378293991089,0.4087187945842743,0.40933382511138916,0.44333747029304504,0.39988964796066284,0.3779643177986145,0.4386991858482361,0.42358240485191345,0.42363330721855164,0.3750019371509552,0.5951118469238281,0.4139866232872009,0.5719428658485413,0.38373565673828125,0.7483179569244385,0.4101514220237732,0.7163423299789429,0.3868489583333333,0.39444444444444443,0.15338541666666666,0.7620370370370371,0.3578371810449575,0.7863513231277466,0.8235294117647058,-171.35642025476142,-13.421494039097853,-10.523972280189207,172.2847137451172,176.14175415039062,165.360595703125,168.74996948242188,71.5037596744066,-31.505946695369524,-661.9017639160156,2.579816021617603,ABNOR_W,W11W23
WD_In_W11W23_0003_20210101_12.mp4,6721,0,0.9015858173370361,0.3274102509021759,0.1033945083618164,0.32510700821876526,0.09010984748601913,0.33393365144729614,0.0843290314078331,0.3348690867424011,0.09290686994791031,0.37332430481910706,0.07732217758893967,0.3559888005256653,0.19003380835056305,0.40933769941329956,0.15972955524921417,0.3772638440132141,0.31240716576576233,0.4367700517177582,0.2831524610519409,0.40768566727638245,0.4070596694946289,0.43689748644828796,0.3838879466056824,0.3767717182636261,0.4249756634235382,0.41394731402397156,0.4126567840576172,0.3790764808654785,0.5783394575119019,0.40753334760665894,0.5677514672279358,0.3902057707309723,0.7330480217933655,0.40883591771125793,0.7169240117073059,0.383984375,0.38333333333333336,0.13567708333333334,0.7583333333333333,0.31807081807081805,0.7779479026794434,0.8235294117647058,-174.71350343618178,-17.719812226544935,-10.55852810044004,174.24253845214844,174.90579223632812,172.59312438964844,173.9394073486328,10.146332653684924,-10.252146973782187,-681.3108978271484,3.3570831814203643,ABNOR_W,W11W23
WD_In_W11W23_0003_20210101_12.mp4,6877,0,0.9248121976852417,0.34238550066947937,0.11083420366048813,0.33924049139022827,0.09840770065784454,0.3497611880302429,0.09302054345607758,0.3433503210544586,0.09891223907470703,0.3859592080116272,0.08173671364784241,0.3524029850959778,0.18239551782608032,0.42505258321762085,0.15813471376895905,0.36970895528793335,0.3091079890727997,0.45703718066215515,0.2860274612903595,0.4097098410129547,0.3982011079788208,0.4501161575317383,0.3871488869190216,0.387755811214447,0.4250417947769165,0.436817467212677,0.40840473771095276,0.38123124837875366,0.5771604776382446,0.430450439453125,0.541598379611969,0.39632314443588257,0.7241199612617493,0.4358367919921875,0.6725133061408997,0.39674479166666665,0.3787037037037037,0.14557291666666666,0.7462962962962963,0.3467741935483871,0.7833867073059082,0.8235294117647058,-170.3554452996603,-10.638622381928823,-10.799247936669705,165.2931671142578,170.9590606689453,161.1181182861328,170.3653564453125,19.212446792239703,-1.7367585365743852,-660.7203674316406,4.3580581365214925,ABNOR_W,W11W23
WD_In_W11W23_0003_20210101_12.mp4,7033,0,0.9402272701263428,0.38773781061172485,0.0869799330830574,0.38679414987564087,0.0733795166015625,0.3964132070541382,0.07162615656852722,0.3908633291721344,0.07769597321748734,0.4332689344882965,0.07005210220813751,0.37936341762542725,0.15791134536266327,0.46955636143684387,0.1535138040781021,0.37833452224731445,0.2804199159145355,0.4881611764431,0.2833298444747925,0.40623530745506287,0.3684108257293701,0.466661274433136,0.37868714332580566,0.40389424562454224,0.4017120599746704,0.46096867322921753,0.3982439935207367,0.4011303186416626,0.5493996143341064,0.4583372175693512,0.5524572730064392,0.40770673751831055,0.6948018670082092,0.4471627473831177,0.6978144645690918,0.4309895833333333,0.3664351851851852,0.14114583333333333,0.7245370370370371,0.3463258785942492,0.7736794948577881,0.8235294117647058,-176.67956079087966,-1.5709904898936684,-1.9575913449470452,173.49734497070312,173.95530700683594,167.95277404785156,178.1680450439453,51.55402759192513,-13.900733378921263,-676.0758972167969,6.3241154912193736,ABNOR_W,W11W23
WD_In_W11W23_0003_20210101_12.mp4,7189,0,0.9231191277503967,0.36003583669662476,0.04432716220617294,0.3574856221675873,0.033811356872320175,0.3669545352458954,0.029709286987781525,0.3610800504684448,0.038080934435129166,0.4004555940628052,0.02465822361409664,0.36904916167259216,0.1155342161655426,0.4346628487110138,0.09814495593309402,0.38339945673942566,0.2302234172821045,0.4590747058391571,0.21005851030349731,0.4145791232585907,0.30914777517318726,0.449959933757782,0.2986566722393036,0.3942062258720398,0.33027878403663635,0.4355302155017853,0.319178968667984,0.39514464139938354,0.46454212069511414,0.42335790395736694,0.45311883091926575,0.4105423092842102,0.6016260981559753,0.4134107530117035,0.5746392011642456,0.40846354166666665,0.3189814814814815,0.12421875,0.6259259259259259,0.35281065088757396,0.7643688321113586,0.8235294117647058,-173.93973313459895,-8.479011786801285,-8.59183678155783,169.41928100585938,179.10211181640625,168.9473876953125,170.42271423339844,51.525629593876644,-62.4426344564865,-605.6676940917969,2.73982765628071,ABNOR_W,W11W23
WD_In_W11W23_0003_20210101_12.mp4,7345,0,0.898240327835083,0.33302441239356995,0.03784673660993576,0.33163902163505554,0.02463124506175518,0.3378315269947052,0.02239500731229782,0.34313124418258667,0.027931807562708855,0.37139585614204407,0.020666291937232018,0.37251147627830505,0.10550017654895782,0.3932291865348816,0.08531339466571808,0.3929714858531952,0.21319526433944702,0.4158898591995239,0.1951567828655243,0.41124269366264343,0.2910533547401428,0.42858821153640747,0.28159698843955994,0.3839864432811737,0.3141285479068756,0.4005436301231384,0.3061765134334564,0.38214683532714844,0.4461032450199127,0.39830997586250305,0.4369131326675415,0.38980576395988464,0.5727782845497131,0.3998320698738098,0.5636851191520691,0.38046875,0.3039351851851852,0.11302083333333333,0.600462962962963,0.3346183500385505,0.7582917213439941,0.8235294117647058,-175.5528263933322,-28.72647974615269,-15.117892121141805,172.44546508789062,177.03732299804688,172.99571228027344,174.89080810546875,43.144597474483675,-12.095629779641278,-588.1804962158203,1.6130932587332438,ABNOR_W,W11W23
WD_In_W11W23_0003_20210101_12.mp4,7501,0,0.9104665517807007,0.32543906569480896,0.0593915730714798,0.32360172271728516,0.047861140221357346,0.3301738500595093,0.042493246495723724,0.33030495047569275,0.04575479403138161,0.3611583113670349,0.031157324090600014,0.34898653626441956,0.11774878948926926,0.38579776883125305,0.09066183120012283,0.3741704821586609,0.22084911167621613,0.4121183753013611,0.20067822933197021,0.39612680673599243,0.2950682044029236,0.41658782958984375,0.2869357168674469,0.36764252185821533,0.3139859735965729,0.3925471007823944,0.3032516539096832,0.36960822343826294,0.44672632217407227,0.38528692722320557,0.4335389733314514,0.3874448239803314,0.5723429322242737,0.39497631788253784,0.5596743822097778,0.36875,0.305787037037037,0.11510416666666666,0.5958333333333333,0.3434343434343434,0.7645053863525391,0.7647058823529411,-173.6958357239194,-22.484992559311014,-13.628277973714422,167.34078979492188,166.5659637451172,171.9150848388672,171.11199951171875,17.36257801395314,-1.273176470323309,-538.3308410644531,1.8569906694127951,ABNOR_W,W11W23
WD_In_W11W23_0003_20210101_12.mp4,7657,0,0.9246380925178528,0.23290280997753143,0.03650959953665733,0.229765847325325,0.02676715888082981,0.23714762926101685,0.0211117435246706,0.2308710664510727,0.024738438427448273,0.2652897238731384,0.009673690423369408,0.24737001955509186,0.08848544210195541,0.29607707262039185,0.06724672019481659,0.2715776860713959,0.18762001395225525,0.32649585604667664,0.1676950752735138,0.3069833219051361,0.25864487886428833,0.33231452107429504,0.24220287799835205,0.2836785316467285,0.27985909581184387,0.31566518545150757,0.2713230848312378,0.28280898928642273,0.412252813577652,0.3034566044807434,0.4076666235923767,0.2977377474308014,0.5303090810775757,0.2999480366706848,0.5305262207984924,0.2779947916666667,0.2828703703703704,0.13151041666666666,0.5611111111111111,0.4166666666666667,0.7703095078468323,0.8235294117647058,-165.89432835554177,-13.78134383876109,-8.536921929258147,166.66111755371094,173.8614959716797,160.69227600097656,161.27149963378906,135.2277638539121,-27.40678996065237,-516.4160308837891,7.801507368377628,ABNOR_W,W11W23
WD_In_W11W23_0003_20210101_12.mp4,7813,0,0.9283065795898438,0.20992808043956757,0.04609205573797226,0.20624420046806335,0.03568915277719498,0.21355287730693817,0.030727745965123177,0.2102946788072586,0.025740094482898712,0.24198570847511292,0.011787605471909046,0.22689376771450043,0.08340787142515182,0.27398404479026794,0.06195015460252762,0.25289610028266907,0.176871195435524,0.3010377585887909,0.16155819594860077,0.2861214876174927,0.2507253885269165,0.30562594532966614,0.23878630995750427,0.2573849856853485,0.27244821190834045,0.2902918756008148,0.2631731629371643,0.26113149523735046,0.4018789529800415,0.29284197092056274,0.39475080370903015,0.27399399876594543,0.525833010673523,0.2981829345226288,0.5155901312828064,0.25442708333333336,0.2747685185185185,0.1265625,0.549537037037037,0.409435551811289,0.7640851140022278,0.8235294117647058,-167.96555753353485,-14.376296547149535,-9.008964324342374,172.49356079101562,177.4805908203125,166.94573974609375,173.7747344970703,35.42523489757808,-6.458748678900846,-478.9122619628906,2.071229177993075,ABNOR_W,W11W23
WD_In_W11W23_0003_20210101_12.mp4,7969,0,0.9238278269767761,0.12461955845355988,0.027622509747743607,0.1262780874967575,0.015864329412579536,0.12393852323293686,0.016980191692709923,0.14511771500110626,0.008969455026090145,0.13782531023025513,0.011039267294108868,0.1829870194196701,0.06474851071834564,0.1567012518644333,0.06661482900381088,0.2154272049665451,0.14263585209846497,0.17350725829601288,0.16620008647441864,0.2380795180797577,0.21121300756931305,0.1789996176958084,0.2559858560562134,0.21049924194812775,0.2501417100429535,0.18759140372276306,0.25092530250549316,0.20578403770923615,0.36625993251800537,0.18766556680202484,0.36636361479759216,0.21694180369377136,0.4914325177669525,0.2305992692708969,0.452856183052063,0.18450520833333334,0.26157407407407407,0.14817708333333332,0.5203703703703704,0.5062277580071174,0.8048729300498962,0.8823529411764706,-164.3132946350101,177.7129292621402,178.8977008430831,166.86622619628906,138.63818359375,161.09188842773438,163.47384643554688,103.72967084315653,-14.33681351745582,-481.48775482177734,3.6522628985247536,ABNOR_W,W11W23
WD_In_W11W23_0003_20210101_12.mp4,8125,0,0.9229450821876526,0.12757141888141632,0.02034536935389042,0.13397297263145447,0.0070073870010674,0.11880972236394882,0.00961990375071764,0.14842437207698822,0.0022691090125590563,0.107213594019413,0.009195094928145409,0.1761607676744461,0.0695112869143486,0.09629759937524796,0.07528076320886612,0.19443216919898987,0.16347411274909973,0.0982888713479042,0.16859547793865204,0.17246326804161072,0.2021614909172058,0.12351060658693314,0.21096093952655792,0.17321452498435974,0.2676489055156708,0.12557820975780487,0.27542808651924133,0.1868097484111786,0.38522034883499146,0.1367519497871399,0.40910160541534424,0.18818584084510803,0.4857173264026642,0.1570529043674469,0.517238438129425,0.143359375,0.2849537037037037,0.12786458333333334,0.5689814814814815,0.39951179820992677,0.7339188456535339,0.7058823529411765,-173.29589253370906,177.67300166845502,174.75163542699846,169.7779541015625,169.99610900878906,166.8692169189453,173.87399291992188,63.724240998788325,17.43019153830916,-542.5771636962891,8.98259789869897,ABNOR_W,W11W23
WD_In_W11W23_0003_20210101_12.mp4,8281,0,0.922482967376709,0.14598380029201508,0.0978471115231514,0.15380291640758514,0.07862497866153717,0.13379287719726562,0.08426907658576965,0.16300110518932343,0.056642089039087296,0.11125478893518448,0.06933601945638657,0.17952114343643188,0.11521405726671219,0.086662158370018,0.13681618869304657,0.18629877269268036,0.2180163562297821,0.08070161193609238,0.24568673968315125,0.18553391098976135,0.3014205992221832,0.10529544204473495,0.28706684708595276,0.17707829177379608,0.3445057272911072,0.12356219440698624,0.35994020104408264,0.19391576945781708,0.48218101263046265,0.14191484451293945,0.504139244556427,0.18894512951374054,0.604733407497406,0.16194838285446167,0.6120429635047913,0.13958333333333334,0.33194444444444443,0.15260416666666668,0.6583333333333333,0.4120956399437412,0.9047039151191711,1.0,-172.28903100372727,172.54483541964512,170.7852194416425,163.6094970703125,174.48301696777344,166.64857482910156,176.36550903320312,39.40449011224035,66.97864811022771,-549.4518432617188,1.0068615299817907,ABNOR_W,W11W23
WD_In_W11W23_0003_20210101_12.mp4,8437,0,0.9158234000205994,0.27289584279060364,0.1106506735086441,0.28042471408843994,0.09207823127508163,0.2624014914035797,0.09261760860681534,0.28482159972190857,0.08920533955097198,0.2370160073041916,0.08990012109279633,0.2739506661891937,0.16752013564109802,0.20175285637378693,0.19348695874214172,0.26980504393577576,0.2746659517288208,0.16899733245372772,0.3159894645214081,0.2799673080444336,0.37359416484832764,0.18843789398670197,0.37328168749809265,0.271758496761322,0.41924700140953064,0.22191062569618225,0.43550795316696167,0.2759241461753845,0.5760766863822937,0.21882860362529755,0.5846098065376282,0.2664942741394043,0.6987892985343933,0.20964251458644867,0.6878974437713623,0.23072916666666668,0.3787037037037037,0.15052083333333333,0.7546296296296297,0.35460122699386504,0.8835440278053284,0.9411764705882353,-176.29888968260917,168.56286755138532,169.60223613141258,169.51724243164062,173.119873046875,176.40940856933594,169.47286987304688,139.94678623483745,62.364107088725746,-684.1299133300781,4.009858678881898,ABNOR_W,W11W23
WD_In_W11W23_0003_20210101_12.mp4,8593,0,0.9140501022338867,0.415459543466568,0.16567958891391754,0.41871482133865356,0.14698651432991028,0.4098917245864868,0.14975222945213318,0.407568097114563,0.13463720679283142,0.3789594769477844,0.13805490732192993,0.3776741921901703,0.20386239886283875,0.3297725021839142,0.22654101252555847,0.363642156124115,0.30639636516571045,0.29375943541526794,0.33563029766082764,0.36634939908981323,0.3825119137763977,0.28334227204322815,0.4140371084213257,0.36751118302345276,0.45377445220947266,0.3346515893936157,0.47111976146698,0.36965876817703247,0.6229139566421509,0.35596662759780884,0.6376804113388062,0.3524318337440491,0.7543067932128906,0.3420027792453766,0.7785758376121521,0.35104166666666664,0.43425925925925923,0.16458333333333333,0.7935185185185185,0.3687281213535589,0.7724016904830933,0.7647058823529411,178.91171829404104,165.08763978057155,163.46267488243384,165.58636474609375,157.19056701660156,174.57177734375,169.2141876220703,183.44737681659157,29.11237383878387,-641.0178527832031,355.2106079766502,ABNOR_W,W11W23
WD_In_W11W23_0003_20210101_12.mp4,8749,0,0.936183750629425,0.574974000453949,0.2131281942129135,0.5761272311210632,0.19401852786540985,0.5719409584999084,0.19778092205524445,0.5552731156349182,0.1803324967622757,0.5427923202514648,0.18634825944900513,0.5235121250152588,0.25458917021751404,0.4823853373527527,0.2695471942424774,0.504451334476471,0.39834433794021606,0.43908122181892395,0.38549771904945374,0.500349223613739,0.513390839099884,0.4173576533794403,0.4711135923862457,0.4842691719532013,0.512406051158905,0.4612208604812622,0.5249078273773193,0.4646254777908325,0.6619062423706055,0.4794197976589203,0.6788445711135864,0.43855541944503784,0.7847475409507751,0.4872106611728668,0.8455117344856262,0.5005208333333333,0.49375,0.18958333333333333,0.8300925925925926,0.4060234244283324,0.8222121596336365,0.8823529411764706,168.18046348086514,168.43773606504774,163.0326032690994,172.47706604003906,172.88113403320312,178.0063934326172,159.74876403808594,225.9729769149729,46.64357991755306,-659.9421081542969,10.731254813175894,ABNOR_W,W11W23
WD_In_W11W23_0003_20210101_12.mp4,8905,0,0.9356793761253357,0.7006540298461914,0.23362316191196442,0.7013900876045227,0.21119560301303864,0.6992203593254089,0.21829292178153992,0.6747884154319763,0.19102655351161957,0.6702889800071716,0.2046726644039154,0.6255901455879211,0.2541746497154236,0.6044713258743286,0.2916003167629242,0.5743573307991028,0.3727388083934784,0.5606139898300171,0.40559813380241394,0.5395228266716003,0.4668095111846924,0.5327337980270386,0.48753470182418823,0.5878256559371948,0.5266391038894653,0.5785542130470276,0.5456046462059021,0.5776908993721008,0.7008461952209473,0.5950495004653931,0.7078738808631897,0.5562404990196228,0.8388692736625671,0.5787448883056641,0.8742573857307434,0.6180989583333333,0.5189814814814815,0.20807291666666666,0.8324074074074074,0.44438264738598443,0.7704897522926331,0.7647058823529411,167.86392800372454,135.0908299506009,130.9932827757344,170.46002197265625,159.87379455566406,172.0625457763672,159.4748992919922,174.7127998789609,14.492602060723202,-653.397216796875,0.31653547714060437,ABNOR_W,W11W23
WD_In_W11W23_0003_20210101_12.mp4,9061,0,0.916266918182373,0.7735452055931091,0.17824503779411316,0.7735058665275574,0.15987145900726318,0.7698932886123657,0.159027561545372,0.748334527015686,0.16034677624702454,0.7399953007698059,0.1587987244129181,0.7060703039169312,0.2632475793361664,0.6928426623344421,0.2915167212486267,0.6668897867202759,0.40288543701171875,0.6633017659187317,0.43322673439979553,0.6419074535369873,0.49892285466194153,0.6367952227592468,0.5323088765144348,0.6883583664894104,0.5600676536560059,0.6782175898551941,0.5733540654182434,0.6697446703910828,0.7354186773300171,0.6626222729682922,0.7425413727760315,0.6454663872718811,0.8633602857589722,0.6340941190719604,0.8842124938964844,0.700390625,0.5025462962962963,0.17734375,0.8708333333333333,0.3620414673046252,0.7664748430252075,0.7647058823529411,174.32640815899953,129.75552290075674,143.61030605630498,172.04481506347656,169.609619140625,175.36868286132812,175.9642791748047,122.20899855185603,25.392853416542565,-839.086181640625,6.462480155274989,ABNOR_W,W11W23
WD_In_W11W23_0003_20210101_12.mp4,9217,0,0.9170977473258972,0.7856770157814026,0.1839882731437683,0.7843596935272217,0.16490623354911804,0.7799423336982727,0.16687291860580444,0.757807195186615,0.16732677817344666,0.7455067038536072,0.1732485443353653,0.7153103351593018,0.2706963121891022,0.6976211071014404,0.3022192418575287,0.6717203259468079,0.4069686830043793,0.666736900806427,0.438339501619339,0.6401878595352173,0.5079041123390198,0.6387625336647034,0.5296764969825745,0.6926982402801514,0.5682114958763123,0.6796398162841797,0.5818352699279785,0.6727811694145203,0.739741861820221,0.6617883443832397,0.7456887364387512,0.6463143229484558,0.8615450263023376,0.6323511004447937,0.8834323287010193,0.7071614583333333,0.5032407407407408,0.18880208333333334,0.8768518518518519,0.38278775079197463,0.7923552989959717,0.8823529411764706,172.87258615219898,134.93142993576933,149.5932940343493,170.54200744628906,170.1583251953125,176.0316162109375,175.56036376953125,10.005083859474004,6.897816784419419,-844.6358032226562,1.45382200680055,ABNOR_W,W11W23
WD_In_W11W23_0003_20210101_12.mp4,9373,0,0.9359531998634338,0.743992269039154,0.1911512315273285,0.738760232925415,0.17129448056221008,0.7459298968315125,0.17690081894397736,0.7076414227485657,0.15263304114341736,0.7473852038383484,0.16641823947429657,0.6604900360107422,0.2236848622560501,0.7604476809501648,0.2586020529270172,0.63140869140625,0.35876432061195374,0.7593590021133423,0.4023372530937195,0.6502379179000854,0.4702209532260895,0.7163530588150024,0.49825868010520935,0.6562405228614807,0.49383488297462463,0.7185668349266052,0.5105760097503662,0.6443473696708679,0.6540673971176147,0.70054692029953,0.6791608929634094,0.6388543844223022,0.805037260055542,0.6719733476638794,0.8332526087760925,0.7022135416666667,0.4689814814814815,0.17161458333333332,0.7907407407407407,0.38583138173302106,0.790903627872467,0.8235294117647058,171.07353389505266,11.116563200240641,8.591849064896477,176.1839599609375,172.51425170898438,174.0848388671875,174.29771423339844,29.362129815394404,-60.4483789888187,-671.8771362304688,1.7990522571463146,ABNOR_W,W11W23
WD_In_W11W23_0004_20210101_12.mp4,1355,0,0.9387840628623962,0.5947441458702087,0.20487765967845917,0.6036117672920227,0.19462288916110992,0.5901893973350525,0.19178615510463715,0.6181260943412781,0.20406080782413483,0.584140419960022,0.19611406326293945,0.6332107782363892,0.27730587124824524,0.5708855986595154,0.2619805932044983,0.6383082270622253,0.3738490641117096,0.5586326122283936,0.3457636535167694,0.6300572156906128,0.4495120644569397,0.547904372215271,0.4232371747493744,0.6077738404273987,0.44975417852401733,0.569664716720581,0.4405991733074188,0.6036742925643921,0.565725564956665,0.5705552697181702,0.5550926327705383,0.5966637134552002,0.6627059578895569,0.5759266018867493,0.6506765484809875,0.5954427083333333,0.41967592592592595,0.10911458333333333,0.5652777777777778,0.34316134316134317,0.9516276121139526,1.0,172.3119524701351,-172.12511680122037,-172.30422292153574,176.2727813720703,175.0872039794922,168.902099609375,178.5116729736328,0.0,0.0,-519.0458984375,0.0,ABNOR_W,W11W23
WD_In_W11W23_0004_20210101_12.mp4,1454,0,0.9345905184745789,0.5945789217948914,0.19652540981769562,0.6037561297416687,0.18726365268230438,0.5909435749053955,0.18419913947582245,0.6193358302116394,0.20049302279949188,0.5862657427787781,0.19162648916244507,0.6340247988700867,0.27646178007125854,0.5717647671699524,0.2622458338737488,0.6392785310745239,0.3758077323436737,0.5594125986099243,0.3484131097793579,0.6302507519721985,0.45267319679260254,0.5486065149307251,0.4252912700176239,0.6088868975639343,0.45222991704940796,0.5706432461738586,0.44340214133262634,0.6039847135543823,0.5680727958679199,0.5708839893341064,0.5570244193077087,0.59615159034729,0.6628917455673218,0.576159656047821,0.6509138345718384,0.5963541666666666,0.41967592592592595,0.10989583333333333,0.5662037037037037,0.34505314799672937,0.9416553378105164,1.0,172.54836265551296,-172.68118406248252,-172.60200810375247,175.9473419189453,174.51129150390625,170.03695678710938,179.15371704101562,2.1186440677966103,3.450943251787606,-542.7877197265625,0.2364101853778493,ABNOR_W,W11W23
WD_In_W11W23_0004_20210101_12.mp4,1553,0,0.939615786075592,0.603557288646698,0.22649773955345154,0.6118470430374146,0.21484464406967163,0.5980043411254883,0.21276643872261047,0.6252328157424927,0.21466170251369476,0.5903453826904297,0.20862974226474762,0.6396461725234985,0.2851293087005615,0.5755360722541809,0.26750725507736206,0.6453551650047302,0.3799212872982025,0.5637015700340271,0.351378470659256,0.638785183429718,0.4574604034423828,0.5540817975997925,0.42674145102500916,0.6134215593338013,0.4566248059272766,0.5743462443351746,0.44787028431892395,0.6065024733543396,0.5721535682678223,0.5718635320663452,0.5594368577003479,0.597316324710846,0.6633205413818359,0.576650083065033,0.6529362797737122,0.6022135416666666,0.4252314814814815,0.11171875,0.5532407407407407,0.35899581589958157,0.9577330350875854,1.0,172.1139965466806,-171.21077908329394,-172.81725504401126,175.92166137695312,172.53433227539062,170.8690643310547,178.40675354003906,15.435835351089588,5.794257286385821,-487.6195983886719,0.43436610883236426,ABNOR_W,W11W23
WD_In_W11W23_0004_20210101_12.mp4,1652,0,0.9285168051719666,0.58184814453125,0.23903927206993103,0.5890127420425415,0.2275598794221878,0.5767185688018799,0.2261286824941635,0.605601966381073,0.2241593301296234,0.5730230808258057,0.22050340473651886,0.6249773502349854,0.29251015186309814,0.5665658712387085,0.27181705832481384,0.6335086226463318,0.3880504071712494,0.5565212368965149,0.35905101895332336,0.6308784484863281,0.467620849609375,0.5459524393081665,0.4340684711933136,0.6033193469047546,0.4621983766555786,0.5655353665351868,0.45129895210266113,0.6009336113929749,0.5717802047729492,0.5533164143562317,0.5618783831596375,0.5970706939697266,0.6610991954803467,0.5454128384590149,0.6704016923904419,0.5845052083333333,0.43449074074074073,0.12317708333333334,0.5504629629629629,0.39781328847771236,0.9368494749069214,0.9411764705882353,173.41055253817873,-168.73010594564042,-170.78336190217678,177.81985473632812,176.26339721679688,169.4322967529297,169.4710235595703,42.93166601252417,5.8888020044669895,-470.2522888183594,1.2965559914981384,ABNOR_W,W11W23
WD_In_W11W23_0004_20210101_12.mp4,1751,0,0.9333643913269043,0.5060495138168335,0.24819041788578033,0.5140710473060608,0.23629917204380035,0.5016161203384399,0.2340170294046402,0.5343484878540039,0.2328694611787796,0.5000860691070557,0.22709232568740845,0.5582841634750366,0.31295937299728394,0.49877873063087463,0.28909656405448914,0.5644805431365967,0.4237971901893616,0.4903566241264343,0.38426148891448975,0.5533149838447571,0.5098139643669128,0.477944016456604,0.46455445885658264,0.5368004441261292,0.4979678690433502,0.4980243742465973,0.48265543580055237,0.5302046537399292,0.6246351599693298,0.48080724477767944,0.6047791242599487,0.5226746797561646,0.7242103219032288,0.48277753591537476,0.7166124582290649,0.5173177083333333,0.4622685185185185,0.12421875,0.6023148148148149,0.36664104534973097,0.9239159822463989,0.9411764705882353,174.03812255591075,-167.28835979801212,-167.47635984930443,177.6321258544922,164.13563537597656,173.62457275390625,166.3265838623047,160.34193744293546,43.883815515993874,-522.9818725585938,0.6275700177320118,ABNOR_W,W11W23
WD_In_W11W23_0004_20210101_12.mp4,1850,0,0.9363882541656494,0.44331344962120056,0.2697013020515442,0.45204609632492065,0.25572773814201355,0.4366852641105652,0.2548207938671112,0.4702851176261902,0.24590317904949188,0.4312056601047516,0.24304606020450592,0.4928562343120575,0.32188260555267334,0.4258292317390442,0.3035103678703308,0.5093908309936523,0.43439072370529175,0.4174913763999939,0.4064304828643799,0.5051762461662292,0.5260471105575562,0.40623074769973755,0.49645477533340454,0.4732285737991333,0.5261004567146301,0.4312473237514496,0.5139109492301941,0.46596136689186096,0.6595900654792786,0.4197099804878235,0.6403924226760864,0.4571830928325653,0.7684494256973267,0.44785135984420776,0.7419931888580322,0.45859375,0.49583333333333335,0.1265625,0.6453703703703704,0.3486370157819225,0.9388761520385742,0.9411764705882353,176.5134526225486,-171.23502502428465,-170.7240502908531,177.36988830566406,144.57275390625,175.83184814453125,168.1676025390625,143.38263121056846,38.82512053334973,-540.657470703125,2.4753300666378664,ABNOR_W,W11W23
WD_In_W11W23_0004_20210101_12.mp4,1949,0,0.9347171783447266,0.468453049659729,0.29437217116355896,0.4727741479873657,0.2824309468269348,0.46414756774902344,0.2788045108318329,0.46643155813217163,0.2759378254413605,0.4407983720302582,0.26490843296051025,0.45657557249069214,0.34767866134643555,0.39024776220321655,0.3473123610019684,0.45573854446411133,0.4514819085597992,0.36489254236221313,0.47297370433807373,0.4588009715080261,0.5417440533638,0.3745700716972351,0.585067868232727,0.4349941313266754,0.5702165365219116,0.3897855877876282,0.5719762444496155,0.424782395362854,0.7195548415184021,0.38182058930397034,0.7151572704315186,0.40768319368362427,0.8265560865402222,0.3665839433670044,0.815871000289917,0.416015625,0.5340277777777778,0.12786458333333334,0.6847222222222222,0.33198106828938473,0.8929679989814758,0.9411764705882353,174.99190491844826,-179.82201646475733,178.74569769658942,171.07142639160156,170.59423828125,177.1489715576172,174.56161499023438,110.92380130944301,66.8418879656269,-597.724365234375,1.5215477041003567,ABNOR_W,W11W23
WD_In_W11W23_0004_20210101_12.mp4,2048,0,0.9249119162559509,0.4745420813560486,0.29958346486091614,0.47410544753074646,0.2816866636276245,0.475057452917099,0.2863142490386963,0.4485695958137512,0.2648671865463257,0.46181249618530273,0.2740476131439209,0.41672125458717346,0.3153209090232849,0.4348435401916504,0.36403435468673706,0.40795958042144775,0.40102192759513855,0.43014395236968994,0.4929259121417999,0.43235084414482117,0.4427722692489624,0.4477962553501129,0.5965678095817566,0.40392401814460754,0.5465485453605652,0.41314423084259033,0.5672372579574585,0.4190528094768524,0.7023277282714844,0.40576228499412537,0.7225037217140198,0.4113682806491852,0.8340113162994385,0.3702012300491333,0.8583633303642273,0.4225260416666667,0.5476851851851852,0.14557291666666666,0.7277777777777777,0.3555979643765903,0.7266148924827576,0.7647058823529411,171.9648261140715,56.52071949975169,51.610500838634906,164.2813720703125,159.8772735595703,164.5850372314453,174.08200073242188,23.407059686422894,-18.57120246055917,-555.788330078125,3.0270788043767425,ABNOR_W,W11W23
WD_In_W11W23_0004_20210101_12.mp4,2147,0,0.9301297664642334,0.5555079579353333,0.3045392334461212,0.5540437698364258,0.28553691506385803,0.5553150177001953,0.29186734557151794,0.5241124033927917,0.26826348900794983,0.5441682934761047,0.2819637954235077,0.4806367754936218,0.3278782367706299,0.5394582748413086,0.3638436198234558,0.46010905504226685,0.43668434023857117,0.5391369462013245,0.49781206250190735,0.4562654495239258,0.5261669158935547,0.5469352602958679,0.5981299877166748,0.4697607159614563,0.5549435019493103,0.5072518587112427,0.5729601383209229,0.5005761384963989,0.6918111443519592,0.49568960070610046,0.7219579219818115,0.5160534381866455,0.7996804118156433,0.46701040863990784,0.8637970685958862,0.51015625,0.5425925925925926,0.128125,0.700925925925926,0.3249669749009247,0.8086023926734924,0.8823529411764706,170.0407128385823,18.97968077075631,15.12628691891712,172.49539184570312,168.08331298828125,153.31845092773438,172.54251098632812,203.80129780292887,9.229609233126514,-560.3311767578125,1.9241132754892192,ABNOR_W,W11W23
WD_In_W11W23_0004_20210101_12.mp4,2246,0,0.9191508293151855,0.6459349393844604,0.28837311267852783,0.6438016891479492,0.26990288496017456,0.646423876285553,0.27719828486442566,0.6150158047676086,0.25203031301498413,0.6393455862998962,0.2669835388660431,0.5709800720214844,0.3064875900745392,0.6391849517822266,0.3372318148612976,0.5529902577400208,0.4115958511829376,0.6378155946731567,0.4613245725631714,0.5587229132652283,0.48333829641342163,0.6411727666854858,0.553623378276825,0.5623912215232849,0.528286337852478,0.6061757802963257,0.5430262088775635,0.5703712105751038,0.656250536441803,0.5952937602996826,0.672764778137207,0.5701774954795837,0.7826229929924011,0.5728282332420349,0.7964597940444946,0.6053385416666667,0.5064814814814815,0.12265625,0.637962962962963,0.341799709724238,0.7871742248535156,0.8235294117647058,170.18779147677327,14.227739929594236,10.722737542372965,173.51771545410156,170.58689880371094,169.73565673828125,172.56549072265625,226.36594998252053,-37.01898677648016,-534.1316528320312,0.1470786381909761,ABNOR_W,W11W23
WD_In_W11W23_0004_20210101_12.mp4,2345,0,0.9287126064300537,0.7278949618339539,0.2806381583213806,0.72613126039505,0.2638709843158722,0.7266269326210022,0.2688450217247009,0.6989209055900574,0.2437121868133545,0.7139390707015991,0.25550857186317444,0.6559478640556335,0.28582459688186646,0.7162837982177734,0.3235091269016266,0.6379843354225159,0.371949702501297,0.7178312540054321,0.4302029013633728,0.6377232670783997,0.4411390721797943,0.7220655679702759,0.5070890188217163,0.6443212628364563,0.48715463280677795,0.6874596476554871,0.5056819915771484,0.642665684223175,0.6005592942237854,0.6799262762069702,0.6263978481292725,0.6211565136909485,0.7073498368263245,0.6580657362937927,0.744371235370636,0.676171875,0.4738425925925926,0.13567708333333334,0.5847222222222223,0.41250989707046715,0.8298993110656738,0.8823529411764706,169.37951684026288,19.357683693049218,13.581621614750297,161.78573608398438,168.0975341796875,175.62496948242188,170.6200408935547,170.08958175977517,-51.30389123505599,-466.08514404296875,0.8082746365103901,ABNOR_W,W11W23
WD_In_W11W23_0004_20210101_12.mp4,2444,0,0.9130622744560242,0.7762832641601562,0.2561247944831848,0.77584308385849,0.24152515828609467,0.7755523324012756,0.24508988857269287,0.7549054026603699,0.23033824563026428,0.7689510583877563,0.23863042891025543,0.7152389287948608,0.27537214756011963,0.775343120098114,0.3040130138397217,0.6940014958381653,0.3632153272628784,0.7748802900314331,0.4045020341873169,0.6876823306083679,0.4336913526058197,0.7746867537498474,0.4828816056251526,0.7064571380615234,0.465643048286438,0.7480334043502808,0.4775131344795227,0.6938022971153259,0.5777230858802795,0.7378252744674683,0.5841366052627563,0.684161365032196,0.6927480101585388,0.7202691435813904,0.6936543583869934,0.73359375,0.4465277777777778,0.12552083333333333,0.5486111111111112,0.40675105485232066,0.8286234140396118,0.8823529411764706,169.9969448135883,15.004996164817534,9.123477736235206,177.12510681152344,173.75271606445312,173.34075927734375,174.02613830566406,138.17008617951427,-32.47873892795665,-465.3791198730469,0.6174279733254195,ABNOR_W,W11W23
WD_In_W11W23_0004_20210101_12.mp4,2543,0,0.9271854162216187,0.791888415813446,0.23519502580165863,0.7922397255897522,0.22235603630542755,0.7937469482421875,0.2263573557138443,0.7774584293365479,0.21493501961231232,0.796761155128479,0.22261759638786316,0.7446027994155884,0.25881388783454895,0.802482008934021,0.2827293574810028,0.7268852591514587,0.3421161472797394,0.8015814423561096,0.37898194789886475,0.7197257876396179,0.4033512771129608,0.8023473620414734,0.45293667912483215,0.738312304019928,0.4376848042011261,0.7781046032905579,0.4463643431663513,0.7273746728897095,0.5439327955245972,0.771222710609436,0.5447114706039429,0.7229740619659424,0.6494073271751404,0.7593737244606018,0.6397286057472229,0.764453125,0.41597222222222224,0.11432291666666666,0.513425925925926,0.3958521190261497,0.8105298280715942,0.8235294117647058,170.95544388295338,13.084528261046378,6.994834316546289,173.87083435058594,174.59121704101562,173.20651245117188,172.25730895996094,82.15635912994523,-38.66481030081201,-446.7518005371094,0.9584990693650752,ABNOR_W,W11W23
WD_In_W11W23_0004_20210101_12.mp4,2642,0,0.8970410227775574,0.820661187171936,0.2226707935333252,0.8188530206680298,0.2086707353591919,0.8213979601860046,0.21451306343078613,0.7999423742294312,0.19972416758537292,0.8212143182754517,0.2119303047657013,0.7673511505126953,0.24272938072681427,0.822653591632843,0.2609124183654785,0.7481705546379089,0.32498520612716675,0.8220357894897461,0.3499903678894043,0.7489545941352844,0.38173413276672363,0.8217262029647827,0.4220530092716217,0.7579612135887146,0.41389867663383484,0.7942075729370117,0.4256753623485565,0.7516001462936401,0.5071834325790405,0.7826629877090454,0.5274927616119385,0.7483090162277222,0.6018162369728088,0.7632444500923157,0.632012665271759,0.7877604166666666,0.40185185185185185,0.1015625,0.5037037037037037,0.3584558823529412,0.7811051607131958,0.8235294117647058,168.67736699369667,10.478213850973091,10.357090469834596,176.6258087158203,173.11880493164062,178.65811157226562,174.3337860107422,57.23620898987171,-29.075733397255224,-425.77105712890625,2.2780768892567096,ABNOR_W,W11W23
WD_In_W11W23_0004_20210101_12.mp4,2741,0,0.9142683744430542,0.8512174487113953,0.202322319149971,0.8475834131240845,0.19060632586479187,0.853339433670044,0.1974155455827713,0.8275970220565796,0.19054865837097168,0.8563322424888611,0.2057701051235199,0.8019877076148987,0.23908106982707977,0.8507646918296814,0.2650173604488373,0.7844685912132263,0.3114788830280304,0.8444001078605652,0.35728293657302856,0.7931829690933228,0.3701167702674866,0.8410579562187195,0.41933050751686096,0.7851373553276062,0.4007854163646698,0.8163410425186157,0.4138362407684326,0.782941997051239,0.48629188537597656,0.8094505667686462,0.5075545310974121,0.7730148434638977,0.5809981226921082,0.7892107367515564,0.6000798344612122,0.8139322916666667,0.3835648148148148,0.10859375,0.47824074074074074,0.4036786060019361,0.7310625910758972,0.8235294117647058,163.6404205379895,16.65188476140712,13.238889922104152,172.0575714111328,166.1963348388672,172.11817932128906,165.09317016601562,65.36549339016844,-16.312698475096475,-442.7751770019531,5.036946455707152,ABNOR_W,W11W23
WD_In_W11W23_0004_20210101_12.mp4,2840,0,0.9154778718948364,0.8659142255783081,0.20465269684791565,0.8623723983764648,0.19211946427822113,0.8655492663383484,0.19794996082782745,0.8366149663925171,0.1900569051504135,0.8572853803634644,0.20348870754241943,0.8143731951713562,0.23590444028377533,0.8422502279281616,0.25898921489715576,0.8032001256942749,0.3090795874595642,0.8281765580177307,0.3362029194831848,0.8172380924224854,0.3723950684070587,0.8268451690673828,0.40601468086242676,0.7890598177909851,0.3924548923969269,0.8091785311698914,0.402779221534729,0.786051869392395,0.4898361265659332,0.8069854974746704,0.503687858581543,0.7747876048088074,0.5803887248039246,0.7827245593070984,0.5888773798942566,0.81796875,0.3819444444444444,0.11302083333333333,0.4722222222222222,0.42549019607843136,0.7104309797286987,0.7058823529411765,160.93518566523815,24.9761956149483,16.101217969072476,170.67303466796875,155.36001586914062,167.10540771484375,159.9735107421875,9.62462058271999,-12.682336521899606,-416.8030090332031,2.7052348727513618,ABNOR_W,W11W23
WD_In_W11W23_0004_20210101_12.mp4,2939,0,0.9191238284111023,0.8576784729957581,0.22347018122673035,0.8630238175392151,0.2147098183631897,0.8533989191055298,0.21252955496311188,0.8638576865196228,0.21434123814105988,0.8381294012069702,0.20655220746994019,0.852994978427887,0.2606298327445984,0.8119285702705383,0.2526009678840637,0.8442056775093079,0.3338807225227356,0.7885288596153259,0.32468897104263306,0.8367985486984253,0.39856061339378357,0.7807509303092957,0.3966156840324402,0.8233286738395691,0.40065959095954895,0.7972608804702759,0.3969166576862335,0.8102474212646484,0.4953981637954712,0.7900362610816956,0.4888298809528351,0.7890241742134094,0.5662457346916199,0.7840750813484192,0.5776998400688171,0.82265625,0.38472222222222224,0.10677083333333333,0.4546296296296296,0.4175152749490835,0.9115281701087952,0.9411764705882353,164.5074238732729,-173.72417743600195,-175.38243006778214,165.7539520263672,178.845458984375,173.15362548828125,177.7126922607422,11.485269952185398,1.5311806888903603,-378.686767578125,3.5722382080347472,ABNOR_W,W11W23
WD_In_W11W23_0004_20210101_12.mp4,3038,0,0.9306264519691467,0.8245726227760315,0.2266460806131363,0.8318309783935547,0.21681849658489227,0.8202059268951416,0.2148924171924591,0.8462308645248413,0.21681459248065948,0.8156404495239258,0.21097716689109802,0.8624304533004761,0.2758060097694397,0.80440753698349,0.2543482780456543,0.8696441650390625,0.35746580362319946,0.7863230109214783,0.33018919825553894,0.8635315299034119,0.4225131869316101,0.7727943062782288,0.3976392447948456,0.8321842551231384,0.42424675822257996,0.7967425584793091,0.4061652421951294,0.818132758140564,0.5303784012794495,0.7736519575119019,0.49397367238998413,0.803766131401062,0.6124246120452881,0.7687019109725952,0.5855802893638611,0.81328125,0.3974537037037037,0.134375,0.47638888888888886,0.5014577259475219,0.9460330009460449,0.9411764705882353,167.34872579866806,-168.2488681158775,-163.9878883852108,175.95343017578125,160.4313507080078,173.33236694335938,160.0731201171875,27.43898605087391,21.479458176389308,-407.2893981933594,2.8413019253951575,ABNOR_W,W11W23
WD_In_W11W23_0004_20210101_12.mp4,3137,0,0.9213058948516846,0.737388014793396,0.21887068450450897,0.7433395385742188,0.20903265476226807,0.7347757816314697,0.20720049738883972,0.7610138058662415,0.20381788909435272,0.7351539731025696,0.1991535723209381,0.7800334692001343,0.2632519602775574,0.7313924431800842,0.24494561553001404,0.7871981859207153,0.35133811831474304,0.7210834622383118,0.3203622102737427,0.7802315354347229,0.4236834943294525,0.7068673968315125,0.3886597454547882,0.7550507187843323,0.415939599275589,0.7270570397377014,0.40498656034469604,0.7388150691986084,0.5152549147605896,0.7285639047622681,0.5030148029327393,0.7271061539649963,0.6075742840766907,0.7483358383178711,0.5720002055168152,0.7475260416666667,0.39375,0.09973958333333334,0.4875,0.3637226970560304,0.9191692471504211,0.9411764705882353,170.53773823741113,-168.04696610837152,-167.5877917455415,176.501220703125,154.5651397705078,180.0,175.6775360107422,152.92173177053408,-6.201386163078844,-413.8395690917969,3.1890124387430774,ABNOR_W,W11W23
WD_In_W11W23_0004_20210101_12.mp4,3236,0,0.9122704863548279,0.6682581305503845,0.21216300129890442,0.6755533218383789,0.20153041183948517,0.663936197757721,0.20017094910144806,0.6913036704063416,0.2015632688999176,0.6599582433700562,0.19740626215934753,0.7063600420951843,0.263694167137146,0.6547281742095947,0.2468719482421875,0.7129971385002136,0.3537976145744324,0.6470035314559937,0.32510513067245483,0.7075969576835632,0.424951434135437,0.6377658247947693,0.3926972448825836,0.6833047866821289,0.4244323968887329,0.652540922164917,0.4136674702167511,0.6690786480903625,0.5299502611160278,0.6593209505081177,0.5146284699440002,0.6514075994491577,0.6265270709991455,0.6754745841026306,0.5945312976837158,0.67578125,0.3990740740740741,0.09583333333333334,0.5166666666666667,0.32974910394265233,0.9335778951644897,0.9411764705882353,172.19841740961692,-169.61473034544952,-168.86477777263335,175.45957946777344,167.0393524169922,179.17361450195312,171.85635375976562,166.91278068207802,11.227365267478815,-446.8757629394531,1.6606791722057892,ABNOR_W,W11W23
WD_In_W11W23_0004_20210101_12.mp4,3335,0,0.932056188583374,0.6566595435142517,0.2206297069787979,0.6623056530952454,0.20845773816108704,0.6493168473243713,0.210030660033226,0.6680091619491577,0.2084362953901291,0.6356756687164307,0.21023328602313995,0.6766817569732666,0.2646324038505554,0.6145553588867188,0.25811412930488586,0.6829409003257751,0.3495253026485443,0.6008843779563904,0.3386608064174652,0.6815907955169678,0.421828031539917,0.593243420124054,0.40770596265792847,0.6549703478813171,0.428701788187027,0.6159347295761108,0.4237087666988373,0.6511512994766235,0.5358361601829529,0.6046772599220276,0.5269262194633484,0.6438854932785034,0.6198695302009583,0.602690577507019,0.618778645992279,0.6384114583333333,0.40555555555555556,0.11067708333333333,0.512962962962963,0.3835740072202166,0.9499378204345703,1.0,173.74281361742175,-176.62246563050752,-175.88472021547346,174.88751220703125,171.22885131835938,170.38780212402344,168.1783905029297,87.32968471733608,9.361317921666792,-444.043212890625,1.544396207804823,ABNOR_W,W11W23
WD_In_W11W23_0004_20210101_12.mp4,3434,0,0.9287270307540894,0.6645537614822388,0.21593691408634186,0.6705712676048279,0.20454289019107819,0.6585007905960083,0.2043771892786026,0.6757457852363586,0.20074214041233063,0.6449048519134521,0.19816987216472626,0.6808225512504578,0.2541411221027374,0.6217269897460938,0.2476363331079483,0.6852314472198486,0.33962786197662354,0.6061083078384399,0.33027082681655884,0.6837375164031982,0.4118216931819916,0.5997623801231384,0.3989202082157135,0.6608110666275024,0.4183991253376007,0.6226529479026794,0.413718581199646,0.6537542939186096,0.5283665060997009,0.6167532801628113,0.5181862115859985,0.6450406908988953,0.6195970177650452,0.6197533011436462,0.606067419052124,0.6438802083333334,0.3993055555555556,0.10442708333333334,0.5171296296296296,0.35899731423455683,0.9408048987388611,1.0,174.13564153404,-176.45701202180885,-176.05299705672024,176.87161254882812,170.79385375976562,174.2876434326172,173.69894409179688,15.111970620847371,-13.266501068780267,-432.2633972167969,0.3928279166182449,ABNOR_W,W11W23
WD_In_W11W23_0004_20210101_12.mp4,3533,0,0.9329549074172974,0.6695802211761475,0.21546754240989685,0.677524983882904,0.20422250032424927,0.6630302667617798,0.20239953696727753,0.6870067119598389,0.20641416311264038,0.6522037982940674,0.20044827461242676,0.6957210898399353,0.2646424174308777,0.6337080597877502,0.2499622255563736,0.6993861794471741,0.35120952129364014,0.6204736828804016,0.3283684551715851,0.6942368149757385,0.42405083775520325,0.6120244860649109,0.4014699161052704,0.6680792570114136,0.42486387491226196,0.630414605140686,0.4159490764141083,0.6584020853042603,0.5321141481399536,0.6213665008544922,0.5176688432693481,0.6471878886222839,0.6202982068061829,0.6220458149909973,0.6063963174819946,0.6571614583333333,0.399537037037037,0.10755208333333334,0.5175925925925926,0.3694096601073345,0.9745335578918457,1.0,170.43038751263643,-172.41515701248412,-172.41638314613706,176.3739776611328,170.23406982421875,172.0619354248047,173.0341796875,30.873154310835258,5.6845454846398304,-442.6681213378906,3.7052540214035616,ABNOR_W,W11W23
WD_In_W11W23_0004_20210101_12.mp4,3632,0,0.9294776320457458,0.66243976354599,0.21432609856128693,0.6703230142593384,0.20288699865341187,0.6557658910751343,0.20174874365329742,0.6804121136665344,0.20364530384540558,0.6446853280067444,0.19924873113632202,0.6893103718757629,0.26237669587135315,0.627889096736908,0.24890068173408508,0.6941572427749634,0.34925350546836853,0.6160288453102112,0.32678741216659546,0.6886600255966187,0.42502957582473755,0.6062256693840027,0.40079134702682495,0.6639392375946045,0.42442670464515686,0.6263173222541809,0.4157259166240692,0.6556335687637329,0.5333026647567749,0.6199821829795837,0.5163133144378662,0.6454285383224487,0.6211055517196655,0.6217687129974365,0.605307936668396,0.6518229166666667,0.39861111111111114,0.1078125,0.5194444444444445,0.3689839572192513,0.9721311926841736,1.0,171.713498042718,-172.96447023512343,-172.5880728696349,176.0488739013672,171.5675048828125,172.1695098876953,174.5709686279297,12.475669245333725,-0.4319780743678074,-444.4204406738281,1.283110530081558,ABNOR_W,W11W23
WD_In_W11W23_0004_20210101_12.mp4,3731,0,0.9270081520080566,0.6271303296089172,0.2211962342262268,0.6341636776924133,0.20943522453308105,0.6215745806694031,0.2089032232761383,0.649013340473175,0.20627042651176453,0.6164095997810364,0.204366996884346,0.6668059229850769,0.27268990874290466,0.6101011037826538,0.25670546293258667,0.6746806502342224,0.36500632762908936,0.6009269952774048,0.3380694091320038,0.6669750213623047,0.4394351541996002,0.5892797708511353,0.4073358476161957,0.6441656351089478,0.43570029735565186,0.6078001856803894,0.42618703842163086,0.6448763012886047,0.5409544110298157,0.5984553098678589,0.534031867980957,0.6442124247550964,0.6216549277305603,0.5973045825958252,0.6315124034881592,0.629296875,0.4050925925925926,0.10963541666666667,0.5231481481481481,0.37256637168141593,0.9418777227401733,0.9411764705882353,172.40404638608788,-170.99005724076022,-171.62894754029523,178.47439575195312,172.44483947753906,165.44259643554688,172.6252899169922,53.04214534273242,14.209165411480404,-453.0544738769531,0.6905483433698976,ABNOR_W,W11W23
WD_In_W11W23_0004_20210101_12.mp4,3830,0,0.9313920140266418,0.5695534348487854,0.23546606302261353,0.5765730738639832,0.2242540568113327,0.5647979974746704,0.222747340798378,0.5945541262626648,0.2185273915529251,0.5621154308319092,0.21489368379116058,0.6147617101669312,0.28725138306617737,0.5581516623497009,0.2692737281322479,0.6247724294662476,0.384934663772583,0.5498488545417786,0.35871195793151855,0.6170145869255066,0.4645334780216217,0.5398956537246704,0.4329783022403717,0.594656765460968,0.46394655108451843,0.5573914051055908,0.45302411913871765,0.5857905745506287,0.581188976764679,0.5413723587989807,0.5663582682609558,0.5773330330848694,0.6729868650436401,0.5353981256484985,0.6751266121864319,0.5727864583333333,0.43310185185185185,0.12734375,0.5550925925925926,0.4078398665554629,0.929161787033081,0.9411764705882353,174.1243601342022,-169.87188745051986,-170.6379610440976,178.35513305664062,171.47193908691406,176.22134399414062,166.31631469726562,136.36558226535718,36.01088997238196,-481.7216491699219,1.7203137481143074,ABNOR_W,W11W23
WD_In_W11W23_0004_20210101_12.mp4,3929,0,0.9386420249938965,0.5027394890785217,0.263534814119339,0.5102551579475403,0.24964237213134766,0.49639320373535156,0.24938218295574188,0.5271998643875122,0.2360818237066269,0.49128562211990356,0.23466449975967407,0.5477133989334106,0.3108202815055847,0.48910725116729736,0.28410935401916504,0.5575291514396667,0.4215087890625,0.47776731848716736,0.3804851472377777,0.5489285588264465,0.5096567869186401,0.46499931812286377,0.46616846323013306,0.5250213742256165,0.4980792701244354,0.48895734548568726,0.4811091125011444,0.5137470960617065,0.6246155500411987,0.47582390904426575,0.5980789065361023,0.4987671971321106,0.7332834601402283,0.5160811543464661,0.6774908900260925,0.5119791666666667,0.46967592592592594,0.1171875,0.6162037037037037,0.33809166040571,0.9384047389030457,0.9411764705882353,173.96745107928564,-165.62073082754844,-165.17449867927107,175.23086547851562,126.6854248046875,176.84339904785156,168.78904724121094,149.30468103526368,40.69963590366634,-488.2882080078125,0.15690905491655371,ABNOR_W,W11W23
WD_In_W11W23_0004_20210101_12.mp4,4028,0,0.9372206926345825,0.4283447563648224,0.2754554748535156,0.43627703189849854,0.2606561481952667,0.4216346740722656,0.26027825474739075,0.45431235432624817,0.24487172067165375,0.4161788821220398,0.24376559257507324,0.4800106883049011,0.3163873255252838,0.41589388251304626,0.3032919466495514,0.4969383180141449,0.43128418922424316,0.41184720396995544,0.4071979522705078,0.49481824040412903,0.5262728929519653,0.40110310912132263,0.4962852895259857,0.46373671293258667,0.5182822942733765,0.4240809381008148,0.5088376998901367,0.4521487355232239,0.6540839076042175,0.4267180562019348,0.6464962959289551,0.4297185242176056,0.7956135869026184,0.4537348747253418,0.7372632026672363,0.451171875,0.5118055555555555,0.11692708333333333,0.6689814814814815,0.3107266435986159,0.9326374530792236,0.9411764705882353,177.97913249630054,-173.44623006486296,-172.36968173731358,172.89076232910156,154.06466674804688,179.5289306640625,177.89996337890625,151.6984056264386,31.3354566079941,-514.3057861328125,4.011681417014898,ABNOR_W,W11W23
WD_In_W11W23_0004_20210101_12.mp4,4127,0,0.9361876249313354,0.4280121922492981,0.3120444715023041,0.43365269899368286,0.29757601022720337,0.4216032326221466,0.29784300923347473,0.4334278106689453,0.2798714339733124,0.39842161536216736,0.27781060338020325,0.4316352903842926,0.3430860936641693,0.35581961274147034,0.3442299962043762,0.4411885142326355,0.4520431458950043,0.3324093520641327,0.4635126292705536,0.4451158940792084,0.5502712726593018,0.32633253931999207,0.5734875202178955,0.41494715213775635,0.5567674040794373,0.3645282983779907,0.5618743896484375,0.42446383833885193,0.6938994526863098,0.36456403136253357,0.7095596194267273,0.4101743698120117,0.8120191693305969,0.3714815080165863,0.8273500800132751,0.384765625,0.5400462962962963,0.14296875,0.6800925925925926,0.3737236215112321,0.9161516427993774,0.9411764705882353,178.11631534578444,179.51374511049903,176.73901299698147,160.8292236328125,174.06434631347656,165.06224060058594,175.9558563232422,158.7134287111818,59.83263066548124,-534.1170654296875,0.13718284948390647,ABNOR_W,W11W23
WD_In_W11W23_0004_20210101_12.mp4,4226,0,0.929234504699707,0.5380604863166809,0.306350439786911,0.5372105836868286,0.2893311381340027,0.5381935238838196,0.29214033484458923,0.5103200674057007,0.27677828073501587,0.519264817237854,0.28202107548713684,0.4784841537475586,0.331677109003067,0.4753778874874115,0.37079504132270813,0.4726557731628418,0.4145723283290863,0.4557914733886719,0.49360013008117676,0.4927140176296234,0.4542861878871918,0.4618665874004364,0.6155590415000916,0.454304039478302,0.5614646077156067,0.4600614011287689,0.5813556909561157,0.4456709921360016,0.7023006677627563,0.4722321927547455,0.7260830402374268,0.4177807867527008,0.8260304927825928,0.46473753452301025,0.869096577167511,0.47682291666666665,0.555324074074074,0.15885416666666666,0.7032407407407407,0.40157998683344304,0.7333551645278931,0.7647058823529411,170.9401093905733,98.03533101973075,62.77109138557852,164.3816680908203,166.174560546875,175.62313842773438,164.12869262695312,215.04359170560397,15.816349466232586,-572.5289916992188,7.176205955211145,ABNOR_W,W11W23
WD_In_W11W23_0004_20210101_12.mp4,4325,0,0.9153784513473511,0.6018781661987305,0.3109967112541199,0.6008747220039368,0.2910518944263458,0.6037040948867798,0.2981615960597992,0.5728374719619751,0.26985612511634827,0.5930432081222534,0.28345346450805664,0.5308039784431458,0.3234928846359253,0.5629400014877319,0.3726688325405121,0.5144607424736023,0.40518632531166077,0.5548856854438782,0.4957692325115204,0.5403731465339661,0.4574163854122162,0.566912829875946,0.5981330871582031,0.5158798098564148,0.5567328929901123,0.5394678711891174,0.5793455839157104,0.5271406173706055,0.7076060175895691,0.5592222213745117,0.719407320022583,0.5151149034500122,0.8408241868019104,0.520987331867218,0.8444963693618774,0.559765625,0.5449074074074074,0.13619791666666667,0.6925925925925925,0.34959893048128343,0.7117471694946289,0.7647058823529411,171.17998006886796,40.720614563337215,28.33533922135936,163.32447814941406,137.4043731689453,165.95193481445312,154.50930786132812,193.27708952559018,-4.407462427171611,-555.2119140625,0.23987067829466469,ABNOR_W,W11W23
WD_In_W11W23_0004_20210101_12.mp4,4424,0,0.9171632528305054,0.7136701345443726,0.3075576722621918,0.7086168527603149,0.2877444922924042,0.7121869325637817,0.298433780670166,0.6715617775917053,0.27258649468421936,0.6955705881118774,0.297546923160553,0.6295562386512756,0.3257412314414978,0.6789623498916626,0.3782351315021515,0.6155493259429932,0.4175416827201843,0.6738694906234741,0.49850717186927795,0.6347187161445618,0.4956701099872589,0.6808577179908752,0.5999038219451904,0.6129744648933411,0.5529690384864807,0.6447652578353882,0.5749579668045044,0.6324255466461182,0.6989917159080505,0.628557562828064,0.7155768871307373,0.6372115015983582,0.8164194822311401,0.5887792706489563,0.8425198197364807,0.6485677083333333,0.5488425925925926,0.16692708333333334,0.6689814814814815,0.44359861591695504,0.6987447142601013,0.7058823529411765,167.97934161300975,30.864870918290016,21.259407625188555,170.82139587402344,162.4587860107422,159.28538513183594,174.40684509277344,206.4805823036302,-5.329085897302512,-553.8365478515625,3.2006384558582113,ABNOR_W,W11W23
WD_In_W11W23_0004_20210101_12.mp4,4523,0,0.9111354351043701,0.7817901372909546,0.3173825442790985,0.7824934720993042,0.2997289299964905,0.782016932964325,0.30341392755508423,0.7591677904129028,0.2814488410949707,0.775256872177124,0.28974220156669617,0.7101007103919983,0.3300086259841919,0.7795665860176086,0.37086063623428345,0.6864398121833801,0.43374040722846985,0.7781209945678711,0.4927864968776703,0.6856041550636292,0.5075534582138062,0.7770711183547974,0.5843596458435059,0.6936889886856079,0.5541462302207947,0.7396544814109802,0.5721262693405151,0.6942184567451477,0.6812795400619507,0.7265189290046692,0.7040116786956787,0.6893369555473328,0.8153083324432373,0.6981193423271179,0.8304080963134766,0.7415364583333334,0.5370370370370371,0.13671875,0.6444444444444445,0.3771551724137931,0.8180295825004578,0.9411764705882353,166.75485579027043,18.304172623068844,12.409043732176459,175.8711700439453,168.26699829101562,172.15916442871094,170.6211700439453,216.78349825212845,-1.0822926919291338,-530.8279418945312,1.2244858227393252,ABNOR_W,W11W23
WD_In_W11W23_0004_20210101_12.mp4,4622,0,0.9304065704345703,0.8124300837516785,0.2960306704044342,0.8116690516471863,0.2794145345687866,0.8115537762641907,0.28374117612838745,0.7868300676345825,0.26264244318008423,0.8030693531036377,0.2717946171760559,0.740581750869751,0.31089526414871216,0.813515305519104,0.33901265263557434,0.7188962697982788,0.41647279262542725,0.8137447237968445,0.4545527398586273,0.711469292640686,0.49719056487083435,0.812949001789093,0.5455661416053772,0.7341271638870239,0.5231661796569824,0.7847824692726135,0.5353791117668152,0.7216880321502686,0.6527268886566162,0.7714921832084656,0.6562406420707703,0.711828887462616,0.7827065587043762,0.7507450580596924,0.7741137742996216,0.7665364583333333,0.5025462962962963,0.13984375,0.6087962962962963,0.40836501901140687,0.842084527015686,0.8823529411764706,171.29659760932896,12.235458754284942,7.723244669549478,177.99346923828125,173.68580627441406,173.40806579589844,176.48013305664062,73.55717904989912,-44.276830936459596,-503.80267333984375,4.5417418190585295,ABNOR_W,W11W23
WD_In_W11W23_0004_20210101_12.mp4,4721,0,0.9193513989448547,0.8203164935112,0.26974251866340637,0.8174824118614197,0.2545328438282013,0.8215208649635315,0.25918319821357727,0.795317530632019,0.24413368105888367,0.8216068148612976,0.2547871470451355,0.7617504000663757,0.29467442631721497,0.8284692764282227,0.3164975345134735,0.7424802184104919,0.39019906520843506,0.8304716348648071,0.42308980226516724,0.7354070544242859,0.46498778462409973,0.8306114673614502,0.5031265020370483,0.7575058341026306,0.49336180090904236,0.8015251159667969,0.5026314854621887,0.7518059015274048,0.6057020425796509,0.7970993518829346,0.6115795373916626,0.751133382320404,0.7250095009803772,0.7776715159416199,0.7280762195587158,0.7872395833333333,0.4699074074074074,0.1203125,0.5685185185185185,0.3762214983713355,0.7929250597953796,0.8235294117647058,171.80102083657752,10.425172260044121,6.755340445333792,175.4197998046875,167.61676025390625,177.02072143554688,169.6989288330078,64.32007535747519,-40.89359163372049,-493.02886962890625,0.5044232272485658,ABNOR_W,W11W23
WD_In_W11W23_0004_20210101_12.mp4,4820,0,0.9198476076126099,0.8277019262313843,0.24940745532512665,0.8354464173316956,0.243231400847435,0.8274633884429932,0.23705071210861206,0.8492650985717773,0.24606823921203613,0.826641857624054,0.2290077656507492,0.8590660095214844,0.3039533495903015,0.7975330352783203,0.27709290385246277,0.8542772531509399,0.39950892329216003,0.7724043130874634,0.3618866205215454,0.8235582709312439,0.46112120151519775,0.7774516940116882,0.4359355866909027,0.8258991837501526,0.47348564863204956,0.7879658341407776,0.45913851261138916,0.8071771860122681,0.5858584642410278,0.7753141522407532,0.5611178278923035,0.788270890712738,0.6881452798843384,0.7749261856079102,0.6602030396461487,0.8173177083333333,0.44814814814814813,0.11744791666666667,0.5425925925925926,0.3848122866894198,0.8991686701774597,0.9411764705882353,167.8065779660861,-166.20434651275465,-167.98947991771905,178.30845642089844,167.96112060546875,177.3210906982422,172.89987182617188,75.52794177535645,-41.452834131066396,-468.5140075683594,3.9944428704914117,ABNOR_W,W11W23
WD_In_W11W23_0004_20210101_12.mp4,4919,0,0.9024902582168579,0.8608179092407227,0.24802935123443604,0.8583332896232605,0.23449698090553284,0.8622435331344604,0.23918738961219788,0.8429985642433167,0.22301745414733887,0.8686136603355408,0.23359107971191406,0.8141941428184509,0.2598978579044342,0.8776201009750366,0.27946269512176514,0.7963895797729492,0.3459276258945465,0.8723272681236267,0.3707908093929291,0.8126224279403687,0.41244128346443176,0.8445040583610535,0.4265559911727905,0.8055965304374695,0.43286439776420593,0.8465118408203125,0.4442746043205261,0.7942323684692383,0.5296632647514343,0.8301572799682617,0.5511786341667175,0.7880578637123108,0.6228719353675842,0.8062717318534851,0.6495519280433655,0.833984375,0.4233796296296296,0.11484375,0.5023148148148148,0.4064516129032258,0.7757048606872559,0.8235294117647058,168.1963114058627,9.843542887814895,8.915121190282756,174.9276123046875,171.86717224121094,173.26092529296875,176.6653289794922,50.49402272358982,-36.273596073178346,-411.56671142578125,0.3897334397765917,ABNOR_W,W11W23
WD_In_W11W23_0004_20210101_12.mp4,5018,0,0.9022825360298157,0.8649225831031799,0.2277100831270218,0.8614146113395691,0.21523547172546387,0.8649308085441589,0.21935132145881653,0.841107964515686,0.20648019015789032,0.8646561503410339,0.216214120388031,0.8153269290924072,0.24629633128643036,0.8754393458366394,0.2654484808444977,0.8031261563301086,0.32537978887557983,0.874589204788208,0.3528229594230652,0.8204084634780884,0.38772064447402954,0.849695086479187,0.40759679675102234,0.8112882375717163,0.4145824909210205,0.8500668406486511,0.42304086685180664,0.7991268038749695,0.5083250403404236,0.8369722962379456,0.5180245041847229,0.7911929488182068,0.6142803430557251,0.8168138265609741,0.6132142543792725,0.834765625,0.3974537037037037,0.11015625,0.47824074074074074,0.409486931268151,0.7786948084831238,0.8235294117647058,170.8846966001436,10.160444763087119,6.994796428305966,174.59524536132812,173.14051818847656,169.45567321777344,177.7985076904297,33.967473998328174,-25.84912804384653,-412.7794189453125,2.6883851942808974,ABNOR_W,W11W23
WD_In_W11W23_0004_20210101_12.mp4,5117,0,0.9088807702064514,0.8353241086006165,0.20787686109542847,0.8345931768417358,0.1971045583486557,0.8408914804458618,0.20061127841472626,0.8318459391593933,0.19846218824386597,0.8615391254425049,0.20412325859069824,0.8117086291313171,0.24500800669193268,0.8710600733757019,0.26076021790504456,0.8011646270751953,0.325326532125473,0.8697608709335327,0.35038095712661743,0.8194420337677002,0.38337284326553345,0.8481249213218689,0.40475329756736755,0.8083416223526001,0.4084097146987915,0.8450618982315063,0.4164131283760071,0.7971490621566772,0.5001429915428162,0.8326031565666199,0.5098943114280701,0.79735267162323,0.597773551940918,0.8201560974121094,0.607489287853241,0.8321614583333333,0.38773148148148145,0.09973958333333334,0.4828703703703704,0.36720997123681687,0.7666162252426147,0.8235294117647058,170.7073883220342,8.491021480309664,6.989596335283566,167.54920959472656,179.44537353515625,169.85955810546875,176.79141235351562,14.07954400679541,-8.368374360387032,-441.7946472167969,0.1773082781093933,ABNOR_W,W11W23
WD_In_W11W23_0004_20210101_12.mp4,5216,0,0.907402515411377,0.816976010799408,0.1959148794412613,0.8181408047676086,0.18703562021255493,0.8218899369239807,0.18640509247779846,0.8279005289077759,0.19373075664043427,0.8477451801300049,0.19010506570339203,0.8281692266464233,0.2536331117153168,0.8696468472480774,0.24915137887001038,0.8406305313110352,0.3320004642009735,0.8824184536933899,0.3298603892326355,0.862097442150116,0.389132022857666,0.8776115775108337,0.39404982328414917,0.825678288936615,0.4186091125011444,0.8560062646865845,0.41762036085128784,0.8066226840019226,0.5030300617218018,0.837835967540741,0.5136699080467224,0.8027443289756775,0.5976439714431763,0.8194510340690613,0.6080390214920044,0.8334635416666667,0.38680555555555557,0.11640625,0.4773148148148148,0.4335596508244423,0.7929298281669617,0.8823529411764706,175.08433409330507,-3.4781130802231393,-1.0505977381593206,162.30319213867188,179.4852752685547,159.67282104492188,169.60256958007812,3.2597849922121696,7.457132778213908,-479.9516906738281,4.376945771270869,ABNOR_W,W11W23
WD_In_W11W23_0004_20210101_12.mp4,5315,0,0.9121229648590088,0.8019078969955444,0.21236182749271393,0.8059460520744324,0.2025061845779419,0.8002682328224182,0.20177610218524933,0.8220035433769226,0.2003009021282196,0.8077360987663269,0.19811944663524628,0.835138738155365,0.25307685136795044,0.8248223066329956,0.24365386366844177,0.8513275980949402,0.32320302724838257,0.838871419429779,0.3115573525428772,0.8628637790679932,0.3747437596321106,0.8427495956420898,0.36021947860717773,0.8281088471412659,0.40829649567604065,0.8231343030929565,0.40262332558631897,0.8108867406845093,0.494035005569458,0.811705470085144,0.48904621601104736,0.805292010307312,0.5939052104949951,0.8140698075294495,0.5767087340354919,0.822265625,0.38333333333333336,0.10078125,0.47129629629629627,0.3801571709233792,0.7699183821678162,0.8235294117647058,177.1759454765915,-152.80666750772656,-147.32002506768902,166.03587341308594,164.02491760253906,164.95175170898438,167.85150146484375,26.438019092946597,-16.556294451042927,-417.09185791015625,2.09161138328642,ABNOR_W,W11W23
WD_In_W11W23_0004_20210101_12.mp4,5414,0,0.9068045616149902,0.7821537256240845,0.21975815296173096,0.7867608666419983,0.21087101101875305,0.7798553705215454,0.20953701436519623,0.8030422329902649,0.2063758373260498,0.7822269797325134,0.202964648604393,0.8257969617843628,0.2648886740207672,0.7832654118537903,0.24852405488491058,0.8404445648193359,0.3431215286254883,0.781232476234436,0.3115927278995514,0.8305610418319702,0.3840503692626953,0.7738599181175232,0.3548122048377991,0.8080943822860718,0.41431155800819397,0.7791847586631775,0.4034053683280945,0.8014814853668213,0.5069547891616821,0.7611633539199829,0.4978773295879364,0.796957790851593,0.5961700081825256,0.7498130798339844,0.5888316035270691,0.7877604166666666,0.38773148148148145,0.12708333333333333,0.46805555555555556,0.4826904055390702,0.8388711214065552,0.9411764705882353,172.74753760421532,-167.78782274373083,-168.01933675300592,177.9187774658203,173.7752685546875,175.33837890625,163.94845581054688,80.41170065315345,4.443632777031628,-408.4566650390625,4.4284078723761695,ABNOR_W,W11W23
WD_In_W11W23_0004_20210101_12.mp4,5513,0,0.9095916748046875,0.7297834157943726,0.22608256340026855,0.7356703281402588,0.21638444066047668,0.7262699604034424,0.21495594084262848,0.7538086771965027,0.211326003074646,0.7258630990982056,0.20761413872241974,0.7743385434150696,0.27062714099884033,0.7246180176734924,0.25280407071113586,0.7876256704330444,0.3546287715435028,0.7250836491584778,0.3203359842300415,0.7732732892036438,0.3852231204509735,0.721815288066864,0.3728823661804199,0.7508138418197632,0.42719805240631104,0.7189152836799622,0.4147273600101471,0.7373061776161194,0.524615466594696,0.7001919150352478,0.5079705715179443,0.7245910167694092,0.6123688817024231,0.7018511295318604,0.5991687774658203,0.7377604166666667,0.3988425925925926,0.11927083333333334,0.4912037037037037,0.43166823751178135,0.8778155446052551,0.9411764705882353,170.73425666930981,-168.59993788538705,-167.59757802460425,179.40257263183594,158.50189208984375,178.8921661376953,163.9370880126953,117.12723121014842,15.826375374782462,-420.94110107421875,2.0132809349055094,ABNOR_W,W11W23
WD_In_W11W23_0004_20210101_12.mp4,5612,0,0.9022294282913208,0.6672848463058472,0.22799187898635864,0.6738223433494568,0.2175772339105606,0.6629552841186523,0.21664895117282867,0.6908868551254272,0.21258769929409027,0.6607943177223206,0.20952044427394867,0.7113270163536072,0.27439358830451965,0.6589195132255554,0.256544828414917,0.7296152114868164,0.3697381019592285,0.6525318026542664,0.3277095556259155,0.7157890796661377,0.3533247411251068,0.6446554064750671,0.3800821006298065,0.6921327114105225,0.43535056710243225,0.6586908102035522,0.4252564609050751,0.6796781420707703,0.5388221740722656,0.6534963846206665,0.5308986902236938,0.6618852615356445,0.6388162970542908,0.6771537661552429,0.6018938422203064,0.6876302083333333,0.41550925925925924,0.10390625,0.5217592592592593,0.35403726708074534,0.8751111626625061,0.9411764705882353,174.02054171378424,-169.1550171754244,-170.36390769126567,174.52423095703125,144.36166381835938,179.89346313476562,175.14242553710938,118.61738638659368,12.220561757079043,-436.9931335449219,3.2862850444744254,ABNOR_W,W11W23
WD_In_W11W23_0004_20210101_12.mp4,5711,0,0.9058869481086731,0.6008997559547424,0.23304222524166107,0.6077026128768921,0.2224491536617279,0.5974146127700806,0.2203492671251297,0.6269155740737915,0.21692590415477753,0.5976499915122986,0.21193623542785645,0.6514031291007996,0.2821158766746521,0.5975586175918579,0.26364415884017944,0.6695188283920288,0.3781897723674774,0.5974329113960266,0.33363327383995056,0.6509734988212585,0.40342894196510315,0.5923010110855103,0.3605125844478607,0.6316107511520386,0.4483252167701721,0.6001842021942139,0.43789756298065186,0.6173181533813477,0.5658777356147766,0.6009054183959961,0.5497171878814697,0.5946363210678101,0.6727868914604187,0.6218995451927185,0.6310939788818359,0.6244791666666667,0.4305555555555556,0.10989583333333333,0.5601851851851852,0.3487603305785124,0.8292102217674255,0.8823529411764706,174.87779674821786,-169.0779150383613,-169.42779532663724,171.53175354003906,156.01870727539062,179.7552947998047,179.12216186523438,148.10420253824867,16.74637321121179,-453.7493896484375,0.8572550344336207,ABNOR_W,W11W23
WD_In_W11W23_0004_20210101_12.mp4,5810,0,0.9283273220062256,0.5312119126319885,0.23871231079101562,0.5370912551879883,0.22647251188755035,0.5275536179542542,0.2265198677778244,0.557033896446228,0.21852806210517883,0.5288628339767456,0.2188817709684372,0.5863239169120789,0.28546586632728577,0.527953028678894,0.27170076966285706,0.6060826182365417,0.3727130591869354,0.526181697845459,0.34878066182136536,0.6018067598342896,0.4366721212863922,0.5242067575454712,0.40967103838920593,0.5718546509742737,0.4638851583003998,0.5340864062309265,0.4583725333213806,0.5743209719657898,0.585051953792572,0.5319911241531372,0.5826772451400757,0.5888226628303528,0.6738554835319519,0.541442334651947,0.6860183477401733,0.5645833333333333,0.44004629629629627,0.10625,0.5689814814814815,0.33197721724979656,0.8392781019210815,0.9411764705882353,177.67555939328574,-172.44385807606136,-175.30641645559578,165.88372802734375,169.04861450195312,169.72364807128906,174.94052124023438,139.77710635039918,23.557926205688183,-480.4197082519531,2.797762645067877,ABNOR_W,W11W23
WD_In_W11W23_0004_20210101_12.mp4,5909,0,0.9220792055130005,0.5336174368858337,0.2439885437488556,0.5405634045600891,0.23072010278701782,0.5277742147445679,0.23141831159591675,0.5578685998916626,0.2224874645471573,0.5236383676528931,0.22398008406162262,0.5838317275047302,0.28828898072242737,0.5216637849807739,0.2744120657444,0.6004327535629272,0.37743285298347473,0.5207417607307434,0.3466315269470215,0.5887832641601562,0.42247694730758667,0.5162925720214844,0.3909820020198822,0.5656400322914124,0.471944123506546,0.527416467666626,0.46377700567245483,0.5599277019500732,0.5938281416893005,0.5292222499847412,0.5850653648376465,0.5523830652236938,0.6970803141593933,0.5381275415420532,0.6807931661605835,0.5595052083333333,0.44930555555555557,0.10651041666666666,0.5837962962962963,0.32434575733544807,0.8528594374656677,0.8823529411764706,176.60730987493997,-172.84341992436273,-173.1466143685785,177.36135864257812,172.12547302246094,174.77572631835938,178.42478942871094,16.918810082935703,8.807084691806102,-483.56353759765625,1.068249518345766,ABNOR_W,W11W23
WD_In_W11W23_0004_20210101_12.mp4,6008,0,0.9069948196411133,0.5356842875480652,0.25215306878089905,0.5433639883995056,0.23859228193759918,0.5288066267967224,0.23899361491203308,0.5592482089996338,0.22908632457256317,0.5219990611076355,0.22972869873046875,0.5815532803535461,0.28885719180107117,0.516152024269104,0.27794700860977173,0.5981734991073608,0.37517499923706055,0.5170749425888062,0.34995025396347046,0.5863903164863586,0.41211992502212524,0.5086355209350586,0.3940218985080719,0.5683236718177795,0.46915826201438904,0.5275562405586243,0.4632880687713623,0.5602184534072876,0.5929877758026123,0.5282045602798462,0.5865913033485413,0.5512012243270874,0.7003960609436035,0.5372800827026367,0.6812700033187866,0.5557291666666667,0.45532407407407405,0.10989583333333333,0.5837962962962963,0.3346550356859635,0.8736201524734497,0.9411764705882353,179.49148376889823,-174.6393049942943,-175.36939563480487,178.14869689941406,170.86465454101562,179.20571899414062,174.29286193847656,11.788342672003903,-2.140904165642025,-462.3913879394531,2.8841738939582626,ABNOR_W,W11W23
WD_In_W11W23_0004_20210101_12.mp4,6107,0,0.930669903755188,0.6026887893676758,0.27470576763153076,0.6043187975883484,0.2617664933204651,0.6011947393417358,0.26338955760002136,0.5917209982872009,0.25163277983665466,0.5816358327865601,0.25183194875717163,0.5688709020614624,0.2983127236366272,0.5394039750099182,0.30883631110191345,0.5570963621139526,0.36334457993507385,0.5078525543212891,0.3794260621070862,0.5578659772872925,0.39894503355026245,0.49357253313064575,0.44519126415252686,0.5491374731063843,0.4927029609680176,0.5225576162338257,0.5007480382919312,0.5493937134742737,0.6131550669670105,0.5178853273391724,0.624139130115509,0.5354844331741333,0.7166393995285034,0.5027120113372803,0.7303256392478943,0.55234375,0.47453703703703703,0.13541666666666666,0.5944444444444444,0.40498442367601245,0.7742384076118469,0.7647058823529411,170.44436030737714,168.64122134201313,170.337776094004,166.344482421875,169.59768676757812,169.55325317382812,174.98130798339844,26.324760428649558,39.88198564358543,-479.5626220703125,9.047123461521096,ABNOR_W,W11W23
WD_In_W11W23_0004_20210101_12.mp4,6206,0,0.9120596051216125,0.6380712389945984,0.2685135006904602,0.638573408126831,0.2514512836933136,0.6362802386283875,0.25655755400657654,0.616686999797821,0.23669473826885223,0.6195167899131775,0.24712654948234558,0.5753048062324524,0.2859983742237091,0.6052902340888977,0.3106212615966797,0.5567721128463745,0.3822842240333557,0.571984052658081,0.3817492127418518,0.5454637408256531,0.4568571448326111,0.5464984178543091,0.4542025327682495,0.5609673857688904,0.4874468147754669,0.5886160135269165,0.499748557806015,0.5559183955192566,0.6026955246925354,0.5874964594841003,0.6194685101509094,0.5344427227973938,0.714996874332428,0.5700037479400635,0.7388570308685303,0.5895833333333333,0.46875,0.13958333333333334,0.5921296296296297,0.4190774042220485,0.8525657653808594,0.8823529411764706,171.96549879303183,24.792375653954984,14.051029771200563,165.67697143554688,166.35255432128906,177.24215698242188,172.04457092285156,86.94445125413299,-4.0920911450446695,-486.181884765625,1.5211384856546886,ABNOR_W,W11W23
WD_In_W11W23_0004_20210101_12.mp4,6305,0,0.9075101017951965,0.678158164024353,0.23750847578048706,0.6727845668792725,0.22313524782657623,0.6778596043586731,0.22747357189655304,0.6408802270889282,0.22274740040302277,0.6701746582984924,0.234917551279068,0.6142765283584595,0.2751271426677704,0.6613388061523438,0.2984412610530853,0.5947239398956299,0.36545783281326294,0.6404083371162415,0.38028931617736816,0.5895232558250427,0.438711553812027,0.6103706359863281,0.44301456212997437,0.600059449672699,0.46371129155158997,0.631575882434845,0.47251781821250916,0.6074054837226868,0.5910531282424927,0.6292341947555542,0.5977351069450378,0.5935810804367065,0.7090620994567871,0.5915147662162781,0.7095620632171631,0.6282552083333334,0.4585648148148148,0.11640625,0.5930555555555556,0.34894613583138173,0.7820444703102112,0.7647058823529411,167.833709032222,15.5708024227238,8.932514095377908,162.38011169433594,150.95529174804688,166.51092529296875,164.99713134765625,90.8721457043087,-33.319357809662534,-498.109130859375,4.1317897608098235,ABNOR_W,W11W23
WD_In_W11W23_0004_20210101_12.mp4,6404,0,0.9120048880577087,0.7403625249862671,0.2615644037723541,0.7405366897583008,0.2459626942873001,0.7386273145675659,0.24962957203388214,0.7193180322647095,0.23313046991825104,0.728026270866394,0.24133524298667908,0.6778901219367981,0.27561110258102417,0.7304548025131226,0.30166715383529663,0.655055582523346,0.36746785044670105,0.7095088958740234,0.38631728291511536,0.6601556539535522,0.4357943534851074,0.6821335554122925,0.4494578242301941,0.6664354801177979,0.4646771252155304,0.7001652121543884,0.47608235478401184,0.6730359196662903,0.5807557702064514,0.6791998744010925,0.596553385257721,0.679184079170227,0.6719541549682617,0.64309161901474,0.7069103717803955,0.6927083333333334,0.45532407407407405,0.1390625,0.5699074074074074,0.4337936636880585,0.8356603980064392,0.8823529411764706,168.46051692079163,15.579980969655866,10.769107394829724,178.93797302246094,167.00555419921875,168.08021545410156,179.96041870117188,149.87831120517174,2.9617383462753484,-451.0411071777344,0.6268078885696298,ABNOR_W,W11W23
WD_In_W11W23_0004_20210101_12.mp4,6503,0,0.9243616461753845,0.8026447296142578,0.24744677543640137,0.8024718165397644,0.2337922900915146,0.8028475046157837,0.23654471337795258,0.780681848526001,0.2240297496318817,0.7968508005142212,0.22973600029945374,0.7413806319236755,0.26764822006225586,0.8007963299751282,0.2909047305583954,0.7206554412841797,0.3517146706581116,0.7895052433013916,0.3767322897911072,0.7301140427589417,0.42017900943756104,0.7585459351539612,0.42932048439979553,0.7319015860557556,0.4409603774547577,0.7712516784667969,0.45169177651405334,0.729336142539978,0.5495890974998474,0.7644433975219727,0.5632612109184265,0.7273929119110107,0.6589133143424988,0.7352239489555359,0.6672967076301575,0.7686197916666667,0.43703703703703706,0.11588541666666667,0.5324074074074074,0.3869565217391304,0.821535050868988,0.8823529411764706,168.26927320512965,12.41691173566896,8.721343726821265,179.40618896484375,159.65823364257812,176.8506622314453,168.10101318359375,178.17327066370734,-31.469353179654377,-429.57928466796875,0.19124371566198306,ABNOR_W,W11W23
WD_In_W11W23_0004_20210101_12.mp4,6602,0,0.9245789051055908,0.8228086233139038,0.22623540461063385,0.8229160904884338,0.214077889919281,0.8278341293334961,0.2207823395729065,0.8189457654953003,0.21347834169864655,0.846256673336029,0.22567617893218994,0.7886174917221069,0.2554108500480652,0.8492567539215088,0.27982330322265625,0.7694138884544373,0.3337137997150421,0.8391368985176086,0.36434194445610046,0.7843514680862427,0.4002664387226105,0.8069784045219421,0.4143882989883423,0.7792786955833435,0.4223827123641968,0.8171464800834656,0.43608376383781433,0.7722456455230713,0.5200595259666443,0.80476975440979,0.539220929145813,0.7722141146659851,0.6165065169334412,0.7836215496063232,0.6392518281936646,0.811328125,0.4127314814814815,0.10755208333333334,0.5023148148148148,0.38064516129032255,0.7800614833831787,0.8235294117647058,167.15771093967246,12.759654803882938,11.503692982839633,172.73876953125,171.44393920898438,178.38369750976562,171.97463989257812,104.23625113026897,-22.348990451914347,-438.4753112792969,1.111562265457195,ABNOR_W,W11W23
WD_In_W11W23_0004_20210101_12.mp4,6701,0,0.911918044090271,0.8380138874053955,0.20275238156318665,0.8366228938102722,0.19118374586105347,0.8416147232055664,0.19659993052482605,0.8260679841041565,0.18924807012081146,0.853256106376648,0.19977283477783203,0.801686704158783,0.23128555715084076,0.8571432828903198,0.24910017848014832,0.7883239388465881,0.3078937232494354,0.8528019189834595,0.33003196120262146,0.7992528080940247,0.3604183793067932,0.8207803964614868,0.37131941318511963,0.7967216372489929,0.3812214732170105,0.8309259414672852,0.391374409198761,0.7871749401092529,0.467379093170166,0.8213520646095276,0.48400166630744934,0.789518415927887,0.5566676259040833,0.8023837804794312,0.5801891684532166,0.8220052083333333,0.3736111111111111,0.09765625,0.4648148148148148,0.37350597609561753,0.7778923511505127,0.8235294117647058,169.25805095761595,10.242544816300708,9.479134041578487,166.1846466064453,171.09231567382812,172.22528076171875,172.2732696533203,56.853214154622066,-56.138174874441965,-396.4583740234375,2.100340017943495,ABNOR_W,W11W23
WD_In_W11W23_0004_20210101_12.mp4,6800,0,0.9123087525367737,0.8671857714653015,0.19435636699199677,0.8658895492553711,0.18311284482479095,0.8692246079444885,0.18816803395748138,0.8557245135307312,0.17904914915561676,0.8770378828048706,0.1897321194410324,0.8306934833526611,0.21339738368988037,0.8825404047966003,0.23657703399658203,0.8130282163619995,0.2814701795578003,0.872819721698761,0.3117440938949585,0.8226808905601501,0.32748210430145264,0.8465417623519897,0.3520676791667938,0.8228601813316345,0.3569668233394623,0.8535427451133728,0.36683639883995056,0.8155144453048706,0.43982595205307007,0.8404980301856995,0.45271164178848267,0.8152052164077759,0.5255715847015381,0.8219140768051147,0.5350086092948914,0.8493489583333333,0.34837962962962965,0.08776041666666666,0.4236111111111111,0.36830601092896176,0.7777957320213318,0.8235294117647058,166.5521083505525,14.116121968408912,10.256019224505312,171.4107666015625,173.2391815185547,176.58360290527344,173.5205841064453,71.65446489738511,-31.917652890293763,-361.8977355957031,2.705942607063463,ABNOR_W,W11W23
WD_In_W11W23_0004_20210101_12.mp4,6899,0,0.9039547443389893,0.9025812745094299,0.17194002866744995,0.8999484777450562,0.16192974150180817,0.9034530520439148,0.16614440083503723,0.8813948035240173,0.16072680056095123,0.9018644094467163,0.1698247343301773,0.8585569262504578,0.1999901682138443,0.900547206401825,0.21897247433662415,0.8419718146324158,0.26302942633628845,0.8994026184082031,0.29254385828971863,0.8397945761680603,0.3128250539302826,0.8958689570426941,0.34615087509155273,0.8489881753921509,0.33105096220970154,0.8771194815635681,0.3409188985824585,0.8436041474342346,0.4029915928840637,0.874577522277832,0.415749728679657,0.8427387475967407,0.48183712363243103,0.8539524078369141,0.48613959550857544,0.871484375,0.31689814814814815,0.08567708333333333,0.39305555555555555,0.3875147232037691,0.776851236820221,0.8235294117647058,166.94644887393696,14.26714898501872,11.161893797030874,173.539306640625,155.9404296875,179.81654357910156,164.59896850585938,65.89171430772302,-33.88622367064543,-354.33697509765625,0.39434052338447145,ABNOR_W,W11W23
WD_In_W11W23_0004_20210101_12.mp4,6998,0,0.8910371661186218,0.9615635275840759,0.17362654209136963,0.9592016935348511,0.16382861137390137,0.9609397649765015,0.16693222522735596,0.9398035407066345,0.16231752932071686,0.954236626625061,0.169082909822464,0.9197219610214233,0.19668981432914734,0.9482707977294922,0.21368485689163208,0.9122961759567261,0.2581499516963959,0.9410189390182495,0.28262218832969666,0.9267467260360718,0.3070763349533081,0.9409498572349548,0.33692511916160583,0.9024261832237244,0.3174617290496826,0.9219021201133728,0.3253295123577118,0.9039657711982727,0.3980560302734375,0.9156387448310852,0.4066168963909149,0.8895754218101501,0.46782466769218445,0.8903513550758362,0.4725293517112732,0.9138020833333333,0.30995370370370373,0.1078125,0.37453703703703706,0.511742892459827,0.7311636209487915,0.7647058823529411,161.531011027644,18.513376090308,12.802228825965004,157.91799926757812,153.50418090820312,163.77117919921875,165.0233154296875,98.84363367878612,-19.087164709598348,-319.18121337890625,5.415437846292946,ABNOR_W,W11W23
WD_In_W11W23_0004_20210101_12.mp4,7097,0,0.6926920413970947,1.0,0.19748742878437042,1.0,0.1913633644580841,1.0,0.1926926076412201,0.9985336065292358,0.19526401162147522,1.0,0.19710524380207062,0.9913597702980042,0.22604861855506897,0.9928358793258667,0.23005050420761108,0.980456531047821,0.29199859499931335,0.9772539138793945,0.2899162471294403,0.9728564023971558,0.33857327699661255,0.967929482460022,0.34307944774627686,0.9617796540260315,0.31428447365760803,0.9587860703468323,0.3118937909603119,0.9498412013053894,0.3910170793533325,0.9506130218505859,0.3879793882369995,0.9353922605514526,0.468718558549881,0.9337389469146729,0.47435998916625977,0.9572916666666667,0.32916666666666666,0.08541666666666667,0.3296296296296296,0.4606741573033708,0.6065647602081299,0.7058823529411765,146.37207438090996,56.74577741764064,-155.8099588460663,177.1681365966797,171.66029357910156,164.66712951660156,154.32406616210938,104.16416276228546,-10.86078486777391,-249.69967651367188,15.158936646734048,ABNOR_W,W11W23
WD_In_W11W23_0004_20210101_12.mp4,7196,0,0.2726588845252991,0.9937484860420227,0.18989470601081848,0.9935290217399597,0.1832936555147171,0.9901197552680969,0.18276697397232056,0.9908425211906433,0.1914803385734558,0.976970374584198,0.18900080025196075,0.9845969080924988,0.23386040329933167,0.9587939977645874,0.23048536479473114,0.978423535823822,0.28999316692352295,0.9449606537818909,0.28849896788597107,0.9751895666122437,0.33649638295173645,0.9538862109184265,0.33761680126190186,0.9563749432563782,0.32165104150772095,0.9364696741104126,0.31999528408050537,0.9624130129814148,0.393728643655777,0.9434479475021362,0.3935685157775879,0.9512161612510681,0.4678831398487091,0.9249218702316284,0.4672703146934509,0.9544270833333334,0.3261574074074074,0.08020833333333334,0.34953703703703703,0.40794701986754967,0.874319851398468,0.9411764705882353,153.1230553136226,-175.79202359794544,-177.32111236626176,156.5034637451172,146.350341796875,141.78131103515625,146.51686096191406,7.734220544298207,10.112291386860624,-282.8054504394531,6.750980932712622,ABNOR_W,W11W23
WD_in_W11W24_0001_20201023_15.mp4,1714,0,0.9380503296852112,0.7593514323234558,0.45221203565597534,0.755232036113739,0.43760964274406433,0.7627965807914734,0.4288693964481354,0.7619034051895142,0.42557501792907715,0.8026479482650757,0.4023413062095642,0.7808182239532471,0.48235389590263367,0.8551201224327087,0.431765079498291,0.8077885508537292,0.5643903017044067,0.9248893857002258,0.4812316298484802,0.8382403254508972,0.6549854278564453,0.911979079246521,0.6161090135574341,0.8499730825424194,0.72194504737854,0.8967695236206055,0.6964971423149109,0.7555198669433594,0.8435310125350952,0.8063523173332214,0.792962372303009,0.7531730532646179,1.0,0.7969563603401184,0.9419915080070496,0.8276041666666667,0.6636574074074074,0.22447916666666667,0.6643518518518519,0.6006968641114983,0.7914749979972839,0.8235294117647058,-158.6647096105758,-20.95588452900006,-17.008205306491774,127.4350814819336,127.36430358886719,98.7438735961914,105.34317779541016,0.0,0.0,-555.1395263671875,0.0,ABNOR_W,W11W24
WD_in_W11W24_0001_20201023_15.mp4,1835,0,0.93477863073349,0.7049937844276428,0.6128994822502136,0.6997605562210083,0.6037319898605347,0.7084203958511353,0.5948209762573242,0.7015315890312195,0.603393018245697,0.7319038510322571,0.578744649887085,0.7246565222740173,0.6396876573562622,0.7673904299736023,0.5918130874633789,0.782823920249939,0.7656384110450745,0.8123123645782471,0.731858491897583,0.7597969770431519,0.7807828187942505,0.7647717595100403,0.7644517421722412,0.8448688983917236,0.782642662525177,0.8766239285469055,0.7565701603889465,0.7145912051200867,0.8540052771568298,0.7724586129188538,0.7983008623123169,0.7281712293624878,0.9889106154441833,0.8031454682350159,0.916963517665863,0.794140625,0.7638888888888888,0.21380208333333334,0.4583333333333333,0.8292929292929293,0.688391923904419,0.8235294117647058,-127.02997600170266,-32.21773250163992,-24.789477138830517,96.97915649414062,78.00907135009766,50.90449905395508,53.01133346557617,62.36383085876657,32.30921773884537,-338.4869384765625,31.634733608873148,ABNOR_W,W11W24
WD_in_W11W24_0001_20201023_15.mp4,1956,0,0.9427658319473267,0.6618703603744507,0.48450225591659546,0.6586287617683411,0.47647517919540405,0.6660887002944946,0.45875057578086853,0.6728204488754272,0.4675213396549225,0.7034419775009155,0.4203872084617615,0.7010230422019958,0.53117436170578,0.7560654282569885,0.4215989410877228,0.7447730898857117,0.6290212273597717,0.8123077154159546,0.45789822936058044,0.7772420048713684,0.6887481808662415,0.7930589914321899,0.5555838942527771,0.8044988512992859,0.7158063054084778,0.8422502279281616,0.666767418384552,0.7288129329681396,0.849793016910553,0.7656122446060181,0.7761105298995972,0.7254452109336853,0.9863123893737793,0.7661210894584656,0.8904476761817932,0.7490885416666667,0.6712962962962963,0.22005208333333334,0.6361111111111111,0.6149927219796215,0.7565270066261292,0.7647058823529411,-141.88614879846878,-48.23448782533115,-36.15502810148359,137.39028930664062,128.29527282714844,89.984130859375,96.74539184570312,65.48809303559264,-41.89455845735048,-446.65472412109375,14.856172796766117,ABNOR_W,W11W24
WD_in_W11W24_0001_20201023_15.mp4,2077,0,0.9414279460906982,0.6351669430732727,0.4505923092365265,0.6338993310928345,0.4403640329837799,0.632335901260376,0.4329807162284851,0.6493053436279297,0.42266324162483215,0.6567270159721375,0.402336448431015,0.6719837188720703,0.4678584933280945,0.7076644897460938,0.396691232919693,0.713193953037262,0.5345667004585266,0.7470609545707703,0.44872725009918213,0.7428990602493286,0.5745022892951965,0.7505936026573181,0.5043046474456787,0.7625484466552734,0.6131665706634521,0.7889585494995117,0.5832051038742065,0.6933164596557617,0.7522749304771423,0.7201480269432068,0.6980500817298889,0.687698483467102,0.9063388109207153,0.7235666513442993,0.8233373165130615,0.71484375,0.6409722222222223,0.1953125,0.5689814814814815,0.6102522375915378,0.7754372358322144,0.8235294117647058,-137.36251011765424,-48.288881363265205,-32.543559898385176,142.20762634277344,130.41526794433594,90.56515502929688,95.42164611816406,36.3908437686992,-49.81377398226561,-318.80206298828125,4.523638680814543,ABNOR_W,W11W24
WD_in_W11W24_0001_20201023_15.mp4,2198,0,0.9453932046890259,0.6036481857299805,0.6008443236351013,0.6016284823417664,0.5943924188613892,0.6039198040962219,0.583922803401947,0.6097623705863953,0.5784666538238525,0.6217211484909058,0.5499508380889893,0.6293879151344299,0.6149024963378906,0.6709815859794617,0.5217410922050476,0.6154760718345642,0.7121923565864563,0.7105218172073364,0.5471718311309814,0.5904756784439087,0.775775671005249,0.7137289643287659,0.5678213238716125,0.738054633140564,0.6812745928764343,0.7645564675331116,0.6401236653327942,0.6522707343101501,0.7544993162155151,0.7019515633583069,0.7063218951225281,0.6712502241134644,0.8648878335952759,0.7199114561080933,0.8063110113143921,0.6807291666666667,0.6935185185185185,0.22604166666666667,0.3888888888888889,1.0333333333333334,0.7468968629837036,0.8823529411764706,-117.1969547642133,-51.56017278226819,-41.13486453453288,98.651611328125,103.03414154052734,44.608890533447266,66.18017578125,42.935320234398624,33.44777966892185,-129.286376953125,20.165555353440936,ABNOR_W,W11W24
WD_in_W11W24_0001_20201023_15.mp4,2319,0,0.9272895455360413,0.6246540546417236,0.48394453525543213,0.6228216290473938,0.4721778929233551,0.6266927719116211,0.4670100808143616,0.6341779232025146,0.4570704400539398,0.6550840139389038,0.43962767720222473,0.6447980999946594,0.506336510181427,0.7039520740509033,0.4516257643699646,0.6432316303253174,0.6483703255653381,0.7174217104911804,0.5888389348983765,0.6617847084999084,0.7261132001876831,0.690424382686615,0.6830422878265381,0.744520366191864,0.6469002366065979,0.7856890559196472,0.6215066313743591,0.6760345697402954,0.751018762588501,0.7211446166038513,0.7039552330970764,0.6711839437484741,0.8732976317405701,0.7205651998519897,0.818656325340271,0.7061197916666667,0.6483796296296296,0.19348958333333333,0.49212962962962964,0.6989651928504234,0.7103851437568665,0.7647058823529411,-133.900494308738,-27.485652646973833,-19.13477064555616,134.5697784423828,126.2130126953125,78.94583892822266,85.15599822998047,34.14705852683922,-14.173019280700531,-324.55926513671875,16.703539544524688,ABNOR_W,W11W24
WD_in_W11W24_0001_20201023_15.mp4,2440,0,0.9309671521186829,0.6213176250457764,0.4704481363296509,0.6175931692123413,0.4624980688095093,0.6255756616592407,0.4522641599178314,0.6227474212646484,0.4525424838066101,0.6533222198486328,0.4243287146091461,0.6332772970199585,0.49723273515701294,0.6987429857254028,0.42939165234565735,0.6300762295722961,0.6257047653198242,0.7174593210220337,0.5273558497428894,0.6492622494697571,0.6994171738624573,0.6964651346206665,0.5951189398765564,0.725314736366272,0.6481291055679321,0.7718109488487244,0.6156241297721863,0.6624314188957214,0.7393369674682617,0.7158588767051697,0.6805258989334106,0.6736571788787842,0.8616743087768555,0.7079786062240601,0.7891955971717834,0.695703125,0.6356481481481482,0.17942708333333332,0.5101851851851852,0.6252268602540835,0.6717314720153809,0.7058823529411765,-138.95558587301852,-30.238346382847222,-21.46657037445728,119.94480895996094,130.46923828125,81.89290618896484,88.22728729248047,12.0240821395514,-1.2449690218989968,-348.685546875,5.055091564280531,ABNOR_W,W11W24
WD_in_W11W24_0001_20201023_15.mp4,2561,0,0.9359440207481384,0.6065507531166077,0.526623547077179,0.6028324961662292,0.5200870633125305,0.6099539995193481,0.5138620734214783,0.6021822094917297,0.5190770626068115,0.630251944065094,0.5009870529174805,0.6193922162055969,0.5382371544837952,0.655169665813446,0.5015907883644104,0.645862877368927,0.578618049621582,0.6742140650749207,0.5530268549919128,0.6466000080108643,0.6047871708869934,0.6536181569099426,0.595324695110321,0.7181179523468018,0.6262645721435547,0.7478243112564087,0.6086850762367249,0.6289393305778503,0.7037217020988464,0.6904964447021484,0.6676335334777832,0.6446075439453125,0.8219351768493652,0.7029275298118591,0.7847439050674438,0.6803385416666666,0.6523148148148148,0.17265625,0.3768518518518518,0.8144963144963145,0.691298246383667,0.8235294117647058,-119.83410889973112,-29.94885670226659,-18.411254212221284,102.77979278564453,109.3586196899414,52.67436981201172,63.075538635253906,17.11635581538135,-7.703791519626052,-196.23876953125,19.1214769732874,ABNOR_W,W11W24
WD_in_W11W24_0001_20201023_15.mp4,2682,0,0.9392517805099487,0.6254597902297974,0.4541274309158325,0.6220567226409912,0.4469314515590668,0.62674480676651,0.436945378780365,0.6260083317756653,0.4390842020511627,0.6473640203475952,0.41297513246536255,0.6425983905792236,0.46644914150238037,0.6858344674110413,0.41298532485961914,0.6665958166122437,0.527020275592804,0.7078878283500671,0.5022708177566528,0.6838159561157227,0.5540659427642822,0.6794540286064148,0.5565452575683594,0.7288616299629211,0.5960614681243896,0.762322187423706,0.5695164799690247,0.6558237075805664,0.6971918940544128,0.7087783813476562,0.6549570560455322,0.6459840536117554,0.8215981125831604,0.7060206532478333,0.778968870639801,0.6944010416666667,0.6104166666666667,0.17057291666666666,0.46805555555555556,0.6478733926805144,0.6625497341156006,0.8235294117647058,-134.6822663513857,-34.821063269451145,-24.04850304298638,135.91722106933594,134.17471313476562,78.11680603027344,90.93004608154297,26.10507667619271,-18.55867889986376,-277.90899658203125,14.848157451654572,ABNOR_W,W11W24
WD_in_W11W24_0001_20201023_15.mp4,2803,0,0.9348116517066956,0.6070160269737244,0.4308229386806488,0.604378342628479,0.4231686294078827,0.6095892190933228,0.4133327901363373,0.6117162108421326,0.41234198212623596,0.6362372040748596,0.38557496666908264,0.6226101517677307,0.4458408057689667,0.6820923089981079,0.379829078912735,0.6302777528762817,0.5064787864685059,0.7398079633712769,0.39438560605049133,0.6699234247207642,0.5405680537223816,0.732094943523407,0.4861477315425873,0.7094126343727112,0.5984929203987122,0.7489736676216125,0.5705609917640686,0.6521551012992859,0.7068192958831787,0.7104379534721375,0.6568793654441833,0.6458703875541687,0.8255527019500732,0.7054449915885925,0.7828613519668579,0.6798177083333333,0.5953703703703703,0.17578125,0.49722222222222223,0.6284916201117319,0.7835116982460022,0.8235294117647058,-141.49228619083135,-31.97438597269941,-21.660579977406176,142.1571807861328,145.5924530029297,91.47100830078125,109.62321472167969,16.038540209962477,0.9299054546228636,-332.00067138671875,6.810019839445658,ABNOR_W,W11W24
WD_in_W11W24_0001_20201023_15.mp4,2924,0,0.9243496656417847,0.5841570496559143,0.4759933352470398,0.5816165804862976,0.4677591025829315,0.5812135934829712,0.45992136001586914,0.5925574898719788,0.44517847895622253,0.6004600524902344,0.4250047504901886,0.6196165084838867,0.47002702951431274,0.6474548578262329,0.3970823585987091,0.667484700679779,0.5285524129867554,0.6999513506889343,0.449293851852417,0.6910452246665955,0.554009735584259,0.7076335549354553,0.4912794232368469,0.7100400924682617,0.559660017490387,0.729400634765625,0.5308531522750854,0.6486823558807373,0.6835567951202393,0.6805513501167297,0.6462689638137817,0.6478070616722107,0.8021920323371887,0.6806866526603699,0.7597425580024719,0.6567708333333333,0.5979166666666667,0.1921875,0.4439814814814815,0.7695516162669447,0.7719879746437073,0.8823529411764706,-126.09363391579971,-55.84450716945596,-39.92772160277713,139.3903350830078,142.9193572998047,77.7821044921875,95.60026550292969,21.959073614373697,-21.006447658378217,-149.60858154296875,15.398652275031637,ABNOR_W,W11W24
WD_in_W11W24_0001_20201023_15.mp4,3045,0,0.9214712381362915,0.5730098485946655,0.4549136757850647,0.5711086988449097,0.4459885060787201,0.5702721476554871,0.441185861825943,0.5827710032463074,0.42634034156799316,0.5875640511512756,0.4136959910392761,0.6234579682350159,0.446577787399292,0.6239550113677979,0.3981553912162781,0.6883542537689209,0.4781421720981598,0.6729769110679626,0.44808229804039,0.702219545841217,0.5176665186882019,0.6904364824295044,0.4990405738353729,0.6982380747795105,0.542877733707428,0.6944664716720581,0.5173942446708679,0.6523244976997375,0.6660598516464233,0.6554733514785767,0.618887186050415,0.6459055542945862,0.8021436929702759,0.6677097082138062,0.7115615010261536,0.6369791666666667,0.5881944444444445,0.18697916666666667,0.45694444444444443,0.7274569402228976,0.755311131477356,0.8823529411764706,-129.84379181038375,-88.95453329537318,-104.74116019238728,151.26373291015625,132.45635986328125,92.38894653320312,99.2342529296875,19.53132399090558,-8.090280264003283,-162.480224609375,3.750157894584035,ABNOR_W,W11W24
WD_in_W11W24_0001_20201023_15.mp4,3166,0,0.9485954642295837,0.5700196027755737,0.47300830483436584,0.5671863555908203,0.461759090423584,0.5693241357803345,0.45612195134162903,0.5772951245307922,0.44437265396118164,0.5888074636459351,0.42838701605796814,0.6019588708877563,0.4752797484397888,0.6306902170181274,0.41535645723342896,0.6030150055885315,0.6052348613739014,0.6470736861228943,0.5321436524391174,0.5802565813064575,0.663387656211853,0.6188855767250061,0.6036631464958191,0.7027899622917175,0.5447060465812683,0.7184015512466431,0.5186141133308411,0.6456219553947449,0.6651938557624817,0.6681840419769287,0.6317771077156067,0.6468427777290344,0.794585645198822,0.6746320724487305,0.7368140816688538,0.6421875,0.6025462962962963,0.1875,0.4356481481481482,0.7651434643995749,0.747299075126648,0.8823529411764706,-117.25696117258929,-49.556098226982044,-43.23205315960162,138.89125061035156,135.50135803222656,71.0238037109375,85.2422103881836,9.1384031437685,0.8154702062561927,-126.6878662109375,12.586830637794463,ABNOR_W,W11W24
WD_in_W11W24_0001_20201023_15.mp4,3287,0,0.9309568405151367,0.5913764834403992,0.41105392575263977,0.5891389846801758,0.40250906348228455,0.594936192035675,0.39622801542282104,0.5964675545692444,0.3951316773891449,0.6209766864776611,0.3769278824329376,0.6055954098701477,0.43431973457336426,0.6573919653892517,0.38674113154411316,0.5968942642211914,0.5491875410079956,0.6535806655883789,0.4921700358390808,0.5812082290649414,0.5325203537940979,0.6063898801803589,0.5032143592834473,0.6791576147079468,0.554924726486206,0.7146530747413635,0.5300991535186768,0.6239356994628906,0.6409685611724854,0.6712642908096313,0.5983374118804932,0.6202369332313538,0.7519286870956421,0.6704782247543335,0.7109041213989258,0.6485677083333333,0.5550925925925926,0.16223958333333333,0.4444444444444444,0.6489583333333333,0.6911609172821045,0.7058823529411765,-138.61707915107897,-27.32510326047522,-21.475364681384796,134.62460327148438,132.20887756347656,83.91592407226562,96.11937713623047,26.09890555936813,5.804854492671186,-283.9493408203125,21.360117978489683,ABNOR_W,W11W24
WD_in_W11W24_0001_20201023_15.mp4,3408,0,0.9144800901412964,0.6162416338920593,0.4692738950252533,0.6146543025970459,0.46319615840911865,0.6209697723388672,0.457419753074646,0.6185100674629211,0.4609079360961914,0.6451290249824524,0.44227081537246704,0.6167095899581909,0.4963904619216919,0.6790143251419067,0.44800400733947754,0.6202304363250732,0.5957359671592712,0.7222287654876709,0.4804646670818329,0.622187614440918,0.6337718963623047,0.6997210383415222,0.5238322019577026,0.6652775406837463,0.6064032912254333,0.7089906334877014,0.5834174156188965,0.6023527383804321,0.6371463537216187,0.6759849190711975,0.596544086933136,0.6170628666877747,0.7440003156661987,0.6719152331352234,0.7093136310577393,0.6591145833333333,0.5886574074074075,0.14635416666666667,0.3736111111111111,0.6964064436183395,0.6988517642021179,0.8235294117647058,-150.3625119685333,-23.59775731920201,-16.47726670069835,91.6144027709961,106.28097534179688,67.2402114868164,81.1282730102539,20.571010263216895,28.035804308196063,-271.374755859375,11.745432817454343,ABNOR_W,W11W24
WD_in_W11W24_0001_20201023_15.mp4,3529,0,0.9441186189651489,0.5651053786277771,0.4309801757335663,0.5634300112724304,0.41831260919570923,0.563762366771698,0.4158201515674591,0.5786945223808289,0.402892142534256,0.5862983465194702,0.39438316226005554,0.5965370535850525,0.4499233067035675,0.630184531211853,0.39754384756088257,0.5844385027885437,0.5727384686470032,0.6168298721313477,0.5171574950218201,0.5497859716415405,0.5369213819503784,0.5691277980804443,0.5113158226013184,0.690174400806427,0.5408278107643127,0.7122794389724731,0.5175101161003113,0.6323917508125305,0.650360643863678,0.6617098450660706,0.6122522950172424,0.6209579110145569,0.7589553594589233,0.6678716540336609,0.7196565866470337,0.6278645833333333,0.5608796296296297,0.20052083333333334,0.44212962962962965,0.806282722513089,0.7847601771354675,0.8823529411764706,-124.01836879572133,-41.207049700793085,-30.68312658512157,147.4390869140625,130.6781768798828,75.4753189086914,85.9215316772461,33.23360878127009,-35.174967246330816,-212.08782958984375,26.344143172811982,ABNOR_W,W11W24
WD_in_W11W24_0001_20201023_15.mp4,3650,0,0.9423878788948059,0.5738588571548462,0.47652101516723633,0.5704036951065063,0.46892717480659485,0.5748240947723389,0.4608905613422394,0.5764551758766174,0.45609039068222046,0.5944164395332336,0.43459582328796387,0.5941587090492249,0.48420795798301697,0.6304340958595276,0.42615747451782227,0.5889212489128113,0.6030510663986206,0.6295525431632996,0.5336756110191345,0.5599161386489868,0.618198573589325,0.5873727798461914,0.5771709680557251,0.68793123960495,0.5614362955093384,0.7127847671508789,0.5333263278007507,0.6240065693855286,0.6559234857559204,0.6599928140640259,0.6153086423873901,0.6205283999443054,0.7620811462402344,0.6672636270523071,0.7119072675704956,0.633203125,0.5895833333333333,0.19140625,0.38935185185185184,0.8739595719381689,0.6967546343803406,0.7058823529411765,-120.49491646152141,-41.992027839904345,-32.464600491316816,133.07479858398438,123.51649475097656,64.59756469726562,77.34292602539062,16.17167535992133,9.742105757026993,-153.0582275390625,3.5234523341999164,ABNOR_W,W11W24
WD_in_W11W24_0001_20201023_15.mp4,3771,0,0.9319463968276978,0.5454456806182861,0.41558900475502014,0.5426324009895325,0.40780404210090637,0.5489805340766907,0.3984026610851288,0.5491576790809631,0.39935988187789917,0.5741173028945923,0.37295329570770264,0.5636911392211914,0.44214773178100586,0.6123725175857544,0.3812471926212311,0.5741060972213745,0.5500079393386841,0.6283220648765564,0.4845997989177704,0.6035997271537781,0.6055943965911865,0.6193865537643433,0.5575469732284546,0.6520115733146667,0.5583094358444214,0.6880233883857727,0.5288920402526855,0.602364718914032,0.6508631706237793,0.6442021131515503,0.5912184715270996,0.6181401610374451,0.7588735222816467,0.647003173828125,0.697437584400177,0.6102864583333333,0.5502314814814815,0.17890625,0.45601851851851855,0.6974619289340102,0.6987351775169373,0.7647058823529411,-132.14454402247165,-35.1336277183094,-24.6785629499151,121.80441284179688,125.9769287109375,82.85466766357422,86.33052062988281,30.306629852289444,-2.022793070349269,-276.50537109375,11.649627560950236,ABNOR_W,W11W24
WD_in_W11W24_0001_20201023_15.mp4,3892,0,0.9371362924575806,0.5035591721534729,0.37044578790664673,0.5012611150741577,0.36327388882637024,0.5064314007759094,0.3546402156352997,0.510398268699646,0.3576467037200928,0.5327192544937134,0.3332633972167969,0.53094881772995,0.3925391733646393,0.5681947469711304,0.33379998803138733,0.5676635503768921,0.4407670795917511,0.5969545245170593,0.38887450098991394,0.5911133885383606,0.46586450934410095,0.599770188331604,0.43550288677215576,0.6185938119888306,0.4886726140975952,0.6465586423873901,0.46521109342575073,0.584308922290802,0.6011641621589661,0.6198946833610535,0.5662972927093506,0.5987547039985657,0.7139892578125,0.6342357397079468,0.6794023513793945,0.5725260416666667,0.5152777777777777,0.17526041666666667,0.45185185185185184,0.6895491803278688,0.7084578275680542,0.7058823529411765,-127.6324231511075,-41.57614905891855,-25.263451032357935,138.72677612304688,142.1737060546875,93.22370147705078,108.20459747314453,40.48504008682955,-35.65706174641685,-230.031494140625,4.5121208713641465,ABNOR_W,W11W24
WD_in_W11W24_0001_20201023_15.mp4,4013,0,0.9324144124984741,0.5251708626747131,0.31469208002090454,0.5228918194770813,0.30739784240722656,0.5292186737060547,0.3037357032299042,0.5221215486526489,0.30877089500427246,0.5492237210273743,0.2967591881752014,0.5237067341804504,0.3461291790008545,0.5746787786483765,0.32088443636894226,0.504590630531311,0.38795268535614014,0.5769440531730652,0.3710676431655884,0.5409992337226868,0.4277712404727936,0.5593628287315369,0.4149055480957031,0.5770339965820312,0.4840072691440582,0.6136415600776672,0.4707321524620056,0.5536543726921082,0.582523763179779,0.597891092300415,0.5554299354553223,0.565055787563324,0.6825665235519409,0.603733479976654,0.6500158309936523,0.5598958333333334,0.48518518518518516,0.134375,0.44907407407407407,0.5319587628865979,0.7113466262817383,0.7647058823529411,-150.30669188797074,-15.567149893313301,-11.529098820347022,145.67184448242188,155.43975830078125,122.61312103271484,136.8975372314453,20.0892362171785,0.22892341301941418,-351.3836364746094,22.67426873686324,ABNOR_W,W11W24
WD_in_W11W24_0001_20201023_15.mp4,4134,0,0.8502581715583801,0.5520538687705994,0.4428986608982086,0.5469263195991516,0.43903082609176636,0.5552970170974731,0.4410453736782074,0.5491117238998413,0.42120161652565,0.5757457613945007,0.42476680874824524,0.559482216835022,0.4022955894470215,0.6009157299995422,0.4152210056781769,0.5427489876747131,0.39932531118392944,0.6239938735961914,0.4879135191440582,0.5542678833007812,0.4276483654975891,0.6158169507980347,0.5507842302322388,0.5901904702186584,0.48538345098495483,0.6260844469070435,0.48655396699905396,0.5463660955429077,0.548777163028717,0.6065639853477478,0.5442314743995667,0.5598180294036865,0.6557776927947998,0.6038027405738831,0.6424506902694702,0.5752604166666667,0.5254629629629629,0.12395833333333334,0.3,0.7345679012345679,0.6675660610198975,0.7058823529411765,-147.24732021701152,9.95264340951934,1.0508791839329776,116.53606414794922,151.82704162597656,95.82783508300781,116.86734771728516,26.038885362433287,4.6008972062136175,-93.03125,3.059371670959223,ABNOR_W,W11W24
WD_in_W11W24_0001_20201023_15.mp4,4255,0,0.9106987118721008,0.5012041926383972,0.3318774104118347,0.4988837242126465,0.32478415966033936,0.504833459854126,0.31956300139427185,0.5054954886436462,0.32070422172546387,0.5299153923988342,0.30403926968574524,0.5230053663253784,0.3511009216308594,0.5551454424858093,0.3094345033168793,0.5392471551895142,0.38771212100982666,0.5460761785507202,0.34264516830444336,0.5583177804946899,0.41699984669685364,0.5324970483779907,0.3813023865222931,0.5933759808540344,0.45611751079559326,0.6221610307693481,0.4374179542064667,0.5587642788887024,0.5582666993141174,0.598871648311615,0.5229880213737488,0.566729724407196,0.6563282012939453,0.6048772931098938,0.634915828704834,0.5516927083333333,0.47314814814814815,0.16015625,0.39444444444444443,0.721830985915493,0.6881052255630493,0.7647058823529411,-133.650566790845,-36.10048763568174,-20.07307385405653,140.71920776367188,148.73098754882812,98.94779205322266,111.22962188720703,35.85267417775277,-20.9693171825664,-248.16305541992188,13.596753426166515,ABNOR_W,W11W24
WD_in_W11W24_0001_20201023_15.mp4,4376,0,0.9340649843215942,0.5037174224853516,0.34689822793006897,0.5021868944168091,0.34137362241744995,0.5057294964790344,0.3319443464279175,0.5118415355682373,0.3334357440471649,0.5279422998428345,0.30828380584716797,0.5292757749557495,0.3666270077228546,0.5656238794326782,0.30561739206314087,0.5464090704917908,0.4418323338031769,0.5887367129325867,0.35975518822669983,0.5677836537361145,0.4738134741783142,0.5787487626075745,0.40638861060142517,0.6043043732643127,0.45473140478134155,0.6302964091300964,0.43050527572631836,0.5657239556312561,0.5469716787338257,0.5998827219009399,0.5224916338920593,0.5690420866012573,0.6521487832069397,0.6018938422203064,0.6305748820304871,0.566796875,0.4722222222222222,0.15286458333333333,0.39166666666666666,0.693853427895981,0.6960987448692322,0.6470588235294118,-130.61649469077224,-43.35442545260758,-27.66730241931914,140.15634155273438,147.65867614746094,86.8124771118164,106.92028045654297,14.37564342684856,-2.220125460583354,-206.75546264648438,3.0340721000727626,ABNOR_W,W11W24
WD_in_W11W24_0001_20201023_15.mp4,4497,0,0.9320447444915771,0.5007023215293884,0.37061575055122375,0.4985336363315582,0.36450931429862976,0.4999917149543762,0.35548701882362366,0.5071412324905396,0.348496675491333,0.5176084041595459,0.3261118531227112,0.5295279622077942,0.3733510375022888,0.5588833093643188,0.31266292929649353,0.5497320294380188,0.4545552730560303,0.5843718647956848,0.3674798905849457,0.539498507976532,0.456715852022171,0.563728928565979,0.3952948749065399,0.606662392616272,0.45323625206947327,0.6280210614204407,0.42860743403434753,0.5644721984863281,0.545647919178009,0.5973246693611145,0.5215210318565369,0.5680209994316101,0.6517139673233032,0.600852906703949,0.6278504133224487,0.5608072916666667,0.4791666666666667,0.16276041666666666,0.38055555555555554,0.7603406326034063,0.7131012082099915,0.7647058823529411,-126.98254436550718,-49.306945417897786,-32.96832673771618,137.53187561035156,146.1968536376953,81.1593017578125,102.90208435058594,6.801848014736676,-0.9077184118195752,-151.86114501953125,3.6339503252650616,ABNOR_W,W11W24
WD_in_W11W24_0001_20201023_15.mp4,4618,0,0.9359633326530457,0.5051844716072083,0.3528517782688141,0.5036436319351196,0.3447679281234741,0.5049887299537659,0.3381350338459015,0.5134722590446472,0.33295339345932007,0.5239061117172241,0.31560468673706055,0.5334980487823486,0.36507368087768555,0.5623005628585815,0.3161905109882355,0.5513458251953125,0.4590734839439392,0.5742810368537903,0.40864208340644836,0.5292238593101501,0.45975959300994873,0.535674512386322,0.43428662419319153,0.6077888607978821,0.4477948546409607,0.6281307339668274,0.42662566900253296,0.5663655996322632,0.5446041822433472,0.5987707376480103,0.5228873491287231,0.5669393539428711,0.6513552069664001,0.6018167734146118,0.6288555860519409,0.5671875,0.47662037037037036,0.1515625,0.38472222222222224,0.7003610108303249,0.7650376558303833,0.8823529411764706,-127.79016443639242,-43.67141964346851,-30.343741721190078,142.19290161132812,148.60693359375,84.800537109375,104.87126159667969,6.218365294447607,-1.9853959407116764,-182.21429443359375,0.8076200708852355,ABNOR_W,W11W24
WD_in_W11W24_0001_20201023_15.mp4,4739,0,0.9366471171379089,0.5071035027503967,0.34462374448776245,0.5055235028266907,0.3358211815357208,0.5071427822113037,0.3298642337322235,0.5152744650840759,0.32489013671875,0.5270698666572571,0.3090692460536957,0.5364482998847961,0.3603118062019348,0.5633441209793091,0.3149755001068115,0.5526450872421265,0.45641735196113586,0.5696527361869812,0.41202616691589355,0.5229538679122925,0.45844677090644836,0.5282409191131592,0.43584996461868286,0.6077712178230286,0.4473356604576111,0.6277104020118713,0.4271726906299591,0.5676735043525696,0.546622633934021,0.6004394888877869,0.5248911380767822,0.568010687828064,0.6509555578231812,0.6019155383110046,0.6307510137557983,0.567578125,0.47175925925925927,0.15286458333333333,0.39351851851851855,0.6905882352941176,0.7660295367240906,0.8823529411764706,-129.55233112360628,-43.475851383514645,-29.63183585698754,143.9936065673828,152.1923828125,88.7857437133789,108.04814147949219,2.627347465394653,0.02350239048566386,-200.08175659179688,1.7621666872138633,ABNOR_W,W11W24
WD_in_W11W24_0001_20201023_15.mp4,4860,0,0.8940029740333557,0.513841986656189,0.3299579918384552,0.5139254331588745,0.32270610332489014,0.5170103907585144,0.3165263235569,0.5222140550613403,0.32267898321151733,0.5400994420051575,0.3035487234592438,0.5382518768310547,0.3556568920612335,0.5641164779663086,0.3118140399456024,0.5689879059791565,0.38900893926620483,0.5656704306602478,0.34712186455726624,0.5810906887054443,0.415769100189209,0.5572397708892822,0.3854404389858246,0.6110170483589172,0.43725910782814026,0.6322078108787537,0.41883301734924316,0.5663116574287415,0.5449747443199158,0.5992050170898438,0.512129008769989,0.5688375234603882,0.6580998301506042,0.6030214428901672,0.6260621547698975,0.573828125,0.47662037037037036,0.14296875,0.4023148148148148,0.6317606444188723,0.7133826017379761,0.7647058823529411,-126.98870870902489,-43.6360819042692,-26.063845347125334,141.3056640625,144.42723083496094,85.82310485839844,99.31443786621094,6.487462554447616,-4.925588501037023,-211.87020874023438,2.5636224145813884,ABNOR_W,W11W24
WD_in_W11W24_0001_20201023_15.mp4,4981,0,0.9319819211959839,0.49211570620536804,0.3558763265609741,0.49134504795074463,0.3474840819835663,0.4896712601184845,0.34244370460510254,0.5015695691108704,0.3307366967201233,0.504372239112854,0.3177332580089569,0.525091290473938,0.35571160912513733,0.5392128229141235,0.30932292342185974,0.5713722109794617,0.3928772807121277,0.5698394775390625,0.3561658561229706,0.5723592638969421,0.4208691120147705,0.5650310516357422,0.3968349099159241,0.5996506214141846,0.42584890127182007,0.6097124218940735,0.4067938029766083,0.5551764965057373,0.5383142828941345,0.5769252777099609,0.5034404993057251,0.5553430318832397,0.6533616781234741,0.5860157012939453,0.602809488773346,0.551171875,0.47824074074074074,0.14817708333333332,0.3962962962962963,0.6647196261682243,0.7748159766197205,0.8823529411764706,-123.02144893858474,-61.578336628421944,-46.81010898150441,144.74462890625,139.66819763183594,82.77713775634766,96.77767944335938,21.568088639172654,-6.273316427537466,-130.56124877929688,3.967259770440151,ABNOR_W,W11W24
WD_in_W11W24_0001_20201023_15.mp4,5102,0,0.9283237457275391,0.4381696581840515,0.37970107793807983,0.436337947845459,0.37217408418655396,0.4347023069858551,0.3670351803302765,0.44483083486557007,0.352478951215744,0.44680675864219666,0.3396824300289154,0.47383350133895874,0.37599101662635803,0.48495373129844666,0.3231308162212372,0.5286713242530823,0.39659228920936584,0.5324061512947083,0.3463863134384155,0.5427457690238953,0.42323407530784607,0.546725332736969,0.378585547208786,0.5463739633560181,0.4553641378879547,0.5509580373764038,0.43234312534332275,0.5160489678382874,0.557727575302124,0.5248156785964966,0.520205557346344,0.5216546058654785,0.6705179810523987,0.5389874577522278,0.6085171103477478,0.49361979166666664,0.49675925925925923,0.15651041666666668,0.4083333333333333,0.68140589569161,0.8099415302276611,0.8823529411764706,-127.44012945585673,-69.49460109132748,-70.50579461747705,147.1765594482422,136.2002410888672,93.8374252319336,105.06822204589844,55.633078746788144,14.731168333539758,-138.56948852539062,4.418680517271994,ABNOR_W,W11W24
WD_in_W11W24_0001_20201023_15.mp4,5223,0,0.9264497756958008,0.42899078130722046,0.43415582180023193,0.4252755045890808,0.4253535270690918,0.42670080065727234,0.4229426980018616,0.4301978051662445,0.4009700417518616,0.4378352165222168,0.39414241909980774,0.4538087248802185,0.4126681089401245,0.4706597328186035,0.3686632215976715,0.48096179962158203,0.4837881028652191,0.49921074509620667,0.44324594736099243,0.5024386644363403,0.5438410639762878,0.5120987296104431,0.5205844044685364,0.5361483097076416,0.45646628737449646,0.543503999710083,0.44044241309165955,0.5075782537460327,0.5656334757804871,0.5126696825027466,0.5385487675666809,0.5221903920173645,0.6739539504051208,0.5191610455513,0.6403276324272156,0.482421875,0.5238425925925926,0.16692708333333334,0.3597222222222222,0.824967824967825,0.7634425163269043,0.8823529411764706,-112.73060667941192,-55.75400403892354,-50.782764066515824,141.56344604492188,144.3369903564453,81.70677185058594,89.80438232421875,17.98003332769173,2.461003099945053,-30.88482666015625,14.709522776444814,ABNOR_W,W11W24
WD_in_W11W24_0001_20201023_15.mp4,5344,0,0.9323095679283142,0.42521947622299194,0.43156349658966064,0.42250826954841614,0.4221741855144501,0.42299729585647583,0.41871243715286255,0.42852672934532166,0.400075227022171,0.4337295889854431,0.3904862403869629,0.45286035537719727,0.42063283920288086,0.4667131304740906,0.3729863464832306,0.477378785610199,0.509907603263855,0.4974866211414337,0.45422008633613586,0.4827704429626465,0.5789434909820557,0.49918898940086365,0.5387124419212341,0.5390434265136719,0.4524053931236267,0.5414474010467529,0.43384161591529846,0.5076666474342346,0.5690963268280029,0.5081175565719604,0.538390576839447,0.520033597946167,0.6718922257423401,0.5170086622238159,0.6373669505119324,0.4822916666666667,0.5243055555555556,0.1671875,0.35694444444444445,0.8326848249027238,0.7575414776802063,0.8823529411764706,-107.94132447138614,-62.66679083880377,-77.03539232537749,142.37872314453125,141.3842010498047,76.1666488647461,85.06722259521484,0.2769467398439175,-2.8522709734758176,-24.969635009765625,4.7892822080257815,ABNOR_W,W11W24
WD_in_W11W24_0001_20201023_15.mp4,5465,0,0.9391133189201355,0.4342613220214844,0.334797739982605,0.4329148530960083,0.3295162618160248,0.43718329071998596,0.32095474004745483,0.4376932978630066,0.32653504610061646,0.4566727578639984,0.30251553654670715,0.4521617293357849,0.3549414873123169,0.48125994205474854,0.30835816264152527,0.4780350625514984,0.3872513771057129,0.500616192817688,0.3471348285675049,0.49371233582496643,0.4230826795101166,0.4962858259677887,0.3972293436527252,0.5265411734580994,0.4480953514575958,0.5472677946090698,0.4250527620315552,0.49926233291625977,0.5577049255371094,0.5185917019844055,0.5054678916931152,0.5171128511428833,0.6698785424232483,0.5309248566627502,0.5922719240188599,0.4942708333333333,0.47638888888888886,0.13385416666666666,0.4222222222222222,0.5635964912280702,0.693854033946991,0.8235294117647058,-130.0576476281177,-42.00320634117296,-32.019954576663324,140.3370819091797,133.45144653320312,101.29750061035156,102.46731567382812,28.05594865510409,-3.504282772053815,-219.83682250976562,22.116323156731568,ABNOR_W,W11W24
WD_in_W11W24_0001_20201023_15.mp4,5586,0,0.9167163372039795,0.40565451979637146,0.40072396397590637,0.40282583236694336,0.3964165151119232,0.4045349359512329,0.38743242621421814,0.4061741232872009,0.38300010561943054,0.4160599112510681,0.36048558354377747,0.42730018496513367,0.3991495966911316,0.45000824332237244,0.33507782220840454,0.4657420217990875,0.4419083595275879,0.48888257145881653,0.36859843134880066,0.47608861327171326,0.458601713180542,0.4862799644470215,0.40407925844192505,0.505851686000824,0.44851604104042053,0.5242663621902466,0.42041075229644775,0.47384825348854065,0.5582130551338196,0.5003182888031006,0.5137441754341125,0.4858517646789551,0.655062735080719,0.5141530632972717,0.6073862910270691,0.45859375,0.5023148148148148,0.1609375,0.35185185185185186,0.8131578947368421,0.6686405539512634,0.7058823529411765,-116.3738242903096,-57.78611154913812,-40.64646331309332,140.16038513183594,140.7633514404297,82.0551528930664,98.35795593261719,36.65264446256075,-1.1290370266646546,-72.87713623046875,13.683823337808107,ABNOR_W,W11W24
WD_in_W11W24_0001_20201023_15.mp4,5707,0,0.9348928928375244,0.3749130368232727,0.38539379835128784,0.3736800253391266,0.37780845165252686,0.3722086548805237,0.37182286381721497,0.3834315836429596,0.36256420612335205,0.38487470149993896,0.3472948968410492,0.41008442640304565,0.38651302456855774,0.42402490973472595,0.33055469393730164,0.46164819598197937,0.41451215744018555,0.4791267514228821,0.35904261469841003,0.4738597869873047,0.4460902214050293,0.48541364073753357,0.40259602665901184,0.4843681752681732,0.444405734539032,0.494538813829422,0.41960322856903076,0.45350950956344604,0.544722318649292,0.4724884331226349,0.5039282441139221,0.4674958288669586,0.6459856629371643,0.48963120579719543,0.5859883427619934,0.43359375,0.4858796296296296,0.1546875,0.3578703703703704,0.7684346701164295,0.7707139253616333,0.8823529411764706,-119.71890336643025,-66.11220877141194,-53.9077619140262,137.5315399169922,134.69308471679688,84.99899291992188,100.45561981201172,25.35386522658769,-1.315642501683645,-100.67904663085938,3.345079076120655,ABNOR_W,W11W24
WD_in_W11W24_0001_20201023_15.mp4,5828,0,0.9310405254364014,0.3304733335971832,0.3888181149959564,0.32933512330055237,0.38217344880104065,0.32811659574508667,0.3741128742694855,0.33842068910598755,0.3668220639228821,0.34019774198532104,0.34658077359199524,0.36463868618011475,0.394165962934494,0.3799768388271332,0.3283596634864807,0.41159313917160034,0.43138107657432556,0.42747461795806885,0.3614918887615204,0.42549461126327515,0.4534711539745331,0.43477776646614075,0.4000861644744873,0.44118914008140564,0.4475829303264618,0.4509590268135071,0.41911256313323975,0.41821688413619995,0.5506935119628906,0.4319809079170227,0.5095277428627014,0.44010505080223083,0.6396366357803345,0.44626685976982117,0.5870637893676758,0.388671875,0.4847222222222222,0.15963541666666667,0.35833333333333334,0.7919896640826873,0.7432674169540405,0.8235294117647058,-118.79666235186075,-67.49257547261794,-58.614218713807695,134.7635040283203,141.4002227783203,89.8233642578125,105.2593765258789,42.73423705495694,0.7187165569072022,-96.18402099609375,0.9222410145695079,ABNOR_W,W11W24
WD_in_W11W24_0001_20201023_15.mp4,5949,0,0.9119681119918823,0.3338938057422638,0.4216838777065277,0.3321479856967926,0.41871947050094604,0.3348330855369568,0.4090714454650879,0.33272460103034973,0.4158569574356079,0.3426246643066406,0.3911772072315216,0.3503624498844147,0.4329078793525696,0.3699497580528259,0.3819722533226013,0.3784903585910797,0.47032853960990906,0.4041573703289032,0.4058559238910675,0.39568406343460083,0.47483453154563904,0.40941697359085083,0.4341495931148529,0.4269986152648926,0.4513325095176697,0.4425683915615082,0.4285804331302643,0.39490291476249695,0.5495275855064392,0.4194493591785431,0.5089070200920105,0.41052258014678955,0.6421664357185364,0.4292060136795044,0.5897893309593201,0.386328125,0.5180555555555556,0.13880208333333333,0.30833333333333335,0.8003003003003003,0.6372564435005188,0.7647058823529411,-103.77120177448703,-55.641749840817624,-39.41953268528785,133.15408325195312,140.7989044189453,67.5417251586914,82.75345611572266,17.969370910026484,3.5351266242183628,-39.46881103515625,15.025460577373721,ABNOR_W,W11W24
WD_in_W11W24_0001_20201023_15.mp4,6070,0,0.9366803169250488,0.32702377438545227,0.3645961582660675,0.3242112398147583,0.3578804135322571,0.3277754783630371,0.3494119644165039,0.326560914516449,0.3505729138851166,0.34202316403388977,0.3285486102104187,0.34934577345848083,0.3785526752471924,0.37234610319137573,0.32626163959503174,0.38493582606315613,0.4218273162841797,0.39487168192863464,0.3734542429447174,0.3905949890613556,0.4407750368118286,0.38181543350219727,0.41154059767723083,0.4283565580844879,0.4378030598163605,0.44586679339408875,0.4138047993183136,0.39753690361976624,0.546389639377594,0.4209645390510559,0.5037588477134705,0.4137658476829529,0.647017240524292,0.4292912483215332,0.5908077955245972,0.3829427083333333,0.48171296296296295,0.14453125,0.3819444444444444,0.6727272727272727,0.692501425743103,0.8235294117647058,-118.428450449641,-51.97601618941842,-37.629380386250524,137.22706604003906,144.14491271972656,86.09646606445312,97.60954284667969,19.70997084820355,-7.572328096455443,-132.20877075195312,14.65724867515398,ABNOR_W,W11W24
WD_in_W11W24_0001_20201023_15.mp4,6191,0,0.9313958287239075,0.3234896957874298,0.33400288224220276,0.32083457708358765,0.3281124532222748,0.32626715302467346,0.3179258704185486,0.32286548614501953,0.32779332995414734,0.34526798129081726,0.30093082785606384,0.3491258919239044,0.3646096885204315,0.37163323163986206,0.30820202827453613,0.386199951171875,0.40640318393707275,0.36646538972854614,0.36590152978897095,0.3943672478199005,0.4284780025482178,0.34117287397384644,0.3805558979511261,0.42717230319976807,0.4399738907814026,0.44637471437454224,0.4122110903263092,0.3967834413051605,0.5502538084983826,0.42015522718429565,0.5040825605392456,0.41431722044944763,0.6474342942237854,0.4284442067146301,0.5910055041313171,0.381640625,0.46828703703703706,0.14505208333333333,0.4125,0.6251402918069585,0.7258619070053101,0.8235294117647058,-123.43982691783417,-54.64982543146362,-39.12014872860568,136.116455078125,143.4765625,92.40980529785156,101.1510009765625,7.287735992849014,0.15436392600374566,-198.91357421875,5.011376468193163,ABNOR_W,W11W24
WD_in_W11W24_0001_20201023_15.mp4,6312,0,0.9221025109291077,0.3183738589286804,0.30938008427619934,0.31736281514167786,0.29913389682769775,0.3186478614807129,0.2969360649585724,0.32699185609817505,0.2913721799850464,0.3382795751094818,0.2836337685585022,0.3493100106716156,0.324665904045105,0.3675498068332672,0.298221230506897,0.37838318943977356,0.37072455883026123,0.3588463366031647,0.37417083978652954,0.38568150997161865,0.41416603326797485,0.32176241278648376,0.3942093849182129,0.4184497892856598,0.42591115832328796,0.4352876543998718,0.4119914472103119,0.40117254853248596,0.5365093946456909,0.42101210355758667,0.49891746044158936,0.41380026936531067,0.6461477279663086,0.43144911527633667,0.5872064828872681,0.37330729166666665,0.4537037037037037,0.15234375,0.4398148148148148,0.6157894736842106,0.8305288553237915,0.8823529411764706,-131.46407540077246,-39.19837148185081,-24.93901377121763,152.90725708007812,151.85589599609375,113.95736694335938,117.09725952148438,11.122782394415145,-3.8209035900343697,-236.673828125,8.02424848293829,ABNOR_W,W11W24
WD_in_W11W24_0001_20201023_15.mp4,6433,0,0.9344198107719421,0.3219408094882965,0.29680585861206055,0.3199288249015808,0.2878577709197998,0.3243425786495209,0.281656414270401,0.3255295753479004,0.2874200940132141,0.34771478176116943,0.2697403132915497,0.35739901661872864,0.3284669518470764,0.37149330973625183,0.2914173901081085,0.4038642346858978,0.3771864175796509,0.36393070220947266,0.3526681661605835,0.3997344970703125,0.4040932059288025,0.332052618265152,0.36058443784713745,0.4221653342247009,0.43331578373908997,0.4353720545768738,0.4132288992404938,0.4002326428890228,0.5415343046188354,0.42067092657089233,0.5055440664291382,0.4144385755062103,0.6468595862388611,0.4309083819389343,0.5923998355865479,0.37994791666666666,0.4476851851851852,0.14270833333333333,0.4546296296296296,0.5580448065173116,0.767386257648468,0.7647058823529411,-134.74306538382925,-55.9296370567127,-40.54828098519379,146.70188903808594,152.3579864501953,112.50735473632812,121.19989776611328,7.090052901343429,2.3119730142664725,-273.1676025390625,3.278989983056789,ABNOR_W,W11W24
WD_in_W11W24_0001_20201023_15.mp4,6554,0,0.9232690334320068,0.29991546273231506,0.3713393211364746,0.29769474267959595,0.3625093996524811,0.29704639315605164,0.35918840765953064,0.306797593832016,0.34429430961608887,0.3112119138240814,0.33518168330192566,0.3334382474422455,0.37310197949409485,0.3515157997608185,0.3233203589916229,0.3811068534851074,0.3993600606918335,0.39807161688804626,0.34761497378349304,0.40153130888938904,0.41917580366134644,0.4128255248069763,0.38314270973205566,0.4074898660182953,0.4470362365245819,0.4218646287918091,0.4264170229434967,0.38560304045677185,0.548258364200592,0.4084949791431427,0.5028574466705322,0.4021150469779968,0.6481411457061768,0.4266723692417145,0.5891231894493103,0.35989583333333336,0.4837962962962963,0.1640625,0.3851851851851852,0.7572115384615384,0.8113645315170288,0.8823529411764706,-124.59051924335819,-57.15462962208777,-38.89837764780976,142.59556579589844,142.19143676757812,98.29209899902344,112.2278823852539,27.14309857597734,7.196948810518821,-141.236572265625,10.15254614047106,ABNOR_W,W11W24
WD_in_W11W24_0001_20201023_15.mp4,6675,0,0.9257422685623169,0.2666853368282318,0.46487006545066833,0.2639653980731964,0.45851612091064453,0.26684892177581787,0.4524915814399719,0.2665586471557617,0.44261789321899414,0.27775871753692627,0.42639508843421936,0.2808574438095093,0.4582158327102661,0.30814462900161743,0.40761756896972656,0.2834087610244751,0.5502354502677917,0.3328864872455597,0.4784429371356964,0.281593918800354,0.6033223271369934,0.32131099700927734,0.5433216094970703,0.35890522599220276,0.47002893686294556,0.3813938796520233,0.44498324394226074,0.32163530588150024,0.5767701864242554,0.35877785086631775,0.5211676955223083,0.34008175134658813,0.6631682515144348,0.38018888235092163,0.5973432064056396,0.3240885416666667,0.5405092592592593,0.14713541666666666,0.3087962962962963,0.8470764617691154,0.7234947085380554,0.8823529411764706,-100.36147099700224,-46.20674849458547,-32.06541930678635,127.38581848144531,125.62638854980469,63.03717041015625,78.18751525878906,45.616415310138464,11.118066998912404,15.906158447265625,24.229048246355944,ABNOR_W,W11W24
WD_in_W11W24_0001_20201023_15.mp4,6796,0,0.9370436668395996,0.2827433943748474,0.33893340826034546,0.28114548325538635,0.3322708010673523,0.2868806719779968,0.3285515606403351,0.2831430435180664,0.3313530683517456,0.30571016669273376,0.318123459815979,0.2856038212776184,0.36269134283065796,0.33058643341064453,0.3290228843688965,0.27025648951530457,0.43053558468818665,0.3487698435783386,0.3829580545425415,0.29868850111961365,0.47725915908813477,0.33497148752212524,0.4325934052467346,0.34978705644607544,0.4653880000114441,0.3813989460468292,0.44744956493377686,0.3320294916629791,0.564879834651947,0.37127915024757385,0.5171626806259155,0.3466340899467468,0.6637731790542603,0.38301828503608704,0.6024414300918579,0.32786458333333335,0.4847222222222222,0.13802083333333334,0.40555555555555556,0.6050228310502284,0.722455620765686,0.7647058823529411,-137.24544791573942,-22.831967975958225,-17.702840369699476,147.68505859375,151.77825927734375,114.38384246826172,128.1938934326172,30.064223739045392,-0.5817616490819296,-253.76846313476562,36.883976918737176,ABNOR_W,W11W24
WD_in_W11W24_0001_20201023_15.mp4,6917,0,0.93149334192276,0.38898882269859314,0.2886772155761719,0.3863080143928528,0.27677208185195923,0.38994166254997253,0.2824680805206299,0.3641285002231598,0.2658514976501465,0.3835783004760742,0.2776729464530945,0.33282727003097534,0.2861137390136719,0.38203945755958557,0.31932321190834045,0.29668405652046204,0.31011074781417847,0.39093536138534546,0.39946264028549194,0.3162113428115845,0.36837518215179443,0.3790023922920227,0.4562549591064453,0.3191048800945282,0.42384690046310425,0.3529883027076721,0.4369783401489258,0.32908716797828674,0.5032177567481995,0.3755623400211334,0.5063334107398987,0.33758583664894104,0.5814354419708252,0.3830738067626953,0.5967093706130981,0.3470052083333333,0.42592592592592593,0.11328125,0.3907407407407407,0.5154028436018957,0.8010004758834839,0.8235294117647058,163.41909295451316,20.786145684947748,12.297848685556287,178.3297576904297,158.3496551513672,157.35263061523438,126.24479675292969,36.33860968506485,-13.911178762691925,-306.1484680175781,300.6645408702526,ABNOR_W,W11W24
WD_in_W11W24_0001_20201023_15.mp4,7038,0,0.920336127281189,0.389079213142395,0.2785508334636688,0.3887026607990265,0.26696300506591797,0.3885473608970642,0.27118900418281555,0.37120696902275085,0.25764328241348267,0.3774662911891937,0.26589497923851013,0.3435405194759369,0.27395808696746826,0.3699118196964264,0.3024408519268036,0.3426506817340851,0.3600117564201355,0.3654971122741699,0.38589978218078613,0.35337504744529724,0.42145073413848877,0.3613409996032715,0.448789119720459,0.30715930461883545,0.39051225781440735,0.3260136544704437,0.4030025899410248,0.3416557312011719,0.47442135214805603,0.35756927728652954,0.49104321002960205,0.3525322675704956,0.5575116276741028,0.3696700930595398,0.589866578578949,0.34674479166666666,0.4166666666666667,0.10546875,0.39351851851851855,0.4764705882352941,0.7736539244651794,0.8823529411764706,146.6815029588803,31.280230698822596,20.437203075434677,156.9381103515625,159.77593994140625,114.81131744384766,109.681640625,4.960362743250133,-18.00723828270142,-255.32623291015625,16.737589995632874,ABNOR_W,W11W24
WD_in_W11W24_0001_20201023_15.mp4,7159,0,0.9339731931686401,0.4243699014186859,0.31518423557281494,0.4258483946323395,0.30679529905319214,0.42312946915626526,0.3105705678462982,0.4228067696094513,0.2917059361934662,0.41377243399620056,0.29836735129356384,0.4050844609737396,0.27839305996894836,0.39058002829551697,0.3049027621746063,0.38985130190849304,0.33440902829170227,0.3734401762485504,0.37331363558769226,0.3917331397533417,0.3876517415046692,0.38116738200187683,0.4208792746067047,0.36595240235328674,0.3374735414981842,0.3503832221031189,0.3528802692890167,0.3898084759712219,0.4136795997619629,0.37533703446388245,0.44560176134109497,0.3892887830734253,0.49401772022247314,0.3777158856391907,0.5429880023002625,0.3865885416666667,0.4115740740740741,0.10911458333333333,0.31851851851851853,0.6090116279069767,0.7511724829673767,0.8823529411764706,127.20287216064244,134.20675956235667,150.89836065378117,150.24395751953125,156.9178924560547,101.24231719970703,98.3079833984375,37.997254191221835,-27.598194181845276,-64.78414916992188,19.478630798237845,ABNOR_W,W11W24
WD_in_W11W24_0001_20201023_15.mp4,7280,0,0.9205579161643982,0.43231695890426636,0.37250128388404846,0.4351687431335449,0.3681640625,0.43204861879348755,0.36633002758026123,0.43614065647125244,0.3623720705509186,0.4250802993774414,0.3549579083919525,0.421676367521286,0.3608812987804413,0.40044042468070984,0.3516336977481842,0.4251995384693146,0.4018798768520355,0.37430426478385925,0.38548117876052856,0.43873560428619385,0.4466553032398224,0.3819110691547394,0.42047595977783203,0.36785098910331726,0.37870869040489197,0.35188159346580505,0.37651005387306213,0.39397966861724854,0.43318694829940796,0.3840797245502472,0.44482356309890747,0.38955774903297424,0.5081100463867188,0.38518813252449036,0.5290337204933167,0.39166666666666666,0.43148148148148147,0.1234375,0.24166666666666667,0.9080459770114943,0.8468953967094421,0.8823529411764706,103.20361851762776,-166.2363391036323,-175.57165907706022,133.55758666992188,141.38023376464844,60.100833892822266,66.11488342285156,11.692653313052775,17.348714132247554,-11.033447265625,23.999253643014683,ABNOR_W,W11W24
WD_in_W11W24_0001_20201023_15.mp4,7401,0,0.9268344640731812,0.37015390396118164,0.3159714341163635,0.3720209300518036,0.30743876099586487,0.3645007014274597,0.3131698668003082,0.3735034167766571,0.2920512855052948,0.3521139919757843,0.30486419796943665,0.3838483393192291,0.2884235978126526,0.34071528911590576,0.3131752610206604,0.405817449092865,0.3290431797504425,0.34276825189590454,0.36141231656074524,0.40550222992897034,0.3663744032382965,0.3624977171421051,0.40211668610572815,0.3878850042819977,0.3554336726665497,0.3627209961414337,0.369125097990036,0.4013717770576477,0.41142404079437256,0.37079277634620667,0.4316369891166687,0.4042057991027832,0.4888564944267273,0.3785867691040039,0.5137783885002136,0.37526041666666665,0.39837962962962964,0.090625,0.2884259259259259,0.5585874799357945,0.8755896091461182,0.9411764705882353,-159.3673175818201,162.1105843611445,162.98329798346776,160.54095458984375,176.64630126953125,162.9307861328125,157.96641540527344,23.605546882023678,-8.20231160108837,-100.02520751953125,262.57093609944786,ABNOR_W,W11W24
WD_in_W11W24_0001_20201023_15.mp4,7522,0,0.9254725575447083,0.34284505248069763,0.3192209303379059,0.3441637456417084,0.308646559715271,0.3362199664115906,0.31653934717178345,0.34902817010879517,0.2906700074672699,0.32667335867881775,0.3103852868080139,0.3690720796585083,0.29166433215141296,0.328553706407547,0.32085520029067993,0.3905088007450104,0.34866148233413696,0.3419516682624817,0.3675106465816498,0.372035413980484,0.38187700510025024,0.35996517539024353,0.3954819142818451,0.39131057262420654,0.35621100664138794,0.36334678530693054,0.3718394935131073,0.40978795289993286,0.42172181606292725,0.3605230450630188,0.43465396761894226,0.42909279465675354,0.5058692097663879,0.3738980293273926,0.514711320400238,0.3765625,0.4013888888888889,0.13489583333333333,0.29259259259259257,0.819620253164557,0.9223676919937134,1.0,-138.72995648283313,157.9399928517536,162.5483260020706,175.55792236328125,158.88880920410156,175.1427001953125,124.92820739746094,2.030859270289342,0.9338847477286094,-96.77731323242188,20.637361098986958,ABNOR_W,W11W24
WD_in_W11W24_0001_20201023_15.mp4,7643,0,0.8616728782653809,0.37532660365104675,0.4617881774902344,0.3778168559074402,0.4568253457546234,0.37212496995925903,0.45621398091316223,0.3828274607658386,0.4348717927932739,0.3653394877910614,0.4339006245136261,0.39546358585357666,0.4019082188606262,0.35898667573928833,0.4092516005039215,0.4142135977745056,0.46127843856811523,0.3758946359157562,0.4737486243247986,0.42407235503196716,0.5117360353469849,0.3883272111415863,0.5156713128089905,0.3877430558204651,0.35658979415893555,0.36342620849609375,0.3595064878463745,0.4036370515823364,0.4453898072242737,0.3703901469707489,0.4521549642086029,0.4134732186794281,0.5166702270507812,0.3796965479850769,0.51097571849823,0.390625,0.4321759259259259,0.1046875,0.23287037037037037,0.7992047713717694,0.6937509775161743,0.7058823529411765,3.5110947965550614,173.5393446206648,176.1401511481183,176.13258361816406,171.90127563476562,0.8008859753608704,16.626548767089844,21.21961510929806,-3.1980562245518023,224.0784912109375,142.2410512793882,ABNOR_W,W11W24
WD_in_W11W24_0001_20201023_15.mp4,7764,0,0.905918538570404,0.32580652832984924,0.36705049872398376,0.32674700021743774,0.3585437536239624,0.31988587975502014,0.3662058413028717,0.3328450322151184,0.33733832836151123,0.3133831024169922,0.3571434020996094,0.35675373673439026,0.31619083881378174,0.3133348226547241,0.35686975717544556,0.38815394043922424,0.3232223093509674,0.32271522283554077,0.4032284915447235,0.3854920268058777,0.3636355996131897,0.33629927039146423,0.44708260893821716,0.37518948316574097,0.377325177192688,0.34737926721572876,0.3923853039741516,0.3819290101528168,0.45869356393814087,0.34689444303512573,0.46023422479629517,0.3881186842918396,0.548461377620697,0.36631128191947937,0.532400906085968,0.3494791666666667,0.4372685185185185,0.11041666666666666,0.2884259259259259,0.680577849117175,0.8874802589416504,0.9411764705882353,-136.01092678102034,152.21064492219892,163.05866110017618,178.61195373535156,153.7094268798828,160.18032836914062,119.6768569946289,39.23270956714285,14.343163445647294,-38.458221435546875,139.5220215775754,ABNOR_W,W11W24
WD_in_W11W24_0001_20201023_15.mp4,7885,0,0.9124912619590759,0.36975350975990295,0.3847407400608063,0.3732183575630188,0.37730780243873596,0.363369882106781,0.3811526298522949,0.37786343693733215,0.35962432622909546,0.3514712452888489,0.3678235709667206,0.3847340941429138,0.3410027325153351,0.32977294921875,0.3607334792613983,0.39655447006225586,0.35212844610214233,0.31382736563682556,0.41590362787246704,0.38643312454223633,0.3834913372993469,0.3338639438152313,0.46147075295448303,0.3723543584346771,0.4051113426685333,0.3397120237350464,0.41410455107688904,0.3857737183570862,0.48628664016723633,0.3403446078300476,0.49636054039001465,0.3903271555900574,0.5779284834861755,0.3514222204685211,0.5755019187927246,0.360546875,0.4638888888888889,0.10755208333333334,0.30277777777777776,0.6314984709480123,0.802524745464325,0.9411764705882353,177.88483466550667,168.58353834845067,171.1907951674345,168.67042541503906,166.80966186523438,144.6751251220703,162.4652557373047,17.707218482014724,13.24067628283262,-53.71319580078125,313.895761446527,ABNOR_W,W11W24
WD_in_W11W24_0001_20201023_15.mp4,8006,0,0.9139898419380188,0.3875749409198761,0.4939327538013458,0.391620934009552,0.48749661445617676,0.3820889890193939,0.4876481294631958,0.39908915758132935,0.4687269330024719,0.36958014965057373,0.46787264943122864,0.40801602602005005,0.4445934295654297,0.34569260478019714,0.43823301792144775,0.41920149326324463,0.5149421095848083,0.33266592025756836,0.48536285758018494,0.41624194383621216,0.5870943069458008,0.3519415855407715,0.5262327194213867,0.3845931887626648,0.4229271709918976,0.3429793417453766,0.4237765967845917,0.4088849127292633,0.5131744146347046,0.34403595328330994,0.5264347791671753,0.41562873125076294,0.5965657234191895,0.3575907349586487,0.6115013957023621,0.370703125,0.5034722222222222,0.12109375,0.2865740740740741,0.7512116316639742,0.7415624856948853,0.7647058823529411,52.137485161933355,-176.71449599557792,179.3421857010937,162.60910034179688,165.23204040527344,36.939212799072266,17.40373420715332,23.27835785139027,7.3537006808118655,152.4547119140625,125.74734950357332,ABNOR_W,W11W24
WD_in_W11W24_0001_20201023_15.mp4,8127,0,0.9297616481781006,0.37858304381370544,0.4071183204650879,0.38242006301879883,0.4000593423843384,0.37266936898231506,0.40297555923461914,0.3884969651699066,0.381191611289978,0.3608234226703644,0.3874439597129822,0.3961166441440582,0.36679208278656006,0.3384525179862976,0.3816424310207367,0.4083452522754669,0.4143388867378235,0.3249225914478302,0.44499140977859497,0.3986019194126129,0.46243345737457275,0.3406788110733032,0.49794188141822815,0.37937265634536743,0.43771669268608093,0.34542912244796753,0.44777512550354004,0.4016904830932617,0.5107601881027222,0.3446287214756012,0.5307551622390747,0.4117511808872223,0.5935266017913818,0.3567848205566406,0.6152613162994385,0.37591145833333334,0.49074074074074076,0.12213541666666666,0.3194444444444444,0.6797101449275362,0.83167964220047,0.9411764705882353,172.77946453214147,171.75736602046084,170.53667712258843,163.68385314941406,164.67269897460938,128.7220458984375,168.3954620361328,8.423006260054152,10.376792985199407,-76.95562744140625,120.64197937020812,ABNOR_W,W11W24
WD_in_W11W24_0001_20201023_15.mp4,8248,0,0.921042263507843,0.4420136511325836,0.4234185814857483,0.44200509786605835,0.413711279630661,0.4393403232097626,0.4211287498474121,0.438107430934906,0.3933025002479553,0.4253019392490387,0.40933558344841003,0.4294069707393646,0.36754047870635986,0.391446590423584,0.41442710161209106,0.4257146716117859,0.41803833842277527,0.3768254220485687,0.4932081401348114,0.42718786001205444,0.4643782675266266,0.39353883266448975,0.54090416431427,0.39838939905166626,0.42022478580474854,0.3674841821193695,0.44787004590034485,0.4292730689048767,0.5019153356552124,0.38442057371139526,0.5532993674278259,0.447520911693573,0.5847848653793335,0.39177951216697693,0.6385461091995239,0.4078125,0.5048611111111111,0.13541666666666666,0.3347222222222222,0.719225449515906,0.8059630393981934,0.8823529411764706,131.38545769670972,145.2095928350163,153.29001233829058,167.47357177734375,172.7862548828125,99.78901672363281,112.19503021240234,31.26296460555354,-4.652985964392954,-22.958251953125,41.39400683543175,ABNOR_W,W11W24
WD_in_W11W24_0001_20201023_15.mp4,8369,0,0.9383853673934937,0.5111837387084961,0.46018916368484497,0.5133939981460571,0.45519503951072693,0.5108567476272583,0.4553665220737457,0.515622615814209,0.4411737620830536,0.5031886100769043,0.43844515085220337,0.504831075668335,0.42605581879615784,0.4658571183681488,0.41511639952659607,0.508076012134552,0.47218212485313416,0.41578802466392517,0.4298049807548523,0.5214107036590576,0.5198338627815247,0.41919583082199097,0.4984978437423706,0.4524461627006531,0.43185290694236755,0.42111217975616455,0.43657687306404114,0.47896823287010193,0.49384579062461853,0.4364645183086395,0.5366635918617249,0.48214855790138245,0.5706290602684021,0.43357419967651367,0.6276726722717285,0.467578125,0.5122685185185185,0.14296875,0.30694444444444446,0.8280542986425339,0.8023821711540222,0.8823529411764706,98.97037755643065,-171.02788214813884,175.15273148770464,146.95555114746094,161.51515197753906,56.306190490722656,89.84474182128906,56.98713354964872,0.08960995072919248,56.10443115234375,32.41508014027907,ABNOR_W,W11W24
WD_in_W11W24_0001_20201023_15.mp4,8490,0,0.9290869235992432,0.501563310623169,0.36159956455230713,0.5045321583747864,0.3521038889884949,0.5004929304122925,0.35393667221069336,0.5016967058181763,0.3334561884403229,0.48662319779396057,0.3339878022670746,0.4817239046096802,0.33597615361213684,0.4468115270137787,0.35283035039901733,0.46536287665367126,0.3983229696750641,0.4196569621562958,0.4237348735332489,0.46984466910362244,0.4535634517669678,0.43094751238822937,0.48974716663360596,0.4483405351638794,0.41765525937080383,0.42047062516212463,0.4335809051990509,0.47418415546417236,0.48454922437667847,0.43503841757774353,0.5258585810661316,0.4788111746311188,0.571465253829956,0.4339540898799896,0.6265401244163513,0.45989583333333334,0.47337962962962965,0.13020833333333334,0.38935185185185184,0.5945303210463734,0.8143253922462463,0.8823529411764706,146.82828432543425,164.80765947339904,162.18115762590807,150.9242706298828,163.2260284423828,109.51564025878906,134.21290588378906,22.047917161084303,-4.598593936219198,-138.27999877929688,47.857906769003606,ABNOR_W,W11W24
WD_in_W11W24_0001_20201023_15.mp4,8611,0,0.8857530951499939,0.48512813448905945,0.3859768211841583,0.48536646366119385,0.3760487139225006,0.4820502698421478,0.38351374864578247,0.48064833879470825,0.3534662127494812,0.4679493308067322,0.36926034092903137,0.4696391522884369,0.3344777524471283,0.43458205461502075,0.3770463764667511,0.47456324100494385,0.3581661880016327,0.4093019664287567,0.44307979941368103,0.48811712861061096,0.39292508363723755,0.4253736436367035,0.49739378690719604,0.44564288854599,0.41031673550605774,0.4214661717414856,0.43698060512542725,0.47418853640556335,0.47975555062294006,0.433617502450943,0.5341209769248962,0.4800850749015808,0.571073591709137,0.43429213762283325,0.6294350624084473,0.45169270833333336,0.48657407407407405,0.11848958333333333,0.3638888888888889,0.5788804071246819,0.6997095346450806,0.7647058823529411,154.08317928156015,145.66597031916322,148.18591140593367,150.38812255859375,168.1833038330078,114.48151397705078,146.20411682128906,10.522518398691822,-1.0537371235021364,-81.37115478515625,7.254894956125895,ABNOR_W,W11W24
WD_in_W11W24_0001_20201023_15.mp4,8732,0,0.921561062335968,0.5294205546379089,0.39399150013923645,0.5314017534255981,0.38556239008903503,0.5273001194000244,0.3904307186603546,0.5291048288345337,0.36269015073776245,0.5133412480354309,0.3712333142757416,0.5142122507095337,0.34530290961265564,0.4757850766181946,0.37438827753067017,0.5008618235588074,0.38401728868484497,0.44946736097335815,0.4418237507343292,0.5046477317810059,0.4291137158870697,0.45718395709991455,0.5000032782554626,0.4865795373916626,0.41586753726005554,0.4565194547176361,0.43393126130104065,0.508843719959259,0.5044648051261902,0.458327978849411,0.5339244604110718,0.5062974691390991,0.6012229919433594,0.4520196318626404,0.6304080486297607,0.4921875,0.49212962962962964,0.121875,0.3675925925925926,0.5894206549118388,0.7572692036628723,0.8823529411764706,147.34767425967922,156.93792209198568,161.32384090081422,153.24876403808594,171.52825927734375,121.08293914794922,148.25018310546875,38.63322645446494,0.6692020320821465,-66.76101684570312,6.735505021880925,ABNOR_W,W11W24
WD_in_W11W24_0001_20201023_15.mp4,8853,0,0.8560015559196472,0.5376994609832764,0.52949458360672,0.5372800230979919,0.5252621173858643,0.5378477573394775,0.5252828598022461,0.538053572177887,0.5064700245857239,0.5343068838119507,0.5059865713119507,0.5426942706108093,0.48140835762023926,0.5119231939315796,0.4705773591995239,0.5540256500244141,0.5405101776123047,0.502423882484436,0.525576114654541,0.5558494329452515,0.5985870957374573,0.5054194927215576,0.5760961174964905,0.48223620653152466,0.44131532311439514,0.45970478653907776,0.4337661862373352,0.5041333436965942,0.5354865789413452,0.47426456212997437,0.5481878519058228,0.5024992823600769,0.6086812615394592,0.47050222754478455,0.6351594924926758,0.502734375,0.5398148148148149,0.14348958333333334,0.2972222222222222,0.8582554517133957,0.6616729497909546,0.7058823529411765,68.99728521683755,-168.80071273530638,-169.3269146822746,155.26809692382812,162.85557556152344,47.08415985107422,55.62338638305664,27.408699826497344,6.762092216230962,198.6202392578125,78.35038904284167,ABNOR_W,W11W24
